GEOID,tract_name,latitude,longitude,population,land_sq_miles,population_density,median_income,households,no_vehicle_households,no_vehicle_pct,transit_stops,transit_stops_per_sq_mile,economic_score,activity_score,mobility_need_score,transit_supply_score,mobility_score,mismatch_raw,mismatch_severity_raw,mismatch_score,distance_to_nrg_miles,nrg_proximity_score,fifa_relevance,legacy_priority,corridor_type,priority_reason
48201323701,Census Tract 3237.01; Harris County; Texas,29.657744918639214,-95.1787720971113,4269.0,0.8923623976405691,4783.930846130848,52310.0,1664.0,140.0,8.413461538461538,0,0.0,15.245624091520032,19.51687936445406,26.28487815596568,0.0,22.114536553210293,-2.5976571887562336,0.0,0.0,14.076501891809896,29.61749054095052,20.732243378665363,0.0,Lower Priority,Lower mismatch and/or FIFA relevance relative to other Harris County tracts.
48201241103,Census Tract 2411.03; Harris County; Texas,30.047708713922873,-95.37946622326625,5775.0,1.0741547379686944,5376.320371607679,90789.0,2093.0,73.0,3.487816531294792,0,0.0,39.623169609280104,22.169327169587362,10.896446383733066,0.0,26.73106608488008,-4.561738915292718,0.0,0.0,25.080458557030035,0.0,0.0,0.0,Lower Priority,Lower mismatch and/or FIFA relevance relative to other Harris County tracts.
48201450801,Census Tract 4508.01; Harris County; Texas,29.7601833177898,-95.56872220434528,2244.0,0.348762990994123,6434.168928313307,79193.0,1021.0,42.0,4.113614103819784,2,5.734553412043946,32.2767724101859,26.905886412660983,12.85152906509115,9.882397434112876,33.062219484351665,-6.156333071690682,0.0,0.0,10.8332922626798,45.833538686601,35.048196310854564,0.0,Lower Priority,Lower mismatch and/or FIFA relevance relative to other Harris County tracts.
48201454302,Census Tract 4543.02; Harris County; Texas,29.71492179652243,-95.67015058060645,5877.0,1.0619458016134236,5534.180737916212,73447.0,2114.0,35.0,1.6556291390728477,2,1.8833352860017738,28.636517295836526,22.87615327660803,5.172426354248686,3.2455653406015466,30.720167832146476,-7.844014555538447,0.0,0.0,15.745345980448521,21.27327009775739,15.864958670610637,0.0,Lower Priority,Lower mismatch and/or FIFA relevance relative to other Harris County tracts.
48201451902,Census Tract 4519.02; Harris County; Texas,29.722516200954814,-95.59870450607404,2520.0,0.7944712146701931,3171.921088476593,127014.0,893.0,12.0,1.3437849944008957,8,10.06959075706855,62.57274174943079,12.299041169050767,4.198179867367802,17.35299869231707,40.887645124411605,-28.58860395536084,0.0,0.0,11.604878070383167,41.975609648084166,34.58882636135404,0.0,Lower Priority,Lower mismatch and/or FIFA relevance relative to other Harris County tracts.
48201453403,Census Tract 4534.03; Harris County; Texas,29.669761163266042,-95.58513140111218,3977.0,0.26404986079695913,15061.549314953474,33510.0,1461.0,128.0,8.761122518822724,1,3.78716351897246,3.3352871354169804,65.53532732347743,27.37102164953281,6.526446325158497,26.357205932751103,39.17812139072633,39.17812139072633,86.34405584706558,10.545223025654781,47.27388487172609,35.04965330775581,30.263292226251547,High-Intensity / Mobility Gap,"High population density and mobility mismatch, combined with strong FIFA relevance."
48201453601,Census Tract 4536.01; Harris County; Texas,29.68223360586984,-95.591578011854,1596.0,0.46230791377828545,3452.2446024261935,57862.0,475.0,29.0,6.105263157894736,5,10.815302639179805,18.762974664939403,13.554200920068268,19.07373053074105,18.638089380440434,37.32454340708599,-23.77034248701772,0.0,0.0,10.88341369724558,45.58293151377211,37.4994788737726,0.0,Lower Priority,Lower mismatch and/or FIFA relevance relative to other Harris County tracts.
48201453501,Census Tract 4535.01; Harris County; Texas,29.664033168013766,-95.5899659544264,5876.0,0.5913509772063417,9936.569358115175,53196.0,2053.0,191.0,9.303458353628837,2,3.382086234892844,15.806930397004463,42.58802448768549,29.06535771707479,5.82837370726322,25.360254279961815,17.227770207723673,17.227770207723673,37.96801633495903,10.879653776346128,45.60173111826936,33.66972389496752,12.783726268376872,High-Intensity / Mobility Gap,"High population density and mobility mismatch, combined with strong FIFA relevance."
48201453502,Census Tract 4535.02; Harris County; Texas,29.671152544802922,-95.59823980579725,3616.0,0.5048880320266634,7161.98398580586,61264.0,1053.0,17.0,1.6144349477682813,4,7.92254865686489,20.918238831144855,30.164707456525974,5.043729706118283,13.65298548859972,38.043970930184315,-7.879263473658341,0.0,0.0,11.322061015380486,43.389694923097565,34.46868209274821,0.0,Lower Priority,Lower mismatch and/or FIFA relevance relative to other Harris County tracts.
48201553401,Census Tract 5534.01; Harris County; Texas,30.041159802425504,-95.44376650046938,4462.0,1.413349731371977,3157.0388425153733,112465.0,1427.0,36.0,2.522775052557814,0,0.0,53.355534708242324,12.232405317237696,7.8815163732854545,0.0,27.635545088014364,-15.403139770776669,0.0,0.0,24.639602145170397,0.0,0.0,0.0,Lower Priority,Lower mismatch and/or FIFA relevance relative to other Harris County tracts.
48201553801,Census Tract 5538.01; Harris County; Texas,30.041918877766047,-95.5055064856837,2642.0,1.4284528895076818,1849.5534710357642,129226.0,905.0,9.0,0.9944751381215469,0,0.0,63.974106927457385,6.378087246651496,3.106885045491255,0.0,29.067934486352623,-22.689847239701127,0.0,0.0,25.262125006443167,0.0,0.0,0.0,Lower Priority,Lower mismatch and/or FIFA relevance relative to other Harris County tracts.
48201553403,Census Tract 5534.03; Harris County; Texas,30.057675205657414,-95.463466943393,8462.0,2.5670824408292208,3296.349141505015,82903.0,2920.0,149.0,5.102739726027397,0,0.0,34.62716337333177,12.85617275554631,15.941701444416601,0.0,25.21748956667502,-12.36131681112871,0.0,0.0,25.89211585771361,0.0,0.0,0.0,Lower Priority,Lower mismatch and/or FIFA relevance relative to other Harris County tracts.
48201454502,Census Tract 4545.02; Harris County; Texas,29.741616932130242,-95.71581185148669,2216.0,2.901998650111536,763.6116577500234,192174.0,732.0,2.0,0.273224043715847,0,0.0,100.0,1.5157393230724514,0.8535916715754663,0.0,29.743922498527358,-28.228183175454905,0.0,0.0,18.765935150428973,6.17032424785513,4.319226973498591,0.0,Lower Priority,Lower mismatch and/or FIFA relevance relative to other Harris County tracts.
48201455102,Census Tract 4551.02; Harris County; Texas,29.766253140960057,-95.77123944013579,2886.0,0.6130456713926832,4707.642733116026,106012.0,840.0,5.0,0.5952380952380952,0,0.0,49.2673749009161,19.17529628571706,1.8596104273608371,0.0,29.442116871791747,-10.266820586074687,0.0,0.0,22.399402491187143,0.0,0.0,0.0,Lower Priority,Lower mismatch and/or FIFA relevance relative to other Harris County tracts.
48201511302,Census Tract 5113.02; Harris County; Texas,29.79739949164641,-95.39352379325149,4961.0,0.6133468310763462,8088.408953371571,170768.0,2373.0,190.0,8.006742520016855,27,44.020770356991015,90.29215042907616,34.31281232023439,25.01422875742011,75.86131242756072,75.59865007206646,-41.28583775183207,0.0,0.0,7.832935054656197,60.83532472671902,65.34312103697152,0.0,Established Urban Hub,High urban activity with comparatively balanced mobility capacity.
48201520601,Census Tract 5206.01; Harris County; Texas,29.816796062688336,-95.49267637523104,2658.0,0.7586320540078076,3503.674786687361,43147.0,935.0,174.0,18.609625668449198,15,19.772431076113776,9.440601882542785,13.78448162810633,58.13917862311443,34.073973698174186,36.410028001787595,-22.625546373681267,0.0,0.0,10.349937330776642,48.25031334611679,43.99741145173401,0.0,Lower Priority,Lower mismatch and/or FIFA relevance relative to other Harris County tracts.
48201554001,Census Tract 5540.01; Harris County; Texas,30.00991259507704,-95.52582848420029,3566.0,1.2924387516071416,2759.124945430254,76563.0,1294.0,139.0,10.741885625965997,0,0.0,30.610592293454463,10.450729920283456,33.559213832867286,0.0,19.932235850139815,-9.48150592985636,0.0,0.0,23.449799319066244,0.0,0.0,0.0,Lower Priority,Lower mismatch and/or FIFA relevance relative to other Harris County tracts.
48201212300,Census Tract 2123; Harris County; Texas,29.775201814979987,-95.35496488120447,4731.0,1.2623444049617094,3747.7886236153636,65176.0,1920.0,376.0,19.583333333333332,65,51.49149451173084,23.396602563712683,14.877511101308372,61.18118306017154,88.73566547878664,73.76061091709919,-58.883099815790814,0.0,0.0,7.078767128437264,64.60616435781368,71.84501469410557,0.0,Lower Priority,Lower mismatch and/or FIFA relevance relative to other Harris County tracts.
48201212400,Census Tract 2124; Harris County; Texas,29.78751157395172,-95.28462154567444,2871.0,3.136859959927003,915.2464683398905,42344.0,892.0,84.0,9.417040358744394,34,10.838864480514204,8.931878447662426,2.1946902552435645,29.420204429278172,18.6786936722859,34.24902424181668,-32.05433398657311,0.0,0.0,10.3747627061011,48.126186469494506,39.29193863033193,0.0,Lower Priority,Lower mismatch and/or FIFA relevance relative to other Harris County tracts.
48201250701,Census Tract 2507.01; Harris County; Texas,30.012364517474314,-95.22293223892783,7051.0,6.772754643157167,1041.0830410228957,130218.0,2255.0,48.0,2.12860310421286,0,0.0,64.60256726046028,2.758128544855235,6.650065847555561,0.0,28.00498024573333,-25.246851700878093,0.0,0.0,25.2340772385225,0.0,0.0,0.0,Lower Priority,Lower mismatch and/or FIFA relevance relative to other Harris County tracts.
48201250702,Census Tract 2507.02; Harris County; Texas,30.00326236633293,-95.17840124008607,4136.0,1.171562907138734,3530.3268606388406,111364.0,1574.0,52.0,3.303684879288437,0,0.0,52.6580197620365,13.903817355722289,10.321192308401697,0.0,26.90364230747949,-12.999824951757201,0.0,0.0,26.00600728988341,0.0,0.0,0.0,Lower Priority,Lower mismatch and/or FIFA relevance relative to other Harris County tracts.
48201251503,Census Tract 2515.03; Harris County; Texas,30.073632816324285,-95.18505992925958,2767.0,0.35711862780714004,7748.1256494251065,139571.0,858.0,19.0,2.2144522144522143,0,0.0,70.52795989612154,32.78918021018013,6.918270960531226,0.0,27.92451871184063,4.864661498339498,4.864661498339498,10.721152244658665,30.02490849819927,0.0,0.0,0.0,Established Urban Hub,High urban activity with comparatively balanced mobility capacity.
48201251402,Census Tract 2514.02; Harris County; Texas,30.073209760259402,-95.20131215244656,6730.0,1.0307734577413408,6529.077703210327,59179.0,2651.0,27.0,1.018483591097699,0,0.0,19.59733178042811,27.330844250092117,3.181890946250003,0.0,29.045432716124996,-1.714588466032879,0.0,0.0,29.571214764510664,0.0,0.0,0.0,Lower Priority,Lower mismatch and/or FIFA relevance relative to other Harris County tracts.
48201251902,Census Tract 2519.02; Harris County; Texas,29.90810922230465,-95.09618929102768,7899.0,6.366679806055479,1240.6780677877189,122281.0,2411.0,27.0,1.1198672749896308,0,0.0,59.57425106787571,3.6518232641056088,3.4986283278758843,0.0,28.950411501637234,-25.298588237531625,0.0,0.0,24.37240970804486,0.0,0.0,0.0,Lower Priority,Lower mismatch and/or FIFA relevance relative to other Harris County tracts.
48201511001,Census Tract 5110.01; Harris County; Texas,29.799064980339455,-95.44216991139886,3593.0,0.8764912823115234,4099.299185867969,97589.0,1747.0,79.0,4.5220377790498,13,14.83186457452925,43.93116382744503,16.451413709693643,14.12750405949229,25.559859658224816,43.65365054290968,-27.202236833216038,0.0,0.0,8.103412656183533,59.48293671908233,49.306013600825075,0.0,Lower Priority,Lower mismatch and/or FIFA relevance relative to other Harris County tracts.
48201522302,Census Tract 5223.02; Harris County; Texas,29.7894965152788,-95.53806528720767,3259.0,0.5001073150995909,6516.601340556287,61620.0,1486.0,26.0,1.7496635262449527,12,23.99484998056933,21.14377499903702,27.274980837059758,5.466203463467116,41.35049878197639,57.30548810834334,-30.030507271283582,0.0,0.0,10.525452618026522,47.372736909867385,45.56606547150008,0.0,Lower Priority,Lower mismatch and/or FIFA relevance relative to other Harris County tracts.
48201522202,Census Tract 5222.02; Harris County; Texas,29.800452997110753,-95.53788925340915,4088.0,0.6828139453391446,5986.989615406206,61204.0,1244.0,91.0,7.315112540192927,13,19.038861301438523,20.880227117455167,24.903623144979605,22.853476055862124,32.809807591748545,46.110822497465335,-21.20719935248573,0.0,0.0,11.049337608520801,44.753311957395994,41.17026064770175,0.0,Lower Priority,Lower mismatch and/or FIFA relevance relative to other Harris County tracts.
48201522301,Census Tract 5223.01; Harris County; Texas,29.790245931356427,-95.52689854366409,4012.0,0.5350862401527438,7497.856791934603,57438.0,1610.0,407.0,25.279503105590063,8,14.950861000866606,18.494358554865588,31.66859138611276,78.976846323742,25.764927061701272,24.34239504606829,7.3261963400444685,7.3261963400444685,16.146090814887835,10.08458018055132,49.57709909724339,42.43344748658075,6.851342967071066,Established Urban Hub,High urban activity with comparatively balanced mobility capacity.
48201522201,Census Tract 5222.01; Harris County; Texas,29.805881069733267,-95.53329650748375,5184.0,0.6288109947302883,8244.130658407998,73152.0,1294.0,73.0,5.641421947449768,14,22.264241747243823,28.449626370195553,35.01006248582942,17.62462309208138,38.36812907755422,51.57030342666354,-16.56024094083412,0.0,0.0,11.1374364471174,44.312817764413005,42.529411158355366,0.0,Established Urban Hub,High urban activity with comparatively balanced mobility capacity.
48201532502,Census Tract 5325.02; Harris County; Texas,29.886023111828205,-95.50027424484797,5785.0,1.0407688704216875,5558.390690198195,66204.0,1779.0,33.0,1.854974704890388,0,0.0,24.04786992492938,22.984554306725908,5.795210910223992,0.0,28.261436726932804,-5.276882420206896,0.0,0.0,14.878930916738572,25.605345416307145,17.923741791415,0.0,Lower Priority,Lower mismatch and/or FIFA relevance relative to other Harris County tracts.
48201522500,Census Tract 5225; Harris County; Texas,29.78995427886587,-95.50118616666295,5510.0,1.4882732413392972,3702.2771403465877,,1666.0,28.0,1.680672268907563,8,5.375357009577622,,14.673731613804003,5.250664736077658,9.26339167184715,34.90917474946971,-20.23544313566571,0.0,0.0,9.065959590100825,54.67020204949588,41.048158936201254,0.0,Lower Priority,Lower mismatch and/or FIFA relevance relative to other Harris County tracts.
48201314001,Census Tract 3140.01; Harris County; Texas,29.698934632334645,-95.39239101621689,3169.0,0.5428916813898379,5837.260191364794,62500.0,1590.0,231.0,14.528301886792452,28,51.57566593821844,21.70128013315248,24.23320365732435,45.38852922328262,88.88071870776166,78.59994432844837,-54.36674067112402,0.0,0.0,1.474713137856515,92.62643431071741,91.5027196298307,0.0,Lower Priority,Lower mismatch and/or FIFA relevance relative to other Harris County tracts.
48201320602,Census Tract 3206.02; Harris County; Texas,29.67799724344646,-95.25845711780474,4365.0,0.5847158116117898,7465.164979834774,52061.0,1493.0,196.0,13.127930341594105,11,18.812557795689006,15.087875479707815,31.52221248925394,41.01356473686379,32.419817121025446,40.38980256365867,-8.867590074404731,0.0,0.0,9.17029673180382,54.148516340980905,47.629906574994266,0.0,Established Urban Hub,High urban activity with comparatively balanced mobility capacity.
48201321401,Census Tract 3214.01; Harris County; Texas,29.66552283764026,-95.22670466251324,3726.0,0.7988225859969664,4664.364860627701,52548.0,1074.0,10.0,0.931098696461825,1,1.251842420995089,15.396403889155804,18.98151787986139,2.9088878193353875,2.1573091120178605,30.637450032611884,-11.655932152750495,0.0,0.0,11.147987778890926,44.26006110554537,31.629235507487113,0.0,Lower Priority,Lower mismatch and/or FIFA relevance relative to other Harris County tracts.
48201323702,Census Tract 3237.02; Harris County; Texas,29.645319469528026,-95.17661731550074,3622.0,0.40922427240891873,8850.89239374517,66084.0,1210.0,45.0,3.71900826446281,0,0.0,23.97184649755,37.726862435724726,11.618723000700767,0.0,26.514383099789768,11.212479335934958,11.212479335934958,24.71100980853049,14.34289336805712,28.285533159714404,19.799873211800083,4.89274861144452,High-Intensity / Mobility Gap,"High population density and mobility mismatch, combined with strong FIFA relevance."
48201340203,Census Tract 3402.03; Harris County; Texas,29.608272381511735,-95.10068968040767,4608.0,4.410209434713648,1044.8483384325248,135756.0,2027.0,0.0,0.0,0,0.0,68.11104843401871,2.7749878146774107,0.0,0.0,30.0,-27.22501218532259,0.0,0.0,19.384085299765182,3.0795735011740932,2.1557014508218653,0.0,Lower Priority,Lower mismatch and/or FIFA relevance relative to other Harris County tracts.
48201342002,Census Tract 3420.02; Harris County; Texas,29.63894026049993,-95.15278104784394,4221.0,1.3867843584556225,3043.732051247442,81197.0,1693.0,57.0,3.3668044890726523,0,0.0,33.546363647421565,11.725069625298493,10.51838715440483,0.0,26.84448385367855,-15.119414228380057,0.0,0.0,15.83547183790514,20.8226408104743,14.57584856733201,0.0,Lower Priority,Lower mismatch and/or FIFA relevance relative to other Harris County tracts.
48201534001,Census Tract 5340.01; Harris County; Texas,29.906724341356938,-95.48427206249373,3341.0,1.499987580829475,2227.3517745743384,68889.0,1064.0,29.0,2.725563909774436,14,9.333410608811954,25.748894112543034,8.069694268563923,8.515058272652254,16.084334110190046,38.70451639533735,-30.63482212677343,0.0,0.0,15.923222226419778,20.383888867901113,19.094022440587793,0.0,Lower Priority,Lower mismatch and/or FIFA relevance relative to other Harris County tracts.
48201533902,Census Tract 5339.02; Harris County; Texas,29.930391320001213,-95.5011573945846,5511.0,0.7478227379772533,7369.393467369575,32020.0,1967.0,350.0,17.793594306049823,11,14.709368198342466,2.391329578789664,31.09339170983833,55.589777899754566,25.348760765820405,31.067199166147912,0.026192543690417125,0.026192543690417125,0.05772534197408983,17.779043985062156,11.104780074689224,15.377974282028577,0.008876988242988581,Lower Priority,Lower mismatch and/or FIFA relevance relative to other Harris County tracts.
48201550603,Census Tract 5506.03; Harris County; Texas,29.957662239585247,-95.47006837024486,5031.0,0.6730123559423861,7475.345668736406,69919.0,1461.0,121.0,8.281998631074607,7,10.400997750179853,26.401428530882725,31.56779693119717,25.87416890307399,17.924114764144335,34.78462966397883,-3.216832732781665,0.0,0.0,19.141884192736214,4.290579036318931,8.380639754666552,0.0,Established Urban Hub,High urban activity with comparatively balanced mobility capacity.
48201550601,Census Tract 5506.01; Harris County; Texas,29.95726288587806,-95.4585520440816,7107.0,0.7858769667231967,9043.400304291197,70445.0,2177.0,17.0,0.7808911345888837,0,0.0,26.73466455422901,38.588824308510375,2.4396175381454066,0.0,29.268114738556374,9.320709569954001,9.320709569954001,20.541767677326263,18.997853473930427,5.010732630347869,3.507512841243508,0.7205051391006269,Established Urban Hub,High urban activity with comparatively balanced mobility capacity.
48201331602,Census Tract 3316.02; Harris County; Texas,29.629279276648564,-95.32289503762217,3337.0,2.3343153491216877,1429.5412148386822,67520.0,1223.0,35.0,2.8618152085036797,10,4.2839113420398025,24.881593511856597,4.497465562494778,8.940727156894294,7.382495446921257,32.48552866577659,-27.988063103281814,0.0,0.0,6.518764335211972,67.40617832394014,49.39907346083447,0.0,Lower Priority,Lower mismatch and/or FIFA relevance relative to other Harris County tracts.
48201552602,Census Tract 5526.02; Harris County; Texas,29.975236337520034,-95.57711326313655,8045.0,2.013040129100677,3996.4429340979373,68064.0,3202.0,195.0,6.089943785134292,4,1.9870443426217215,25.226233049309787,15.990870726540694,19.025870580993452,3.4242879091075284,26.689240362077232,-10.698369635536539,0.0,0.0,22.37563826049377,0.0,1.0272863727322585,0.0,Lower Priority,Lower mismatch and/or FIFA relevance relative to other Harris County tracts.
48201320601,Census Tract 3206.01; Harris County; Texas,29.68405708348408,-95.26221719846056,2104.0,0.5259510630816295,4000.3721784919207,36291.0,751.0,89.0,11.8508655126498,1,1.9013175753288598,5.09713006493414,16.008464075545753,37.02382837536516,3.276554350056448,21.186439532429965,-5.177975456884212,0.0,0.0,8.932313790523692,55.33843104738154,39.71986803818401,0.0,Lower Priority,Lower mismatch and/or FIFA relevance relative to other Harris County tracts.
48201350601,Census Tract 3506.01; Harris County; Texas,29.554584553475358,-95.17262859864806,3863.0,5.139712783574538,751.598418562483,97700.0,1638.0,78.0,4.761904761904762,1,0.19456340112929923,44.00148549777096,1.4619495638934983,14.876883418886697,0.3352925185166496,25.771639737295647,-24.30969017340215,0.0,0.0,16.90291932336484,15.48540338317579,10.940370123778047,0.0,Lower Priority,Lower mismatch and/or FIFA relevance relative to other Harris County tracts.
48201431401,Census Tract 4314.01; Harris County; Texas,29.74446596538722,-95.48399174157572,2729.0,0.1408369399628938,19377.018562878515,83304.0,1506.0,88.0,5.843293492695882,5,35.502049400656865,34.8812083264912,84.85801356706926,18.25529917536694,61.18093889681803,67.35006747516253,17.50794609190673,17.50794609190673,38.58549163321642,6.03203991272719,69.83980043636406,67.24214197450024,25.945711065566297,High-Intensity / Mobility Gap,"High population density and mobility mismatch, combined with strong FIFA relevance."
48201540502,Census Tract 5405.02; Harris County; Texas,29.846970972559042,-95.6308828631537,5191.0,1.605388064681343,3233.48610482561,96141.0,1623.0,40.0,2.4645717806531113,0,0.0,43.013814470400504,12.574700993313364,7.699680882233411,0.0,27.690095735329976,-15.115394742016612,0.0,0.0,17.32629496493695,13.36852517531526,9.35796762272068,0.0,Lower Priority,Lower mismatch and/or FIFA relevance relative to other Harris County tracts.
48201511301,Census Tract 5113.01; Harris County; Texas,29.797261339262747,-95.40544949490379,5065.0,0.6979923933957652,7256.526070948339,165743.0,2542.0,306.0,12.037765538945711,15,21.49020554081443,87.10866940756458,30.58802342590785,37.607731254825296,37.034226876161725,44.64163943686562,-14.053616010957768,0.0,0.0,7.761488627785822,61.19255686107089,53.94505786559814,0.0,Lower Priority,Lower mismatch and/or FIFA relevance relative to other Harris County tracts.
48201223001,Census Tract 2230.01; Harris County; Texas,29.91233010974857,-95.3191197594652,4050.0,1.1984190149804708,3379.4523863308345,69821.0,1067.0,124.0,11.62136832239925,15,12.51649031974383,26.33934273185623,13.228270859678506,36.30684575705807,21.569758433176347,34.20677717610602,-20.978506316427517,0.0,0.0,16.620106527116597,16.89946736441701,18.30055468504481,0.0,Lower Priority,Lower mismatch and/or FIFA relevance relative to other Harris County tracts.
48201330303,Census Tract 3303.03; Harris County; Texas,29.626635970932703,-95.4976109178233,4734.0,2.052826026027683,2306.089235024225,54203.0,2103.0,14.0,0.6657156443176415,7,3.4099333851224283,16.44489365842977,8.422244398453484,2.079792546434945,5.876362902969065,33.48951626814786,-25.067271869694373,0.0,0.0,6.584635245823689,67.07682377088156,48.71668551050781,0.0,Lower Priority,Lower mismatch and/or FIFA relevance relative to other Harris County tracts.
48201334003,Census Tract 3340.03; Harris County; Texas,29.605489953585963,-95.23047003209678,5903.0,1.0671944743566497,5531.325491128109,70917.0,2211.0,182.0,8.231569425599277,11,10.307399695478436,27.033690035254576,22.86336879485994,25.716620726813645,17.762816558485188,34.71898537289554,-11.855616578035598,0.0,0.0,12.141531626542687,39.29234186728656,32.833484274646146,0.0,Lower Priority,Lower mismatch and/or FIFA relevance relative to other Harris County tracts.
48201343301,Census Tract 3433.01; Harris County; Texas,29.684781386871684,-95.06519989562679,4540.0,4.448001500093941,1020.6831090106683,97161.0,1528.0,22.0,1.4397905759162304,0,0.0,43.66001360312524,2.6667870329553636,4.498115274558674,0.0,28.650565417632397,-25.983778384677034,0.0,0.0,20.782930251745974,0.0,0.0,0.0,Lower Priority,Lower mismatch and/or FIFA relevance relative to other Harris County tracts.
48201341501,Census Tract 3415.01; Harris County; Texas,29.577425479970454,-95.04068633457327,6275.0,1.4452776771683276,4341.7262295881765,79452.0,2624.0,39.0,1.486280487804878,0,0.0,32.44085630761306,17.536890498809775,4.6433565244162365,0.0,28.60699304267513,-11.070102543865353,0.0,0.0,23.463344861676507,0.0,0.0,0.0,Lower Priority,Lower mismatch and/or FIFA relevance relative to other Harris County tracts.
48201341502,Census Tract 3415.02; Harris County; Texas,29.561944841854817,-95.03602535813839,5013.0,1.1605983780404454,4319.323630680882,88125.0,2364.0,18.0,0.7614213197969544,0,0.0,37.935449521457834,17.436581965749365,2.3787910035275686,0.0,29.28636269894173,-11.849780733192365,0.0,0.0,24.084780006669067,0.0,0.0,0.0,Lower Priority,Lower mismatch and/or FIFA relevance relative to other Harris County tracts.
48201340302,Census Tract 3403.02; Harris County; Texas,29.596001108322312,-95.1128415593906,6889.0,1.3241083950594272,5202.74625982627,147031.0,2515.0,0.0,0.0,0,0.0,75.25408296487306,21.39214213841725,0.0,0.0,30.0,-8.607857861582751,0.0,0.0,18.938094786233144,5.3095260688342805,3.716668248183996,0.0,Lower Priority,Lower mismatch and/or FIFA relevance relative to other Harris County tracts.
48201551702,Census Tract 5517.02; Harris County; Texas,29.901529989360693,-95.56162401602012,4086.0,0.7998283821199695,5108.595907999579,120509.0,1481.0,13.0,0.8777852802160702,0,0.0,58.45163845690684,20.970580170632246,2.742328948923746,0.0,29.177301315322875,-8.20672114469063,0.0,0.0,17.477285279434298,12.61357360282851,8.829501521979957,0.0,Lower Priority,Lower mismatch and/or FIFA relevance relative to other Harris County tracts.
48201540602,Census Tract 5406.02; Harris County; Texas,29.872727673572953,-95.63441750623875,7518.0,1.0530473051654958,7139.280413255964,94141.0,2381.0,37.0,1.5539689206215874,0,0.0,41.746757347410814,30.063051301937175,4.854825038418715,0.0,28.543552488474386,1.5194988134627891,1.5194988134627891,3.348799936084648,18.67240066053899,6.637996697305049,4.646597688113534,0.15560526040965678,Lower Priority,Lower mismatch and/or FIFA relevance relative to other Harris County tracts.
48201330301,Census Tract 3303.01; Harris County; Texas,29.636131660734794,-95.4721681566479,7924.0,1.2298010123246421,6443.318813847445,71852.0,2199.0,82.0,3.728967712596635,7,5.691977750748626,27.626039240252254,26.946855391278067,11.649837765949474,9.809026488599168,33.371367212234574,-6.424511820956507,0.0,0.0,4.987807622141308,75.06096188929345,55.48538126908517,0.0,Lower Priority,Lower mismatch and/or FIFA relevance relative to other Harris County tracts.
48201334001,Census Tract 3340.01; Harris County; Texas,29.615540038237672,-95.22624831865771,2880.0,0.516327466779959,5577.855499264689,48286.0,1092.0,133.0,12.179487179487179,8,15.494043053513023,12.696305160064783,23.071708768216766,38.05049028292174,26.700996627651275,37.275550554479366,-14.2038417862626,0.0,0.0,12.079024345610382,39.604878271948095,35.73371377865905,0.0,Lower Priority,Lower mismatch and/or FIFA relevance relative to other Harris County tracts.
48201533702,Census Tract 5337.02; Harris County; Texas,29.918746424681338,-95.43844151664865,3261.0,0.379454251576662,8593.921365883478,54840.0,870.0,50.0,5.747126436781609,2,5.270727608637521,16.848451352101986,36.57626437562913,17.954859298656356,9.08308306730759,30.971700357518408,5.604564018110722,5.604564018110722,12.351811965459706,16.211162044159163,18.94418977920418,15.985857765635203,1.9745430922770988,Established Urban Hub,High urban activity with comparatively balanced mobility capacity.
48201554501,Census Tract 5545.01; Harris County; Texas,30.011614584819803,-95.66331085034341,6542.0,4.749766205839485,1377.330949880669,150250.0,2305.0,15.0,0.6507592190889371,0,0.0,77.29341140432497,4.263692011921209,2.0330664975918915,0.0,29.390080050722432,-25.126388038801224,0.0,0.0,27.15896121037316,0.0,0.0,0.0,Lower Priority,Lower mismatch and/or FIFA relevance relative to other Harris County tracts.
48201222402,Census Tract 2224.02; Harris County; Texas,29.909138039411875,-95.3884556993655,7310.0,1.571717253741332,4650.963767560101,48260.0,2035.0,69.0,3.3906633906633905,13,8.271207794566527,12.679833417465916,18.921513949398687,10.592925834873132,14.253832306168126,36.79980486385575,-17.87829091445706,0.0,0.0,15.520676368118457,22.396618159407723,19.95378240343584,0.0,Lower Priority,Lower mismatch and/or FIFA relevance relative to other Harris County tracts.
48201251501,Census Tract 2515.01; Harris County; Texas,30.099333347698085,-95.1602515556966,6877.0,6.9137522016180135,994.6841887666421,150962.0,2082.0,53.0,2.5456292026897214,0,0.0,77.74448374010929,2.550375827200848,7.952916063986981,0.0,27.614125180803907,-25.063749353603058,0.0,0.0,32.28036788861477,0.0,0.0,0.0,Lower Priority,Lower mismatch and/or FIFA relevance relative to other Harris County tracts.
48201222501,Census Tract 2225.01; Harris County; Texas,29.928314297079744,-95.40583971261321,3447.0,0.3511463996188055,9816.418461763995,54353.0,877.0,42.0,4.789053591790194,7,19.9347053183487,16.539922942653998,42.050044041365204,14.961700314091294,34.353622075276576,49.559025358466215,-7.508981317101011,0.0,0.0,16.78683093616251,16.065845319187456,21.55217834601419,0.0,Established Urban Hub,High urban activity with comparatively balanced mobility capacity.
48201222401,Census Tract 2224.01; Harris County; Texas,29.900580759589317,-95.39465635348233,3332.0,1.9521479576769478,1706.8378382369508,45565.0,849.0,0.0,0.0,22,11.269637587398835,10.972473944237315,5.739072289945905,0.0,19.421048087752784,43.59473366142695,-37.85566137148105,0.0,0.0,14.904674382182979,25.476628089085107,23.65995408868541,0.0,Lower Priority,Lower mismatch and/or FIFA relevance relative to other Harris County tracts.
48201341302,Census Tract 3413.02; Harris County; Texas,29.55315576378591,-95.10740835370511,3368.0,0.7616668169739512,4421.880965460498,78671.0,2016.0,62.0,3.075396825396825,0,0.0,31.94607050108559,17.895786536116393,9.607987208030991,0.0,27.117603837590703,-9.22181730147431,0.0,0.0,20.381445964979925,0.0,0.0,0.0,Lower Priority,Lower mismatch and/or FIFA relevance relative to other Harris County tracts.
48201350801,Census Tract 3508.01; Harris County; Texas,29.524604332008558,-95.17443820878928,4785.0,0.722627641621566,6621.667542723011,82731.0,2267.0,136.0,5.99911777679753,0,0.0,34.51819646075465,27.74541896154635,18.742116914133398,0.0,24.37736492575998,3.3680540357863684,3.3680540357863684,7.42280220283123,17.99863489386618,10.006825530669106,7.004777871468374,0.519950806146789,Lower Priority,Lower mismatch and/or FIFA relevance relative to other Harris County tracts.
48201341201,Census Tract 3412.01; Harris County; Texas,29.526854062013797,-95.11097727575977,5291.0,3.088344679297511,1713.2155084462643,71359.0,2330.0,203.0,8.71244635193133,0,0.0,27.313709659435297,5.7676285635142825,27.21895022090729,0.0,21.834314933727814,-16.06668637021353,0.0,0.0,21.066870834663952,0.0,0.0,0.0,Lower Priority,Lower mismatch and/or FIFA relevance relative to other Harris County tracts.
48201540601,Census Tract 5406.01; Harris County; Texas,29.86219705523921,-95.63243326317279,4133.0,0.6229175313822964,6634.907177565851,91406.0,1249.0,44.0,3.522818254603683,0,0.0,40.01405673172242,27.80469995634684,11.00579686072963,0.0,26.69826094178111,1.10643901456573,1.10643901456573,2.438463833226294,18.088938905386744,9.555305473066278,6.688713831146394,0.16310186768050966,Lower Priority,Lower mismatch and/or FIFA relevance relative to other Harris County tracts.
48201541203,Census Tract 5412.03; Harris County; Texas,29.888853606434896,-95.64908124651025,2482.0,0.5912424824997913,4197.939210163026,112098.0,963.0,3.0,0.3115264797507788,0,0.0,53.12302972617371,16.893078365612602,0.9732540554411856,0.0,29.708023783367643,-12.814945417755041,0.0,0.0,20.078191404250834,0.0,0.0,0.0,Lower Priority,Lower mismatch and/or FIFA relevance relative to other Harris County tracts.
48201233701,Census Tract 2337.01; Harris County; Texas,29.73568719751969,-95.24745947215833,4630.0,2.6384318031149134,1754.8302724875646,57532.0,1375.0,32.0,2.327272727272727,4,1.5160520712635548,18.553910239646104,5.953960334748149,7.27073865999408,2.6126235161695712,29.647614863320477,-23.693654528572328,0.0,0.0,10.426919136859556,47.86540431570222,34.28957007584242,0.0,Lower Priority,Lower mismatch and/or FIFA relevance relative to other Harris County tracts.
48201233703,Census Tract 2337.03; Harris County; Texas,29.74275705299682,-95.22238818818218,2699.0,2.6185027540995867,1030.741707555734,46286.0,852.0,85.0,9.976525821596244,0,0.0,11.429248037075098,2.711824810441555,31.168118430414033,0.0,20.649564470875788,-17.937739660434232,0.0,0.0,12.01032178717305,39.948391064134746,27.96387374489432,0.0,Lower Priority,Lower mismatch and/or FIFA relevance relative to other Harris County tracts.
48201222502,Census Tract 2225.02; Harris County; Texas,29.92387875873244,-95.38790884603509,3969.0,1.3019144707820904,3048.5873604398366,52594.0,1060.0,14.0,1.3207547169811322,0,0.0,15.425546202984567,11.746809466495458,4.126229929389329,0.0,28.7621310211832,-17.015321554687745,0.0,0.0,16.535414415421577,17.322927922892116,12.12604954602448,0.0,Lower Priority,Lower mismatch and/or FIFA relevance relative to other Harris County tracts.
48201533802,Census Tract 5338.02; Harris County; Texas,29.92791329515594,-95.46734597571512,6909.0,2.141354617755564,3226.4623256289933,71128.0,1835.0,125.0,6.811989100817439,12,5.603929354110279,27.16736456172999,12.54325174089991,21.28164521775345,9.657292048879926,30.37561086888991,-17.832359127990003,0.0,0.0,17.09913582215828,14.50432088920859,13.050212237109989,0.0,Lower Priority,Lower mismatch and/or FIFA relevance relative to other Harris County tracts.
48201410401,Census Tract 4104.01; Harris County; Texas,29.747513592555812,-95.40639243653148,3899.0,0.3394042607732126,11487.7756428794,116934.0,2117.0,80.0,3.7789324515824276,7,20.62437278793429,56.186773849562776,49.5336127001374,11.80593488130829,35.54213102132797,51.33771125053708,-1.8040985503996865,0.0,0.0,4.335360630374524,78.32319684812738,65.48887710008756,0.0,Established Urban Hub,High urban activity with comparatively balanced mobility capacity.
48201431801,Census Tract 4318.01; Harris County; Texas,29.744460672830208,-95.47227539022232,3660.0,0.4753396338334101,7699.757687958126,78551.0,2119.0,129.0,6.087777253421425,9,18.9338303802249,31.87004707370621,32.572610727239656,19.01910202065317,32.62880704441315,47.134434324893256,-14.5618235976536,0.0,0.0,5.537758776699273,72.31120611650364,60.40648639487649,0.0,Established Urban Hub,High urban activity with comparatively balanced mobility capacity.
48201422702,Census Tract 4227.02; Harris County; Texas,29.698989013547287,-95.50936773653844,3445.0,0.4965679166122323,6937.620987483541,74914.0,1112.0,49.0,4.406474820143885,8,16.110585747421865,29.565903695549466,29.16011315352215,13.766468559383464,27.763489118088142,45.30450181484666,-16.14438866132451,0.0,0.0,6.016562663759899,69.9171866812005,57.27107741226679,0.0,Lower Priority,Lower mismatch and/or FIFA relevance relative to other Harris County tracts.
48201422701,Census Tract 4227.01; Harris County; Texas,29.69737516288885,-95.49997291151983,4750.0,0.7095121373980376,6694.741005304665,55286.0,1673.0,46.0,2.749551703526599,20,28.18838318023017,17.131005090528685,28.07260831433273,8.589999630988972,48.577244921467724,61.42707155573072,-33.354463241397994,0.0,0.0,5.440884365187933,72.79557817406034,65.53007819828255,0.0,Lower Priority,Lower mismatch and/or FIFA relevance relative to other Harris County tracts.
48201553002,Census Tract 5530.02; Harris County; Texas,30.011397306911988,-95.47923579890995,4832.0,1.759266377253325,2746.599413526004,85335.0,1616.0,43.0,2.660891089108911,5,2.842093763996279,36.167904834887224,10.394646349965745,8.31301096983582,4.897800770646967,30.93455724850213,-20.539910898536384,0.0,0.0,22.882353838884367,0.0,1.46934023119409,0.0,Lower Priority,Lower mismatch and/or FIFA relevance relative to other Harris County tracts.
48201553001,Census Tract 5530.01; Harris County; Texas,30.00160306410101,-95.4963502564171,7218.0,1.8067183325381917,3995.088703096126,89772.0,2491.0,18.0,0.7226013649136892,7,3.874427947031433,38.97887106223985,15.984807103039744,2.257511815471365,6.676829746146104,33.99652727766086,-18.011720174621118,0.0,0.0,22.432230554290953,0.0,2.003048923843831,0.0,Lower Priority,Lower mismatch and/or FIFA relevance relative to other Harris County tracts.
48201333905,Census Tract 3339.05; Harris County; Texas,29.619179970571764,-95.25802999657898,3448.0,1.102977264103888,3126.084382891901,68250.0,1059.0,15.0,1.41643059490085,0,0.0,25.344069361747827,12.093805485612922,4.425135294569698,0.0,28.672459411629088,-16.578653926016166,0.0,0.0,10.236035434881403,48.819822825592986,34.17387597791509,0.0,Lower Priority,Lower mismatch and/or FIFA relevance relative to other Harris County tracts.
48201454505,Census Tract 4545.05; Harris County; Texas,29.7805578133747,-95.7037128801381,2472.0,1.150421111243425,2148.7783697989994,163033.0,898.0,7.0,0.779510022271715,0,0.0,85.39180700591355,7.717878704521933,2.435302742289916,0.0,29.269409177313022,-21.55153047279109,0.0,0.0,18.81759123161372,5.9120438419314025,4.138430689351981,0.0,Lower Priority,Lower mismatch and/or FIFA relevance relative to other Harris County tracts.
48201232304,Census Tract 2323.04; Harris County; Texas,29.858707870898844,-95.22230763036475,7403.0,4.749974701005097,1558.534616707226,39548.0,2317.0,366.0,15.796288303841175,0,0.0,7.160532589722844,5.07503868110705,49.34990330494741,0.0,15.195029008515776,-10.119990327408726,0.0,0.0,16.49009704556215,17.549514772189255,12.284660340532477,0.0,Lower Priority,Lower mismatch and/or FIFA relevance relative to other Harris County tracts.
48201311702,Census Tract 3117.02; Harris County; Texas,29.701060303758343,-95.29904959844512,1917.0,0.4281552473444134,4477.347905672032,32614.0,681.0,79.0,11.600587371512482,19,44.3764268167807,2.767645544317601,18.14414198045535,36.24192304248609,76.47421778096967,72.65937553393294,-54.5152335534776,0.0,0.0,6.8099208828027,65.9503955859865,69.10754224448145,0.0,Lower Priority,Lower mismatch and/or FIFA relevance relative to other Harris County tracts.
48201221502,Census Tract 2215.02; Harris County; Texas,29.86721781069351,-95.40217287069201,2953.0,0.20138702487415433,14663.308134400982,35636.0,930.0,162.0,17.419354838709676,7,34.75894241138059,4.682168857155017,63.7521865017016,54.42059934521778,59.900337239386126,55.60405626400495,8.148130237696648,8.148130237696648,17.957538220793182,12.58530100991745,37.07349495041276,43.921547637104766,7.887228704096973,Established Urban Hub,High urban activity with comparatively balanced mobility capacity.
48201521502,Census Tract 5215.02; Harris County; Texas,29.827710906106493,-95.51596302346775,2899.0,0.5937818763965249,4882.264203806822,78409.0,1002.0,9.0,0.8982035928143712,3,5.052360335088121,31.78008601797394,19.957170908314627,2.8061187287121614,8.706769163022296,35.25290279550195,-15.295731887187326,0.0,0.0,11.710361646864948,41.448191765675254,31.625764984879368,0.0,Lower Priority,Lower mismatch and/or FIFA relevance relative to other Harris County tracts.
48201551602,Census Tract 5516.02; Harris County; Texas,29.92960887445763,-95.57561100733949,4671.0,0.6495817464512378,7190.780876338307,54507.0,1552.0,42.0,2.7061855670103094,0,0.0,16.6374863411242,30.293646686209296,8.454517509960095,0.0,27.46364474701197,2.8300019391973272,2.8300019391973272,6.236997508083625,19.568714030901752,2.1564298454912367,1.5095008918438657,0.094147533008802,Lower Priority,Lower mismatch and/or FIFA relevance relative to other Harris County tracts.
48201250202,Census Tract 2502.02; Harris County; Texas,29.945457748100928,-95.27231511961233,2312.0,0.5247120612548668,4406.226139476903,53650.0,747.0,8.0,1.07095046854083,0,0.0,16.094552363923125,17.82569142633789,3.345805106255643,0.0,28.996258468123308,-11.170567041785418,0.0,0.0,19.795341284001406,1.0232935799929677,0.7163055059950774,0.0,Lower Priority,Lower mismatch and/or FIFA relevance relative to other Harris County tracts.
48201241202,Census Tract 2412.02; Harris County; Texas,30.050162697344273,-95.40066432543395,5511.0,1.2355813477401811,4460.248619064502,69647.0,1647.0,122.0,7.4074074074074066,0,0.0,26.229108762156127,18.067579240432252,23.141818651601525,0.0,23.057454404519543,-4.989875164087291,0.0,0.0,25.186664488931743,0.0,0.0,0.0,Lower Priority,Lower mismatch and/or FIFA relevance relative to other Harris County tracts.
48201550902,Census Tract 5509.02; Harris County; Texas,29.960773273135768,-95.48953855413207,4531.0,0.5882158276789771,7702.954913468981,91157.0,1321.0,24.0,1.8168054504163513,2,3.400112519739122,39.8563081199102,32.586926432403345,5.675964604934819,5.859438534515034,32.398817592680075,0.1881088397232702,0.1881088397232702,0.4145701627806313,19.601941309869797,1.990293450651015,3.1510369758102206,0.013063259119894312,Established Urban Hub,High urban activity with comparatively balanced mobility capacity.
48201550404,Census Tract 5504.04; Harris County; Texas,29.969861428401828,-95.45556859338032,6260.0,1.1713026742838761,5344.476826903266,90863.0,2065.0,92.0,4.455205811138015,2,1.7075005836751649,39.670050722830716,22.02674642393542,13.918711266483827,2.9425481243958416,27.884170307131942,-5.857423883196521,0.0,0.0,19.8311273661983,0.8443631690085107,1.47381865562471,0.0,Lower Priority,Lower mismatch and/or FIFA relevance relative to other Harris County tracts.
48201313201,Census Tract 3132.01; Harris County; Texas,29.70641216020699,-95.3505671903925,1632.0,0.5464279910599281,2986.6698388461846,47698.0,822.0,329.0,40.024330900243314,18,32.94121145786233,12.323790365905815,11.469571285894306,100.0,56.767828320168704,39.73747982411809,-28.267908538223786,0.0,0.0,3.914172022846341,80.4291398857683,73.33074641608842,0.0,Lower Priority,Lower mismatch and/or FIFA relevance relative to other Harris County tracts.
48201411302,Census Tract 4113.02; Harris County; Texas,29.743979425748066,-95.45305316526907,3086.0,0.2099465236268818,14698.98118191496,89246.0,2235.0,0.0,0.0,5,23.81558843472936,38.64563503889356,63.91191399942314,0.0,41.041576061521226,58.729103243064856,5.182810756358286,5.182810756358286,11.422316474257972,4.813386420693334,75.93306789653333,65.4656203460297,7.477690337759729,Established Urban Hub,High urban activity with comparatively balanced mobility capacity.
48201510803,Census Tract 5108.03; Harris County; Texas,29.761594534046317,-95.4183401238754,2515.0,0.3125759522868908,8046.044430480257,109842.0,1606.0,10.0,0.62266500622665,5,15.996112187833512,51.69378929144135,34.123123473747555,1.9452960883973884,27.566216003642342,48.71276237603042,-14.589638902282864,0.0,0.0,5.317644358404352,73.41177820797824,59.65810954667747,0.0,Established Urban Hub,High urban activity with comparatively balanced mobility capacity.
48201552004,Census Tract 5520.04; Harris County; Texas,29.909537179160168,-95.59496637499286,3265.0,0.6744729804081522,4840.816600279836,54811.0,1633.0,171.0,10.471524800979793,0,0.0,16.830079023818634,19.77158760497263,32.714567273252996,0.0,20.1856298180241,-0.41404221305147004,0.0,0.0,19.042182805992955,4.789085970035223,3.352360179024656,0.0,Lower Priority,Lower mismatch and/or FIFA relevance relative to other Harris County tracts.
48201551902,Census Tract 5519.02; Harris County; Texas,29.900173450117894,-95.59057661780562,4690.0,0.5457449763414666,8593.757530193954,55333.0,2140.0,105.0,4.906542056074766,1,1.8323576823441268,17.160780932918943,36.57553079477331,15.328751373198676,3.157715266954051,27.611775274908233,8.963755519865074,8.963755519865074,19.755082166596033,18.364881864378606,8.17559067810697,6.670228054761093,1.3177090329173942,Established Urban Hub,High urban activity with comparatively balanced mobility capacity.
48201250101,Census Tract 2501.01; Harris County; Texas,29.961003673108653,-95.27715119923133,3983.0,3.1354309958382376,1270.319775905376,74023.0,1351.0,7.0,0.5181347150259068,0,0.0,29.00142974725756,3.7845451983325784,1.6187282476508844,0.0,29.514381525704735,-25.729836327372155,0.0,0.0,20.657431011409418,0.0,0.0,0.0,Lower Priority,Lower mismatch and/or FIFA relevance relative to other Harris County tracts.
48201553602,Census Tract 5536.02; Harris County; Texas,30.02718137835271,-95.4861803733113,2398.0,0.7176573485346491,3341.427500040742,59081.0,1172.0,116.0,9.897610921501707,0,0.0,19.535245981401616,13.058012909726715,30.92157679898293,0.0,20.723526960305122,-7.665514050578407,0.0,0.0,24.02811424200717,0.0,0.0,0.0,Lower Priority,Lower mismatch and/or FIFA relevance relative to other Harris County tracts.
48201454303,Census Tract 4543.03; Harris County; Texas,29.714466200504493,-95.65194925819077,3949.0,0.5541083351976545,7126.76519942867,69040.0,1204.0,0.0,0.0,3,5.414103722027351,25.844556925328753,30.00701393122192,0.0,9.33016416207966,36.53111491345576,-6.52410098223384,0.0,0.0,14.656319667579123,26.718401662104384,21.501930412096964,0.0,Lower Priority,Lower mismatch and/or FIFA relevance relative to other Harris County tracts.
48201556100,Census Tract 5561; Harris County; Texas,30.02163406942359,-95.54437111117711,3763.0,0.8204914113386855,4586.275917087808,147292.0,1233.0,0.0,0.0,0,0.0,75.41943391942323,18.631871510387104,0.0,0.0,30.0,-11.368128489612896,0.0,0.0,24.563804035861203,0.0,0.0,0.0,Lower Priority,Lower mismatch and/or FIFA relevance relative to other Harris County tracts.
48201554806,Census Tract 5548.06; Harris County; Texas,30.059317782229414,-95.60437949012598,2078.0,1.7308160535989663,1200.589742439191,116006.0,749.0,0.0,0.0,0,0.0,55.59885934449555,3.4723261831999612,0.0,0.0,30.0,-26.52767381680004,0.0,0.0,28.310982663369632,0.0,0.0,0.0,Lower Priority,Lower mismatch and/or FIFA relevance relative to other Harris County tracts.
48201554803,Census Tract 5548.03; Harris County; Texas,30.091465890016337,-95.57715423800312,7984.0,6.091480087124131,1310.683099313775,142257.0,2890.0,0.0,0.0,0,0.0,72.22961761229669,3.965273594055506,0.0,0.0,30.0,-26.034726405944493,0.0,0.0,29.755141169098454,0.0,0.0,0.0,Lower Priority,Lower mismatch and/or FIFA relevance relative to other Harris County tracts.
48201554702,Census Tract 5547.02; Harris County; Texas,30.003448704616883,-95.60236372002578,4383.0,1.1999151608448226,3652.758247436483,124167.0,1610.0,0.0,0.0,0,0.0,60.76908593485497,14.452008789271758,0.0,0.0,30.0,-15.547991210728242,0.0,0.0,24.796699893774502,0.0,0.0,0.0,Lower Priority,Lower mismatch and/or FIFA relevance relative to other Harris County tracts.
48201553102,Census Tract 5531.02; Harris County; Texas,30.015192373148388,-95.45952530218398,5005.0,0.5824964964044878,8592.326358860208,81773.0,1460.0,88.0,6.027397260273973,5,8.583742616243963,33.9112760988426,36.56912266785731,18.830466135686724,14.79242582825988,34.7055582390759,1.8635644287814088,1.8635644287814088,4.107080824743029,22.958457819205513,0.0,4.437727748477964,0.18226106541203901,Established Urban Hub,High urban activity with comparatively balanced mobility capacity.
48201980400,Census Tract 9804; Harris County; Texas,29.722284589881365,-95.34457850068956,4285.0,0.5164707106807783,8296.695071733671,,0.0,0.0,,21,40.6605826152642,,35.245421749890646,,70.07067655219569,,,,,4.74565259333896,76.2717370333052,74.41141888897235,,Insufficient Data,Insufficient source data to calculate a complete priority score.
48201980200,Census Tract 9802; Harris County; Texas,29.76706595981007,-95.35166080837318,9542.0,0.2558038769969681,37302.01477795857,84514.0,145.0,26.0,17.93103448275862,8,31.27395915150582,35.64777788589996,100.0,56.01916101180784,53.894640343620814,50.920499936992215,49.079500063007785,49.079500063007785,100.0,6.693677140296151,66.53161429851924,62.74052211204972,62.74052211204972,High-Intensity / Mobility Gap,"High population density and mobility mismatch, combined with strong FIFA relevance."
48201432804,Census Tract 4328.04; Harris County; Texas,29.718328811097397,-95.50675976873373,2011.0,0.7496370320202442,2682.6316125024255,62216.0,828.0,100.0,12.077294685990339,24,32.01549413230145,21.52135802168795,10.108227961173975,37.731226062393795,55.17253294745091,57.3014052444975,-47.19317728332353,0.0,0.0,6.2252618945915135,68.87369052704243,64.76334325316498,0.0,Lower Priority,Lower mismatch and/or FIFA relevance relative to other Harris County tracts.
48201453202,Census Tract 4532.02; Harris County; Texas,29.680187344832614,-95.56500503762224,5057.0,0.5085857323990245,9943.259666656153,52971.0,1540.0,110.0,7.142857142857142,14,27.52731566802178,15.664386470668124,42.617980611894296,22.315325128330045,47.43802248913274,56.5120182038939,-13.894037591999606,0.0,0.0,9.288616002825883,53.556919985870586,51.72125073684923,0.0,Established Urban Hub,High urban activity with comparatively balanced mobility capacity.
48201333100,Census Tract 3331; Harris County; Texas,29.675597750340405,-95.27858465345558,3567.0,0.46762840152300034,7627.851491446584,36715.0,1415.0,303.0,21.413427561837455,13,27.799851244408632,5.365746175007953,32.25064785499103,66.89866374160852,47.90768502207442,43.465780392969535,-11.215132537978505,0.0,0.0,7.972663159714313,60.13668420142844,56.46798444762223,0.0,Established Urban Hub,High urban activity with comparatively balanced mobility capacity.
48201350300,Census Tract 3503; Harris County; Texas,29.58288014085798,-95.22485545846533,6328.0,0.8808924608167487,7183.623746913198,100948.0,1972.0,14.0,0.7099391480730223,3,3.405637048157332,46.05918626550621,30.261600352811683,2.2179532074810795,5.868958994355923,33.442885333804824,-3.1812849809931407,0.0,0.0,13.202795406007363,33.98602296996318,25.550903777281004,0.0,Lower Priority,Lower mismatch and/or FIFA relevance relative to other Harris County tracts.
48201350400,Census Tract 3504; Harris County; Texas,29.595817208981625,-95.2100565690718,5806.0,1.0263842484030303,5656.750879637581,69519.0,2010.0,171.0,8.507462686567164,3,2.92288195640936,26.148017106284787,23.424965990880846,26.578551421503548,5.0370236478343795,25.552351127033003,-2.1273851361521565,0.0,0.0,13.538941197848251,32.30529401075874,24.124812901881434,0.0,Lower Priority,Lower mismatch and/or FIFA relevance relative to other Harris County tracts.
48201350500,Census Tract 3505; Harris County; Texas,29.582205465258966,-95.19580414136638,7031.0,2.2498578185534788,3125.0863685779505,80079.0,2230.0,0.0,0.0,6,2.666835188659892,32.838078715670335,12.089336836586089,0.0,4.5957763982567785,33.21704347877974,-21.127706642193655,0.0,0.0,14.735583030246705,26.32208484876648,19.80419231361357,0.0,Lower Priority,Lower mismatch and/or FIFA relevance relative to other Harris County tracts.
48201420300,Census Tract 4203; Harris County; Texas,29.671552233081986,-95.45418918831832,4005.0,0.9253374524908867,4328.150761885911,106465.0,1609.0,9.0,0.5593536357986327,22,23.775110302494397,49.55436333927326,17.476105798942665,1.7475021542384002,40.97181980303102,58.15602321585018,-40.679917416907514,0.0,0.0,2.768824552810082,86.15587723594959,72.60066000607401,0.0,Lower Priority,Lower mismatch and/or FIFA relevance relative to other Harris County tracts.
48201420500,Census Tract 4205; Harris County; Texas,29.649914090892675,-95.47282386560146,3527.0,0.9021632148330105,3909.4921428966086,37288.0,1313.0,130.0,9.900990099009901,13,14.409809429445964,5.728758040744498,15.601545079550352,30.932133841249566,24.832528969480112,38.103130126261206,-22.501585046710854,0.0,0.0,4.440333680176671,77.79833159911664,61.908590810225675,0.0,Lower Priority,Lower mismatch and/or FIFA relevance relative to other Harris County tracts.
48201980000,Census Tract 9800; Harris County; Texas,29.646318017270286,-95.27733976473218,35.0,2.13371597265096,16.40330786693952,,22.0,0.0,0.0,5,2.3433296952770744,,0.0,0.0,4.038277038147361,32.826793926703154,-32.826793926703154,0.0,0.0,8.448486874680626,57.75756562659687,41.64177905006202,0.0,Lower Priority,Lower mismatch and/or FIFA relevance relative to other Harris County tracts.
48201333600,Census Tract 3336; Harris County; Texas,29.65942467701846,-95.29987030540755,3219.0,1.4262088637622332,2257.0326701718263,70868.0,1005.0,23.0,2.288557213930348,5,3.505797872276835,27.00264713574133,8.202591666299945,7.149785762509725,6.041566868091711,32.08416107891128,-23.881569412611334,0.0,0.0,6.891623403574506,65.54188298212746,47.69178814791673,0.0,Lower Priority,Lower mismatch and/or FIFA relevance relative to other Harris County tracts.
48201333700,Census Tract 3337; Harris County; Texas,29.63562158197001,-95.29310569949763,4138.0,3.4538285964716313,1198.0907229233396,64841.0,1220.0,13.0,1.0655737704918031,2,0.5790675316207538,23.18437049561191,3.4611367233180204,3.3290075191443176,0.9979112718085813,29.69983563452271,-26.23869891120469,0.0,0.0,7.8421658070780165,60.789170964609916,42.85179305676951,0.0,Lower Priority,Lower mismatch and/or FIFA relevance relative to other Harris County tracts.
48201410300,Census Tract 4103; Harris County; Texas,29.756739433020645,-95.40371075048516,3821.0,0.391938864873132,9748.969399186355,100657.0,2645.0,86.0,3.251417769376182,23,58.682621350768436,45.87482945411121,41.74803816466042,10.15790225123228,100.0,96.95262932463031,-55.20459115996989,0.0,0.0,4.9810034434702475,75.09498278264877,82.56648794785414,0.0,Established Urban Hub,High urban activity with comparatively balanced mobility capacity.
48201410900,Census Tract 4109; Harris County; Texas,29.73295073003512,-95.3993418628345,3565.0,0.28499358628493554,12509.05343685779,109067.0,2100.0,0.0,0.0,17,59.65046519679731,51.202804656282844,54.1064248896995,0.0,100.0,100.0,-45.8935751103005,0.0,0.0,3.393743004356378,83.03128497821811,88.12189948475267,0.0,Established Urban Hub,High urban activity with comparatively balanced mobility capacity.
48201420600,Census Tract 4206; Harris County; Texas,29.66110260609542,-95.47013002436216,2358.0,0.46533611300773386,5067.304973944307,92219.0,915.0,32.0,3.4972677595628414,15,32.234764465294575,40.529115452217724,20.785698361119067,10.925973396165967,55.55040310061703,65.60749015158213,-44.82179179046306,0.0,0.0,3.9279653782312454,80.36017310884378,72.91724210637575,0.0,Lower Priority,Lower mismatch and/or FIFA relevance relative to other Harris County tracts.
48201420700,Census Tract 4207; Harris County; Texas,29.67202092291228,-95.46948013864551,2872.0,0.8787557714713748,3268.257339796663,199875.0,984.0,43.0,4.369918699186992,10,11.379726113498132,100.0,12.730390589287408,13.652261917941754,19.610764442223214,39.63185653417372,-26.90146594488631,0.0,0.0,3.6427123321009316,81.78643833949535,63.1337361703137,0.0,Lower Priority,Lower mismatch and/or FIFA relevance relative to other Harris County tracts.
48201420900,Census Tract 4209; Harris County; Texas,29.69717252451214,-95.47016099952728,6130.0,1.341835117362428,4568.370525321625,246500.0,2262.0,33.0,1.4588859416445623,27,20.121697256718413,100.0,18.551699402259374,4.557771975812768,34.67586663717454,52.90577505327835,-34.354075651018974,0.0,0.0,3.678710768509594,81.60644615745203,67.52727230136878,0.0,Lower Priority,Lower mismatch and/or FIFA relevance relative to other Harris County tracts.
48201411100,Census Tract 4111; Harris County; Texas,29.750392280270624,-95.41406753937466,3667.0,0.5206545136707442,7043.058119570951,177796.0,1569.0,37.0,2.3581899298916507,20,38.41318854415572,94.74458915926192,29.632212131571585,7.367328499984042,66.19772607010283,74.12820969907676,-44.49599756750518,0.0,0.0,4.530483658440938,77.34758170779531,74.00262501648757,0.0,Lower Priority,Lower mismatch and/or FIFA relevance relative to other Harris County tracts.
48201411200,Census Tract 4112; Harris County; Texas,29.753089641905,-95.43116845405302,1700.0,1.3144021728958288,1293.3636561590888,176042.0,819.0,25.0,3.0525030525030523,9,6.847219356136352,93.63338006239997,3.8877250942828248,9.536463730055575,11.799862715337692,35.39896478171971,-31.511239687436888,0.0,0.0,4.869952935353004,75.65023532323498,56.49512354086579,0.0,Lower Priority,Lower mismatch and/or FIFA relevance relative to other Harris County tracts.
48201411400,Census Tract 4114; Harris County; Texas,29.744644954035262,-95.43308156634939,2898.0,0.6682586661664115,4336.644097150149,,1214.0,0.0,0.0,18,26.935677622050612,,17.51413504745403,0.0,46.4184483588876,62.49291385122132,-44.978778803767284,0.0,0.0,4.343824409484373,78.28087795257814,68.72214907447098,0.0,Lower Priority,Lower mismatch and/or FIFA relevance relative to other Harris County tracts.
48201421000,Census Tract 4210; Harris County; Texas,29.71324194435286,-95.4654299016659,2913.0,0.7246218592704378,4020.027774117745,210815.0,1045.0,5.0,0.4784688995215311,28,38.64084369217194,100.0,16.096472791490452,1.4948064679264146,66.59004583573497,76.16459014463655,-60.06811735314609,0.0,0.0,3.8346651704323707,80.82667414783815,76.5556856542072,0.0,Lower Priority,Lower mismatch and/or FIFA relevance relative to other Harris County tracts.
48201432200,Census Tract 4322; Harris County; Texas,29.73296217632566,-95.53010338299867,3865.0,0.6465643580822286,5977.749858442488,54854.0,1849.0,165.0,8.923742563547863,18,27.839456003095677,16.857320751962913,24.86225176344032,27.87907033339232,47.97593618960308,55.21943423270446,-30.35718246926414,0.0,0.0,7.914127826153613,60.42936086923194,56.69333346534328,0.0,Lower Priority,Lower mismatch and/or FIFA relevance relative to other Harris County tracts.
48201521800,Census Tract 5218; Harris County; Texas,29.85024265869731,-95.55479023458803,4557.0,2.722803232901767,1673.6427902443315,77584.0,1681.0,22.0,1.3087447947650208,17,6.243565379449997,31.2574249547407,5.5904401342398335,4.088709184726742,10.759581444651788,36.30509425583823,-30.714654121598393,0.0,0.0,14.321812051434437,28.390939742827815,23.101532253375005,0.0,Lower Priority,Lower mismatch and/or FIFA relevance relative to other Harris County tracts.
48201521900,Census Tract 5219; Harris County; Texas,29.822387188905,-95.55441807190947,7366.0,1.4721330128057473,5003.623949687193,90903.0,2644.0,97.0,3.668683812405446,24,16.302874666371522,39.69539186529051,20.500564026774683,11.46150208936165,28.094862004989047,46.227952776683836,-25.727388749909153,0.0,0.0,12.831614110107608,35.841929449461965,33.517809216120085,0.0,Lower Priority,Lower mismatch and/or FIFA relevance relative to other Harris County tracts.
48201530300,Census Tract 5303; Harris County; Texas,29.817526059913803,-95.38878984845624,2393.0,0.7090020964466031,3375.166324603701,94444.0,968.0,39.0,4.028925619834711,18,25.387795170441546,41.93871650154375,13.209079846786018,12.586949917425832,43.75097131770025,56.84959494716242,-43.640515100376405,0.0,0.0,9.245514462827717,53.772427685861416,50.76599077541306,0.0,Lower Priority,Lower mismatch and/or FIFA relevance relative to other Harris County tracts.
48201455000,Census Tract 4550; Harris County; Texas,29.754330949122068,-95.758127801515,3601.0,0.5035629294185457,7151.042679329084,105625.0,1129.0,0.0,0.0,0,0.0,49.022199347617594,30.11571731895348,0.0,0.0,30.0,0.11571731895347881,0.11571731895347881,0.2550276096841365,21.439437521523608,0.0,0.0,0.0,Lower Priority,Lower mismatch and/or FIFA relevance relative to other Harris County tracts.
48201530400,Census Tract 5304; Harris County; Texas,29.826123078178476,-95.38797763441612,3549.0,0.6144240560986797,5776.14102959213,63106.0,1055.0,40.0,3.7914691943127963,24,39.06097061431702,22.085198441418356,23.9595401647685,11.845101489919266,67.31405360392287,73.56630707577023,-49.60676691100173,0.0,0.0,9.8387919446647,50.8060402766765,55.758444274850405,0.0,Lower Priority,Lower mismatch and/or FIFA relevance relative to other Harris County tracts.
48201455200,Census Tract 4552; Harris County; Texas,29.77997042393635,-95.7650419183463,4190.0,1.156860523043596,3621.8713635214094,103271.0,1572.0,38.0,2.4173027989821882,0,0.0,47.53087311385873,14.313711530585424,7.552005705007368,0.0,27.734398288497786,-13.420686757912362,0.0,0.0,22.297097856641937,0.0,0.0,0.0,Lower Priority,Lower mismatch and/or FIFA relevance relative to other Harris County tracts.
48201455300,Census Tract 4553; Harris County; Texas,29.776832744861483,-95.79023387758392,13436.0,2.050465397430355,6552.658736322987,74869.0,5309.0,527.0,9.926539838010925,0,0.0,29.537394910282195,27.436429269462785,31.011954943834823,0.0,20.696413516849553,6.740015752613232,6.740015752613232,14.85421648347569,23.690775502679728,0.0,0.0,0.0,Lower Priority,Lower mismatch and/or FIFA relevance relative to other Harris County tracts.
48201530800,Census Tract 5308; Harris County; Texas,29.853449261156356,-95.4202266382573,3919.0,1.7760803540535315,2206.544310371827,45510.0,1862.0,84.0,4.511278195488721,49,27.588841849507407,10.937629873355098,7.976528014974418,14.093889554734762,47.54405100336147,59.05266883593259,-51.07614082095817,0.0,0.0,11.64039512164859,41.798024391757046,43.521832375238375,0.0,Lower Priority,Lower mismatch and/or FIFA relevance relative to other Harris County tracts.
48201531500,Census Tract 5315; Harris County; Texas,29.836908287821277,-95.47641402156434,2639.0,0.7365778987118631,3582.784664887607,64688.0,1210.0,25.0,2.066115702479339,15,20.364444855367225,23.0874406257032,14.138699273375632,6.454846111500427,35.09419533230637,52.62948289916433,-38.490783625788694,0.0,0.0,11.20620350688713,43.96898246556435,41.30654632558696,0.0,Lower Priority,Lower mismatch and/or FIFA relevance relative to other Harris County tracts.
48201531600,Census Tract 5316; Harris County; Texas,29.837790714397073,-95.45424075192383,3002.0,0.9094014719992058,3301.0722903279197,190234.0,1278.0,6.0,0.4694835680751174,8,8.796994777689326,100.0,12.877320843400408,1.4667349849606603,15.159924822804168,40.171926880474714,-27.294606037074306,0.0,0.0,10.867469964682666,45.66265017658667,36.51183257045192,0.0,Lower Priority,Lower mismatch and/or FIFA relevance relative to other Harris County tracts.
48201531700,Census Tract 5317; Harris County; Texas,29.83577867035411,-95.4357619717027,3947.0,0.7191832242652089,5488.170283772482,219854.0,1389.0,0.0,0.0,21,29.199791223517135,100.0,22.670139627044446,0.0,50.32021172875702,65.22414821012991,-42.55400858308546,0.0,0.0,10.517350527946931,47.413247360265345,48.285336670812846,0.0,Lower Priority,Lower mismatch and/or FIFA relevance relative to other Harris County tracts.
48201531800,Census Tract 5318; Harris County; Texas,29.85345939618977,-95.43634369267156,2928.0,1.2574578960431961,2328.507387176499,35875.0,1164.0,136.0,11.683848797250858,13,10.338318317381995,4.833582183352285,8.522622571790665,36.50204385252612,17.81609884357548,31.520656034745002,-22.99803346295434,0.0,0.0,11.728780436268323,41.35609781865839,34.29409812613352,0.0,Lower Priority,Lower mismatch and/or FIFA relevance relative to other Harris County tracts.
48201531900,Census Tract 5319; Harris County; Texas,29.853132337522137,-95.45323195322007,6140.0,1.6733343225416426,3669.320540006553,40473.0,2053.0,331.0,16.12274719922065,17,10.159356543992086,7.746546509105573,14.526167117003999,50.369808399747406,17.50769272315496,27.144442386284247,-12.618275269280248,0.0,0.0,11.882849795901834,40.58575102049083,33.662333531290066,0.0,Lower Priority,Lower mismatch and/or FIFA relevance relative to other Harris County tracts.
48201510100,Census Tract 5101; Harris County; Texas,29.769927500188572,-95.37143157181923,3096.0,0.5586442633562111,5541.988351227161,180817.0,1479.0,39.0,2.636916835699797,24,42.96115000951287,96.65847894353784,22.91111217763398,8.238111913501154,74.03526100722537,79.35324913100742,-56.442136953373435,0.0,0.0,6.328808369195869,68.35595815402066,70.05974900998207,0.0,Lower Priority,Lower mismatch and/or FIFA relevance relative to other Harris County tracts.
48201510400,Census Tract 5104; Harris County; Texas,29.783750716510973,-95.3925984137054,3852.0,0.5708879489057506,6747.383628229183,218356.0,1795.0,97.0,5.403899721448468,25,43.79143060896407,100.0,28.308317765002382,16.882569094302063,75.46608957852744,77.7614919766786,-49.45317421167621,0.0,0.0,6.910457037143097,65.44771481428452,68.4532272435574,0.0,Lower Priority,Lower mismatch and/or FIFA relevance relative to other Harris County tracts.
48201510500,Census Tract 5105; Harris County; Texas,29.783826920757367,-95.40349126786711,5097.0,0.67341660490238,7568.8659336502,140217.0,2644.0,16.0,0.6051437216338881,18,26.729367629135492,70.93721934684721,31.986537659616378,1.890557045667901,46.06291285365816,61.67687188386034,-29.690334224243966,0.0,0.0,6.843214869473776,65.78392565263111,59.86762181293922,0.0,Established Urban Hub,High urban activity with comparatively balanced mobility capacity.
48201532600,Census Tract 5326; Harris County; Texas,29.89185130024944,-95.48628706756712,6375.0,1.0330904567947539,6170.805235950925,53333.0,2176.0,62.0,2.849264705882353,6,5.807816692659694,15.893723809929256,25.72666494145736,8.901517560381654,10.008652576292064,34.33560153528995,-8.608936593832592,0.0,0.0,14.977869045328124,25.110654773359386,20.58005411423919,0.0,Lower Priority,Lower mismatch and/or FIFA relevance relative to other Harris County tracts.
48201530900,Census Tract 5309; Harris County; Texas,29.835965287363553,-95.42014728091992,4670.0,0.7726004578995562,6044.521398157305,86563.0,1830.0,30.0,1.639344262295082,13,16.826290829988217,36.94587790840289,25.161224004415338,5.121550029452798,28.996868871196813,48.761343201001935,-23.600119196586597,0.0,0.0,10.437159416886121,47.814202915569396,42.169002702257615,0.0,Lower Priority,Lower mismatch and/or FIFA relevance relative to other Harris County tracts.
48201531100,Census Tract 5311; Harris County; Texas,29.824875047710666,-95.43774392048061,3552.0,0.6374909573564811,5571.843739916366,181698.0,1357.0,100.0,7.369196757553427,10,15.686497015530309,97.2166176062148,23.04479087517061,23.02244302112164,27.03265393446614,42.01612484778981,-18.971333972619203,0.0,0.0,9.793546555010844,51.032267224945784,43.832383237801885,0.0,Lower Priority,Lower mismatch and/or FIFA relevance relative to other Harris County tracts.
48201531300,Census Tract 5313; Harris County; Texas,29.823077546386013,-95.46393657554243,5109.0,0.5948791787311025,8588.298569967888,70092.0,2271.0,191.0,8.410391897842361,11,18.4911497885392,26.511028972021332,36.55108808191764,26.275288151983506,31.865932374134847,44.423566216299335,-7.872478134381694,0.0,0.0,10.0567414557939,49.716292721030506,44.36118461696181,0.0,Established Urban Hub,High urban activity with comparatively balanced mobility capacity.
48201531400,Census Tract 5314; Harris County; Texas,29.83020312547594,-95.4709951633836,2139.0,0.4112682972362425,5200.9844045219625,97464.0,927.0,66.0,7.119741100323624,12,29.178033124947895,43.85197275725818,21.38425336079055,22.24310724765584,50.28271583988445,58.52496891362236,-37.14071555283181,0.0,0.0,10.660021441436683,46.69989279281659,47.77473970693694,0.0,Lower Priority,Lower mismatch and/or FIFA relevance relative to other Harris County tracts.
48201532400,Census Tract 5324; Harris County; Texas,29.871452677536276,-95.50321949474112,7362.0,1.795679671825463,4099.840364354012,61144.0,2337.0,37.0,1.5832263585793753,4,2.2275687934550463,20.842215403765472,16.453836858020473,4.946229532081714,3.8387854375052015,31.203280946629125,-14.749444088608652,0.0,0.0,14.017223186584035,29.91388406707982,22.091354478207435,0.0,Lower Priority,Lower mismatch and/or FIFA relevance relative to other Harris County tracts.
48201452900,Census Tract 4529; Harris County; Texas,29.696307301615594,-95.59184908937698,4267.0,0.5075289707910938,8407.401834320819,60455.0,1304.0,48.0,3.6809815950920246,5,9.851654364097515,20.40571422489553,35.74111570936998,11.499922152022846,16.97742732765362,38.43422248375067,-2.693106774380695,0.0,0.0,10.926941671302203,45.365291643488995,36.84893234873838,0.0,Established Urban Hub,High urban activity with comparatively balanced mobility capacity.
48201453100,Census Tract 4531; Harris County; Texas,29.696709071615164,-95.56419023521941,3712.0,0.8554518034882284,4339.227510964129,39162.0,1379.0,289.0,20.95721537345903,15,17.53459392900375,6.915990564985834,17.525702386182925,65.47339047804451,30.21749273243493,31.5102277692911,-13.984525383108174,0.0,0.0,9.270629218604705,53.646853906976474,46.61804555461401,0.0,Lower Priority,Lower mismatch and/or FIFA relevance relative to other Harris County tracts.
48201530600,Census Tract 5306; Harris County; Texas,29.831330464959887,-95.40520500087761,3626.0,1.1936429312793007,3037.759370898123,71029.0,1322.0,102.0,7.715582450832073,49,41.0508023094341,27.104645234141998,11.698326710034149,24.10460233226574,70.74314497777627,72.28882078476366,-60.590494074729506,0.0,0.0,10.107726756106254,49.46136621946873,55.84589984696099,0.0,Lower Priority,Lower mismatch and/or FIFA relevance relative to other Harris County tracts.
48201453300,Census Tract 4533; Harris County; Texas,29.66419828503747,-95.56513372532295,4680.0,0.7912719721845104,5914.527702882806,36256.0,1664.0,146.0,8.774038461538462,13,16.429243619118907,5.07495656528182,24.579172032050582,27.411372934078493,28.312634536631954,41.59543229541882,-17.016260263368235,0.0,0.0,9.398643190431539,53.0067840478423,45.598539194479194,0.0,Lower Priority,Lower mismatch and/or FIFA relevance relative to other Harris County tracts.
48201511600,Census Tract 5116; Harris County; Texas,29.80301126182626,-95.37704179300432,3548.0,0.7526895556856809,4713.762763411621,86026.0,1668.0,56.0,3.357314148681055,15,19.92853479458126,36.605673070880165,19.20269896626215,10.488737950006447,34.34298836697099,50.89347047187776,-31.69077150561561,0.0,0.0,8.39859371507051,58.00703142464745,50.907818507344516,0.0,Lower Priority,Lower mismatch and/or FIFA relevance relative to other Harris County tracts.
48201520100,Census Tract 5201; Harris County; Texas,29.79227571813489,-95.4604356606804,3406.0,1.1395303276574185,2988.9507258677886,151217.0,1419.0,10.0,0.7047216349541932,24,21.061308696660873,77.90603352329049,11.479784048804557,2.2016529372559592,36.29510583785031,54.746078205318426,-43.266294156513865,0.0,0.0,7.9922498192955524,60.03875090352224,52.91565738382066,0.0,Lower Priority,Lower mismatch and/or FIFA relevance relative to other Harris County tracts.
48201453800,Census Tract 4538; Harris County; Texas,29.67109385310292,-95.60878426956064,3614.0,0.7088592386479424,5098.332366935414,59391.0,1097.0,209.0,19.051959890610757,1,1.4107173123783658,19.731639835465018,20.924624754815895,59.52109510072353,2.431099363173869,13.84544102400465,7.079183730811245,7.079183730811245,15.60170354542546,11.954790676935044,40.22604661532478,28.88756243967951,4.506951853338472,Lower Priority,Lower mismatch and/or FIFA relevance relative to other Harris County tracts.
48201454000,Census Tract 4540; Harris County; Texas,29.695990530335216,-95.65107020813917,4332.0,0.8051982909409778,5380.04122554396,64322.0,1284.0,63.0,4.906542056074766,4,4.967720429865152,22.855569172196084,22.18598744197919,15.328751373198676,8.560908601249118,31.39401060891478,-9.20802316693559,0.0,0.0,14.481466559404742,27.592667202976283,21.88313962245813,0.0,Lower Priority,Lower mismatch and/or FIFA relevance relative to other Harris County tracts.
48201520200,Census Tract 5202; Harris County; Texas,29.78935798495233,-95.47656102978988,3189.0,0.7267793981323729,4387.851400569238,151607.0,1332.0,62.0,4.654654654654655,12,16.511200002142004,78.15310966227347,17.743417797602977,14.54181847701988,28.453870565159576,45.555163852505736,-27.81174605490276,0.0,0.0,8.226587628319058,58.86706185840471,49.74310447043117,0.0,Lower Priority,Lower mismatch and/or FIFA relevance relative to other Harris County tracts.
48201520700,Census Tract 5207; Harris County; Texas,29.79931906096228,-95.49673363993507,4505.0,0.7594668068745764,5931.793146483079,128966.0,1700.0,8.0,0.4705882352941176,15,19.75069860094255,63.80938950146873,24.656478746657555,1.4701861261017442,34.036521966289015,53.38450953857179,-28.728030791914236,0.0,0.0,9.440427292548152,52.79786353725924,47.16946106596817,0.0,Lower Priority,Lower mismatch and/or FIFA relevance relative to other Harris County tracts.
48201454100,Census Tract 4541; Harris County; Texas,29.70539632003591,-95.65382450861273,3837.0,0.6689895575525323,5735.515534857508,62188.0,1127.0,57.0,5.057675244010648,8,11.958333145389645,21.50361922196609,23.777637886441475,15.800913444904504,20.607882131512692,39.68524345858753,-15.907605572146053,0.0,0.0,14.694936632217848,26.52531683891076,24.75008642669134,0.0,Lower Priority,Lower mismatch and/or FIFA relevance relative to other Harris County tracts.
48201454200,Census Tract 4542; Harris County; Texas,29.705183426013082,-95.66947257994843,4270.0,0.5647547161173039,7560.8045017424665,66093.0,1115.0,13.0,1.1659192825112108,2,3.541360422361811,23.977548254603455,31.950442275666624,3.6425015007677746,6.102852068256062,33.17924599754891,-1.2288037218822865,0.0,0.0,15.630855797784532,21.845721011077334,17.122860328230953,0.0,Established Urban Hub,High urban activity with comparatively balanced mobility capacity.
48201521000,Census Tract 5210; Harris County; Texas,29.79436212605025,-95.51763609884716,2158.0,0.4550414711545166,4742.424892669215,47985.0,798.0,144.0,18.045112781954884,12,26.37122275812353,12.505613063054835,19.33103479694477,56.37555821893905,45.44571920316467,44.89933597653355,-25.56830117958878,0.0,0.0,9.921149962645348,50.39425018677326,48.90969089169068,0.0,Lower Priority,Lower mismatch and/or FIFA relevance relative to other Harris County tracts.
48201521100,Census Tract 5211; Harris County; Texas,29.8017668913853,-95.51970064247803,2494.0,0.23083465040402812,10804.270483806356,36955.0,741.0,36.0,4.8582995951417,7,30.3247367227925,5.5177930297667155,46.47319099953207,15.178034905098977,52.25883845637752,62.02777644793456,-15.554585448402491,0.0,0.0,10.392672445895695,48.03663777052153,49.30329797627832,0.0,Established Urban Hub,High urban activity with comparatively balanced mobility capacity.
48201521300,Census Tract 5213; Harris County; Texas,29.815965089374416,-95.51393946520962,7160.0,1.1259518869457976,6359.06390229681,60095.0,2502.0,252.0,10.071942446043165,18,15.986473497394215,20.17764394275739,26.569600653300895,31.466213850019344,27.54960557858893,39.84485975000645,-13.275259096705554,0.0,0.0,10.96899919654573,45.15500401727135,39.87338448566663,0.0,Lower Priority,Lower mismatch and/or FIFA relevance relative to other Harris County tracts.
48201521600,Census Tract 5216; Harris County; Texas,29.84247290450622,-95.53128618581756,2972.0,2.577176309559996,1153.200108574416,91667.0,968.0,15.0,1.5495867768595042,14,5.432301991938703,40.17940768627257,3.2601372012467182,4.84113458362532,9.361525372439917,35.100727385620345,-31.840590184373628,0.0,0.0,13.065670637752158,34.671646811239206,27.078610379599418,0.0,Lower Priority,Lower mismatch and/or FIFA relevance relative to other Harris County tracts.
48201454600,Census Tract 4546; Harris County; Texas,29.780468437680753,-95.73569865725129,5446.0,1.3299925919556141,4094.759649745289,42829.0,2199.0,92.0,4.183719872669395,0,0.0,9.239139799987424,16.43108775505217,13.07054968862624,0.0,26.078835093412128,-9.647747338359956,0.0,0.0,20.62797400347026,0.0,0.0,0.0,Lower Priority,Lower mismatch and/or FIFA relevance relative to other Harris County tracts.
48201454700,Census Tract 4547; Harris County; Texas,29.76632449331449,-95.72601293475739,7588.0,1.3244551147977983,5729.148474131903,148118.0,2377.0,18.0,0.7572570466975179,0,0.0,75.94272851121796,23.749129117260946,2.365781208388377,0.0,29.290265637483486,-5.54113652022254,0.0,0.0,19.779324028892383,1.1033798555380891,0.7723658988766624,0.0,Lower Priority,Lower mismatch and/or FIFA relevance relative to other Harris County tracts.
48201550500,Census Tract 5505; Harris County; Texas,29.952516594080834,-95.44546423249353,6391.0,1.6893015773081654,3783.220288104983,58533.0,1936.0,103.0,5.320247933884298,8,4.735684917045824,19.18807232970244,15.036157796879268,16.6212287371136,8.16104012122192,30.726359463721263,-15.690201666841995,0.0,0.0,18.5698202801269,7.150898599365496,7.453941055922423,0.0,Lower Priority,Lower mismatch and/or FIFA relevance relative to other Harris County tracts.
48201550700,Census Tract 5507; Harris County; Texas,29.942455978958716,-95.49712102757674,5079.0,2.3407682744974077,2169.8004263538323,105333.0,1376.0,90.0,6.540697674418605,8,3.417681317351971,48.837209007661095,7.812005803955994,20.434091323906873,5.889714970703599,27.992573082320458,-20.180567278364464,0.0,0.0,18.502606493307887,7.4869675334605645,7.007791764633475,0.0,Lower Priority,Lower mismatch and/or FIFA relevance relative to other Harris County tracts.
48201550800,Census Tract 5508; Harris County; Texas,29.950590238167344,-95.47593916832058,3591.0,0.7684792034592741,4672.865555548253,70326.0,988.0,9.0,0.9109311740890688,12,15.615256660144539,26.659274655411124,19.019580081528403,2.8458815447060584,26.909884913989153,47.98315497638059,-28.963574894852187,0.0,0.0,18.734044709829522,6.329776450852387,12.503808989793416,0.0,Lower Priority,Lower mismatch and/or FIFA relevance relative to other Harris County tracts.
48201540800,Census Tract 5408; Harris County; Texas,29.891618463429758,-95.60383258222659,6864.0,3.7045382415887906,1852.8625033321803,66179.0,2401.0,27.0,1.1245314452311537,0,0.0,24.03203171089201,6.392903571171549,3.5131998744309696,0.0,28.94604003767071,-22.55313646649916,0.0,0.0,18.384411653188746,8.077941734056271,5.65455921383939,0.0,Lower Priority,Lower mismatch and/or FIFA relevance relative to other Harris County tracts.
48201541100,Census Tract 5411; Harris County; Texas,29.901009304876787,-95.6514946616669,8045.0,1.3059384274784198,6160.321061639746,83321.0,2471.0,28.0,1.13314447592068,0,0.0,34.891978312036606,25.679721631448736,3.540108235655758,0.0,28.93796752930327,-3.2582458978545326,0.0,0.0,20.77380382362395,0.0,0.0,0.0,Lower Priority,Lower mismatch and/or FIFA relevance relative to other Harris County tracts.
48201551000,Census Tract 5510; Harris County; Texas,29.969731446522587,-95.49177086433089,3693.0,0.42895988424281584,8609.196653712146,52514.0,1097.0,0.0,0.0,4,9.324881292945731,15.37486391806498,36.6446600881315,0.0,16.069635478374344,41.24874483486204,-4.6040847467305355,0.0,0.0,20.233245818302454,0.0,4.820890643512303,0.0,Established Urban Hub,High urban activity with comparatively balanced mobility capacity.
48201421302,Census Tract 4213.02; Harris County; Texas,29.709210625605554,-95.50266589813458,5595.0,0.4700828529448547,11902.157172825762,55064.0,1768.0,338.0,19.11764705882353,12,25.527414847883673,16.990361749876833,51.38902258218974,59.72631137288336,43.991578919193316,42.87621183157031,8.51281075061943,8.51281075061943,18.761251963473928,5.784037370828586,71.07981314585707,62.95334287785795,11.8108352767446,Established Urban Hub,High urban activity with comparatively balanced mobility capacity.
48201421204,Census Tract 4212.04; Harris County; Texas,29.721454357758926,-95.48951971252731,3274.0,0.09049694053212971,36178.01862415018,44222.0,1324.0,255.0,19.259818731117825,3,33.15029195859821,10.12164508614974,100.0,60.17047636566334,57.12813826159425,51.93855387341697,48.06144612658303,48.06144612658303,100.0,5.374844237254887,73.12577881372556,68.32648664808616,68.32648664808616,High-Intensity / Mobility Gap,"High population density and mobility mismatch, combined with strong FIFA relevance."
48201421801,Census Tract 4218.01; Harris County; Texas,29.67879239428437,-95.48009851164922,2303.0,0.11921097196077286,19318.69157780055,42045.0,1053.0,113.0,10.731244064577398,11,92.2733857385176,8.742453407775468,84.5968521573945,33.52596804655093,100.0,89.94220958603472,-5.345357428640227,0.0,0.0,4.194922966402518,79.02538516798741,85.31776961759118,0.0,Established Urban Hub,High urban activity with comparatively balanced mobility capacity.
48201541205,Census Tract 5412.05; Harris County; Texas,29.894141958061354,-95.66240184617384,3286.0,0.526614772692164,6239.855337140062,96223.0,1184.0,10.0,0.8445945945945946,0,0.0,43.06576381244307,26.03583953261161,2.638636417201188,0.0,29.208409074839643,-3.1725695422280324,0.0,0.0,20.906706999814393,0.0,0.0,0.0,Lower Priority,Lower mismatch and/or FIFA relevance relative to other Harris County tracts.
48201421301,Census Tract 4213.01; Harris County; Texas,29.70871338636333,-95.49501146537264,3537.0,0.1030761488574426,34314.43684311273,41842.0,1160.0,386.0,33.275862068965516,10,97.01565406591102,8.613847109792014,100.0,100.0,100.0,70.0,30.0,30.0,66.11653605282642,5.334628668630162,73.32685665684919,81.32879965979443,53.77178514839895,High-Intensity / Mobility Gap,"High population density and mobility mismatch, combined with strong FIFA relevance."
48201421206,Census Tract 4212.06; Harris County; Texas,29.71821626060193,-95.4869011887614,2013.0,0.06243271903631349,32242.709128672654,31203.0,767.0,222.0,28.943937418513688,3,48.0517274644898,1.8737367440483776,100.0,90.42507235834391,82.80789000978376,60.83800129934546,39.16199870065454,39.16199870065454,86.30852329975224,5.132334579594203,74.33832710202898,76.87919597435541,66.35329877018872,High-Intensity / Mobility Gap,"High population density and mobility mismatch, combined with strong FIFA relevance."
48201423203,Census Tract 4232.03; Harris County; Texas,29.660883675529305,-95.53217695841307,2280.0,0.31845126883343117,7159.651171597544,50821.0,835.0,70.0,8.383233532934131,6,18.84118729367775,14.30230006345421,30.154262187559322,26.19044146798017,32.469154542291705,44.87127573921014,-14.717013551650819,0.0,0.0,7.4909442115034786,62.54527894248261,53.52244162242533,0.0,Lower Priority,Lower mismatch and/or FIFA relevance relative to other Harris County tracts.
48201421502,Census Tract 4215.02; Harris County; Texas,29.712844235095655,-95.48055949706692,3137.0,0.25232393824202504,12432.43119085689,44367.0,1063.0,230.0,21.636876763875822,8,31.705275590326785,10.213506727566493,53.76334571714681,67.59675156464981,54.63793108694929,47.967526291469554,5.795819425677259,5.795819425677259,12.77331680044874,4.627967292410506,76.86016353794747,70.193493802648,8.966037336715583,Established Urban Hub,High urban activity with comparatively balanced mobility capacity.
48201432101,Census Tract 4321.01; Harris County; Texas,29.73334767993597,-95.51743099978809,3193.0,0.22142109367660476,14420.486986951284,62029.0,1453.0,261.0,17.962835512732276,7,31.613970845179765,21.40288818068841,62.664945097366385,56.11851205706674,54.480584958257175,51.30085585366,11.364089243706381,11.364089243706381,25.045140539634993,7.241784897719638,63.79107551140181,60.99792834545841,15.277016880385908,High-Intensity / Mobility Gap,"High population density and mobility mismatch, combined with strong FIFA relevance."
48201451501,Census Tract 4515.01; Harris County; Texas,29.760172266120737,-95.62236272127859,2984.0,0.2948137085853041,10121.646019511953,73154.0,1879.0,59.0,3.139968068121341,11,37.311697793107065,28.45089342731854,43.41671264503962,9.809717166578295,64.29951907999957,72.0667482060262,-28.650035560986588,0.0,0.0,13.750545008021865,31.24727495989068,41.16294819592335,0.0,Established Urban Hub,High urban activity with comparatively balanced mobility capacity.
48201432006,Census Tract 4320.06; Harris County; Texas,29.734573752884778,-95.49828004756135,2264.0,0.1349844034437074,16772.308075904166,35219.0,1124.0,356.0,31.672597864768683,5,37.04131642204984,4.417987447011668,73.19531813263922,98.94980466156312,63.83356890470675,44.998556834825784,28.19676129781343,28.19676129781343,62.14240616399407,6.289223018188873,68.55388490905563,67.13779010775096,41.721038218288435,High-Intensity / Mobility Gap,"High population density and mobility mismatch, combined with strong FIFA relevance."
48201521202,Census Tract 5212.02; Harris County; Texas,29.806887065206137,-95.51460859687232,3481.0,0.5393785378492602,6453.723601758944,66630.0,1578.0,96.0,6.083650190114068,7,12.97789865335036,24.317753092126186,26.993443245505432,19.006208474319124,22.364906756764146,39.953572187439164,-12.960128941933732,0.0,0.0,10.483382216040608,47.58308891979696,40.01763427088711,0.0,Lower Priority,Lower mismatch and/or FIFA relevance relative to other Harris County tracts.
48201552303,Census Tract 5523.03; Harris County; Texas,29.959710386478083,-95.58889357852607,3250.0,0.44928044084690477,7233.789198287086,63724.0,1638.0,47.0,2.8693528693528694,0,0.0,22.476719092422172,30.486218168737928,8.96427590625224,0.0,27.31071722812433,3.175500940613599,3.175500940613599,6.99843741419544,21.763640543804048,0.0,0.0,0.0,Lower Priority,Lower mismatch and/or FIFA relevance relative to other Harris County tracts.
48201550306,Census Tract 5503.06; Harris County; Texas,29.99100430038745,-95.44006534202407,5063.0,0.828846662049544,6108.488133957594,70560.0,1479.0,65.0,4.394861392832995,6,7.238974679783837,26.807520338800916,25.447637623627205,13.730186522501922,12.474977502320566,34.61342829487381,-9.165790671246608,0.0,0.0,21.177322506183614,0.0,3.7424932506961697,0.0,Lower Priority,Lower mismatch and/or FIFA relevance relative to other Harris County tracts.
48201555504,Census Tract 5555.04; Harris County; Texas,30.026565854067,-95.62428026080258,8095.0,1.1938888783542922,6780.363019344393,127838.0,2822.0,5.0,0.1771793054571226,0,0.0,63.09476928410255,28.45598430841022,0.553533933020235,0.0,29.833939820093928,-1.3779555116837088,0.0,0.0,26.821510181247998,0.0,0.0,0.0,Lower Priority,Lower mismatch and/or FIFA relevance relative to other Harris County tracts.
48201543009,Census Tract 5430.09; Harris County; Texas,29.887600376070438,-95.70040827526267,5268.0,0.40323853064503523,13064.227745233356,75724.0,1135.0,31.0,2.7312775330396475,0,0.0,30.07906183036029,56.59224007107338,8.532908463167612,0.0,27.440127461049716,29.15211261002366,29.15211261002366,64.24789014655616,22.33027750342704,0.0,0.0,0.0,High-Intensity / Mobility Gap,"High population density and mobility mismatch, combined with strong FIFA relevance."
48201555304,Census Tract 5553.04; Harris County; Texas,30.126846343790596,-95.5396553190129,9377.0,2.571049640508244,3647.1485623071667,140601.0,3141.0,96.0,3.0563514804202483,0,0.0,71.18049431446123,14.426891199630438,9.548486778884298,0.0,27.135453966334712,-12.708562766704274,0.0,0.0,31.43222809865196,0.0,0.0,0.0,Lower Priority,Lower mismatch and/or FIFA relevance relative to other Harris County tracts.
48201452102,Census Tract 4521.02; Harris County; Texas,29.734726765156275,-95.57830805404923,1818.0,0.07420690436106538,24499.06805375191,55909.0,914.0,42.0,4.595185995623632,2,26.95167002612971,17.52569338433997,100.0,14.35602973244865,46.4460081846806,58.205396809541824,41.794603190458176,41.794603190458176,92.11047962185006,10.654035507482732,46.72982246258635,46.64467817921462,42.964636788943025,High-Intensity / Mobility Gap,"High population density and mobility mismatch, combined with strong FIFA relevance."
48201333301,Census Tract 3333.01; Harris County; Texas,29.632154910722146,-95.24061948459789,4541.0,0.5674605200443693,8002.318821483726,30325.0,1247.0,290.0,23.25581395348837,6,10.573422798701246,1.317498667055905,33.927340309759956,72.65454692944665,18.22125609924915,20.95851519064041,12.968825119119547,12.968825119119547,28.581793118368942,10.85537789211718,45.723110539414094,37.47255420736461,10.71032791971761,High-Intensity / Mobility Gap,"High population density and mobility mismatch, combined with strong FIFA relevance."
48201320901,Census Tract 3209.01; Harris County; Texas,29.64777258773614,-95.24376016585957,2816.0,0.4013118808739084,7016.986374457185,54707.0,1115.0,120.0,10.762331838565023,0,0.0,16.764192053423173,29.515474849548678,33.62309077631792,0.0,19.913072767104623,9.602402082444055,9.602402082444055,21.162585449254927,10.361438939883971,48.19280530058015,33.7349637104061,7.13919052148983,Emerging Opportunity,Moderate urban intensity and mobility mismatch with timely FIFA proximity.
48201530102,Census Tract 5301.02; Harris County; Texas,29.810916621540454,-95.45429300436678,2971.0,0.6633524660378126,4478.765290111465,65192.0,1108.0,46.0,4.1516245487364625,11,16.58243628112626,23.406739020696598,18.150488376000375,12.970279226213494,28.576632560744308,46.11255902465696,-27.962070648656585,0.0,0.0,9.082363984204553,54.58818007897723,46.784715823507355,0.0,Lower Priority,Lower mismatch and/or FIFA relevance relative to other Harris County tracts.
48201410601,Census Tract 4106.01; Harris County; Texas,29.744530000971324,-95.37776570109781,3723.0,0.24443509893868579,15231.03685258343,98958.0,2844.0,170.0,5.977496483825598,20,81.82130997896014,44.798464428131474,66.29421455535778,18.674568848602497,100.0,94.39762934541925,-28.103414790061464,0.0,0.0,4.573200327084195,77.13399836457903,83.99379885520531,0.0,Established Urban Hub,High urban activity with comparatively balanced mobility capacity.
48201511201,Census Tract 5112.01; Harris County; Texas,29.79591403219872,-95.4175102948567,2940.0,0.4246830306326412,6922.810161781942,190938.0,1459.0,37.0,2.5359835503769705,7,16.482881337576053,100.0,29.09379708877945,7.922781642546239,28.405068805382385,47.506713671003794,-18.412916582224344,0.0,0.0,7.673199750639359,61.63400124680321,51.665321514376956,0.0,Lower Priority,Lower mismatch and/or FIFA relevance relative to other Harris County tracts.
48201421103,Census Tract 4211.03; Harris County; Texas,29.718290149442396,-95.48063523819296,1533.0,0.1259499990359727,12171.496718806313,41982.0,603.0,99.0,16.417910447761194,10,79.39658655450954,8.702541108401292,52.59500117709596,51.29194133974369,100.0,84.61241759807689,-32.01741642098093,0.0,0.0,4.801180384551381,75.9940980772431,83.19586865407015,0.0,Established Urban Hub,High urban activity with comparatively balanced mobility capacity.
48201410706,Census Tract 4107.06; Harris County; Texas,29.736198431417872,-95.38501162537425,1835.0,0.16668030184277385,11009.0993339508,72305.0,1140.0,234.0,20.526315789473685,3,17.99852752144545,27.91302767860942,47.39032037239918,64.12719747404319,31.016992852865492,32.473735754792884,14.916584617606297,14.916584617606297,32.874430155166756,3.869804413771882,80.65097793114059,65.76078240765806,21.618482482096734,High-Intensity / Mobility Gap,"High population density and mobility mismatch, combined with strong FIFA relevance."
48201241501,Census Tract 2415.01; Harris County; Texas,29.982927651210055,-95.29170860737872,4295.0,5.625553623915986,763.4804122638906,44500.0,1694.0,244.0,14.403778040141676,0,0.0,10.297766026245307,1.5151516661564275,44.99949860588868,0.0,16.500150418233396,-14.984998752076969,0.0,0.0,21.75413974670042,0.0,0.0,0.0,Lower Priority,Lower mismatch and/or FIFA relevance relative to other Harris County tracts.
48201553901,Census Tract 5539.01; Harris County; Texas,30.030873694033367,-95.5400107382041,6298.0,1.4974759862881564,4205.743569625489,135581.0,1970.0,69.0,3.50253807106599,0,0.0,68.00018093575711,16.928022697401758,10.942438616226815,0.0,26.717268415131958,-9.7892457177302,0.0,0.0,25.083869649546724,0.0,0.0,0.0,Lower Priority,Lower mismatch and/or FIFA relevance relative to other Harris County tracts.
48201240704,Census Tract 2407.04; Harris County; Texas,30.012947444291044,-95.42182730031072,4650.0,0.8456405615375063,5498.7901615617575,110398.0,1247.0,76.0,6.094627105052125,5,5.9126775930771585,52.04603117163248,22.7176905548065,19.040501953923954,10.189360125557869,31.42040150171332,-8.702710946906823,0.0,0.0,22.62536423829033,0.0,3.0568080376673605,0.0,Lower Priority,Lower mismatch and/or FIFA relevance relative to other Harris County tracts.
48201551300,Census Tract 5513; Harris County; Texas,29.951790462267795,-95.507133706889,3634.0,0.7669903935359345,4737.999368214698,138299.0,1123.0,16.0,1.4247551202137132,0,0.0,69.72211156590011,19.31121933410974,4.451142323015075,0.0,28.664657303095478,-9.353437968985737,0.0,0.0,19.292792574908457,3.536037125457714,2.4752259878203997,0.0,Lower Priority,Lower mismatch and/or FIFA relevance relative to other Harris County tracts.
48201541008,Census Tract 5410.08; Harris County; Texas,29.931382737683172,-95.65935151397639,3351.0,2.1722949142303625,1542.608224163361,139393.0,979.0,0.0,0.0,0,0.0,70.41519181217546,5.00372762118805,0.0,0.0,30.0,-24.996272378811952,0.0,0.0,22.63045862075804,0.0,0.0,0.0,Lower Priority,Lower mismatch and/or FIFA relevance relative to other Harris County tracts.
48201253601,Census Tract 2536.01; Harris County; Texas,29.766028111382152,-94.99335750052386,4254.0,1.2039742528375794,3533.2981498350036,98152.0,1887.0,125.0,6.624271330153683,0,0.0,44.287840407566634,13.917121421995974,20.69518758589167,0.0,23.791443724232497,-9.874322302236523,0.0,0.0,25.711735052953706,0.0,0.0,0.0,Lower Priority,Lower mismatch and/or FIFA relevance relative to other Harris County tracts.
48201253102,Census Tract 2531.02; Harris County; Texas,29.827724889650174,-94.96067012042099,8338.0,10.03574529793034,830.8301727943948,101836.0,2444.0,59.0,2.414075286415712,0,0.0,46.62175962811364,1.81671291397153,7.541922486088633,0.0,27.737423254173407,-25.92071034020188,0.0,0.0,28.78929810493079,0.0,0.0,0.0,Lower Priority,Lower mismatch and/or FIFA relevance relative to other Harris County tracts.
48201530501,Census Tract 5305.01; Harris County; Texas,29.83915415914687,-95.39235957830965,1636.0,0.40265590248779465,4063.0225209466303,39425.0,727.0,73.0,10.041265474552958,3,7.450530295134408,7.082608576658977,16.28898349087654,31.370374527033434,12.839552826690504,29.576574620573318,-13.287591129696779,0.0,0.0,10.698279207740825,46.50860396129588,36.407888620914264,0.0,Lower Priority,Lower mismatch and/or FIFA relevance relative to other Harris County tracts.
48201553404,Census Tract 5534.04; Harris County; Texas,30.04602177191695,-95.46235502345644,3489.0,0.7790584026033371,4478.483241231977,147868.0,1090.0,6.0,0.5504587155963303,0,0.0,75.78434637084426,18.149225490856118,1.71971312915571,0.0,29.484086061253286,-11.334860570397169,0.0,0.0,25.087088369336158,0.0,0.0,0.0,Lower Priority,Lower mismatch and/or FIFA relevance relative to other Harris County tracts.
48201530502,Census Tract 5305.02; Harris County; Texas,29.835758341972205,-95.39757415416722,2491.0,0.5079494360417465,4904.031431575945,62922.0,1114.0,225.0,20.197486535008977,8,15.749599137939608,21.968629186103307,20.054634541679135,63.0998870325311,27.141398279104212,30.069012685613618,-10.014378143934483,0.0,0.0,10.437241778861464,47.81379110569268,41.61207325771613,0.0,Lower Priority,Lower mismatch and/or FIFA relevance relative to other Harris County tracts.
48201313102,Census Tract 3131.02; Harris County; Texas,29.711677202007944,-95.39229166120406,1789.0,1.2093356674110998,1479.3245979669348,85956.0,991.0,120.0,12.108980827447024,55,45.479515309212644,36.56132607157552,4.720372652562508,37.83021817920734,78.37517817037224,73.51355926549836,-68.79318661293586,0.0,0.0,2.1634432368576704,89.18278381571166,85.94050212210982,0.0,Lower Priority,Lower mismatch and/or FIFA relevance relative to other Harris County tracts.
48201312602,Census Tract 3126.02; Harris County; Texas,29.72580101803963,-95.38304789252238,2519.0,0.2023136700546562,12450.962899933938,131864.0,1314.0,0.0,0.0,7,34.599738110177675,65.64535527268079,53.846322186096394,0.0,59.62597931390181,71.73818551973126,-17.891863333634866,0.0,0.0,3.283979232319812,83.58010383840094,76.39386648105119,0.0,Established Urban Hub,High urban activity with comparatively balanced mobility capacity.
48201312502,Census Tract 3125.02; Harris County; Texas,29.736164304787433,-95.37642817065685,2089.0,0.31258599094301287,6682.961042808994,101406.0,1039.0,98.0,9.432146294513956,20,63.98239389955954,46.34934234667085,28.019863060876325,29.467397570807336,100.0,91.1597807287578,-63.13991766788147,0.0,0.0,4.101251597287706,79.49374201356147,85.64561940949304,0.0,Lower Priority,Lower mismatch and/or FIFA relevance relative to other Harris County tracts.
48201410703,Census Tract 4107.03; Harris County; Texas,29.741390187962544,-95.39371391425183,2286.0,0.2231871249497779,10242.526312906271,93250.0,1379.0,164.0,11.892675852066716,10,44.80545193747275,41.18228339911891,43.9579589958078,37.154449959859164,77.21355987916907,72.9031569274606,-28.9451979316528,0.0,0.0,4.0371089902533015,79.81445504873349,79.03418649786417,0.0,Established Urban Hub,High urban activity with comparatively balanced mobility capacity.
48201410802,Census Tract 4108.02; Harris County; Texas,29.740683740775825,-95.40502518638341,1441.0,0.19414567889069076,7422.261511219736,121094.0,800.0,65.0,8.125,7,36.05539942993626,58.82225266538133,31.330110491722895,25.383682333475427,62.134531010552976,65.87906700734445,-34.548956515621555,0.0,0.0,3.872130530269672,80.63934734865164,75.08790244722204,0.0,Established Urban Hub,High urban activity with comparatively balanced mobility capacity.
48201410501,Census Tract 4105.01; Harris County; Texas,29.749103188452374,-95.39236117890061,1825.0,0.2131604379945891,8561.626243451075,136043.0,1007.0,17.0,1.6881827209533267,10,46.91302051206069,68.29287113116773,36.43166167262998,5.274128481174331,80.84554807026016,85.00964510482981,-48.57798343219984,0.0,0.0,4.572125391758473,77.13937304120763,78.25122554992339,0.0,Established Urban Hub,High urban activity with comparatively balanced mobility capacity.
48201411003,Census Tract 4110.03; Harris County; Texas,29.73469329352153,-95.41469077621123,1671.0,0.25541700263410855,6542.242618020816,107802.0,899.0,194.0,21.579532814238043,14,54.81232594392066,50.40139102599187,27.389790682957795,67.41760072140646,94.45847834084296,75.89565462216814,-48.50586393921034,0.0,0.0,3.4527025211000724,82.73648739449963,86.25308467840263,0.0,Lower Priority,Lower mismatch and/or FIFA relevance relative to other Harris County tracts.
48201411002,Census Tract 4110.02; Harris County; Texas,29.74050079664603,-95.4146968909412,2176.0,0.13128631696918786,16574.461453669195,101875.0,1307.0,29.0,2.218821729150727,5,38.08470003140899,46.64646724201193,72.30945196463469,6.9319219602922715,65.63163943662829,73.86257101755211,-1.553119052917424,0.0,0.0,3.851974119935347,80.74012940032327,76.20758241121477,0.0,Established Urban Hub,High urban activity with comparatively balanced mobility capacity.
48201411503,Census Tract 4115.03; Harris County; Texas,29.734588917626095,-95.42406538910593,3555.0,0.3459189624942993,10276.973469063829,115417.0,1993.0,103.0,5.168088309081787,11,31.799355319184844,55.22571102177509,44.11219751592622,16.145859927271413,54.80005936517166,63.51628357743874,-19.404086061512523,0.0,0.0,3.529914152735141,82.3504292363243,74.0853182749785,0.0,Established Urban Hub,High urban activity with comparatively balanced mobility capacity.
48201411001,Census Tract 4110.01; Harris County; Texas,29.740279740893282,-95.42436691203288,2673.0,0.17447879324101417,15319.913385162423,124773.0,1760.0,20.0,1.1363636363636365,5,28.656777750023238,61.15300424312085,66.69216278642628,3.5501653613252344,49.38443267648169,63.5040532651396,3.188109521286677,3.188109521286677,7.0262252701503245,3.9164715601855344,80.41764219907233,71.10767934229514,4.996185734965803,Established Urban Hub,High urban activity with comparatively balanced mobility capacity.
48201411801,Census Tract 4118.01; Harris County; Texas,29.726432567760547,-95.438023289808,3825.0,0.47184811201371074,8106.422178264125,121557.0,1806.0,94.0,5.204872646733112,18,38.14786907418412,59.11557638935343,34.393467255500454,16.26077955087616,65.74049910561754,71.14011550866944,-36.746648253168985,0.0,0.0,3.3117603577094803,83.44119821145259,78.13098847970207,0.0,Established Urban Hub,High urban activity with comparatively balanced mobility capacity.
48201553405,Census Tract 5534.05; Harris County; Texas,30.054199695724762,-95.44681017374687,6522.0,1.277278064249814,5106.170835111443,118704.0,2160.0,17.0,0.787037037037037,0,0.0,57.308119403408654,20.95972180973492,2.4588182317326623,0.0,29.2623545304802,-8.30263272074528,0.0,0.0,25.55010441149172,0.0,0.0,0.0,Lower Priority,Lower mismatch and/or FIFA relevance relative to other Harris County tracts.
48201341101,Census Tract 3411.01; Harris County; Texas,29.538744885305686,-95.12970986208293,1956.0,0.9952466537252161,1965.341950840705,72564.0,695.0,47.0,6.762589928057554,0,0.0,28.077111576036586,6.8965347983213645,21.127315013584415,0.0,23.66180549592467,-16.765270697603306,0.0,0.0,19.67778367887775,1.6110816056112531,1.1277571239278772,0.0,Lower Priority,Lower mismatch and/or FIFA relevance relative to other Harris County tracts.
48201350603,Census Tract 3506.03; Harris County; Texas,29.534577216253584,-95.17154701167021,4398.0,0.6753274244850066,6512.396565790055,103673.0,1353.0,8.0,0.5912786400591279,0,0.0,47.78555159557966,27.25615378978745,1.8472405132098781,0.0,29.445827846037034,-2.189674056249583,0.0,0.0,17.726505982966547,11.367470085167264,7.9572290596170845,0.0,Lower Priority,Lower mismatch and/or FIFA relevance relative to other Harris County tracts.
48201433006,Census Tract 4330.06; Harris County; Texas,29.711375761792674,-95.54158694770942,2239.0,0.10914026935951025,20514.884314832398,41006.0,926.0,298.0,32.18142548596112,2,18.325041817626083,8.084217232382326,89.95285300380147,100.0,31.579677304631122,22.105774113241786,67.84707889055969,67.84707889055969,100.0,8.084919996771673,59.575400016141636,51.17668320268848,51.17668320268848,High-Intensity / Mobility Gap,"High population density and mobility mismatch, combined with strong FIFA relevance."
48201431203,Census Tract 4312.03; Harris County; Texas,29.7415300203722,-95.50880590249687,1958.0,0.17872553088282256,10955.345832956118,42768.0,1032.0,259.0,25.0968992248062,1,5.5951715183636965,9.200494557736238,47.14963692071794,78.40636522802785,9.642199607099082,13.227630156561002,33.92200676415693,33.92200676415693,74.76018610688678,7.081385724467894,64.59307137766052,48.10780984649209,35.96548817318469,High-Intensity / Mobility Gap,"High population density and mobility mismatch, combined with strong FIFA relevance."
48201431403,Census Tract 4314.03; Harris County; Texas,29.744227460830153,-95.47841203597989,1772.0,0.12972067271629825,13660.120340844978,97500.0,968.0,14.0,1.4462809917355373,6,46.25322914507329,43.87477978547199,59.260373012912595,4.518392278050298,79.70852482822848,84.44044969634484,-25.180076683432247,0.0,0.0,5.779672121921422,71.10163939039289,73.68370502174356,0.0,Established Urban Hub,High urban activity with comparatively balanced mobility capacity.
48201431404,Census Tract 4314.04; Harris County; Texas,29.743608330135423,-95.48105497132705,2044.0,0.14839913684010614,13773.665019374906,71191.0,1405.0,0.0,0.0,4,26.954334675880446,27.207276861104162,59.768773854586584,0.0,46.450600194897845,62.51542013642849,-2.7466462818419046,0.0,0.0,5.8631539072056285,70.68423046397186,63.41414138324966,0.0,Established Urban Hub,High urban activity with comparatively balanced mobility capacity.
48201451406,Census Tract 4514.06; Harris County; Texas,29.741796774573704,-95.61119159358603,2444.0,0.4224961480066568,5784.66812426771,44375.0,1586.0,111.0,6.998738965952081,8,18.935083876490047,10.218574956058452,23.997720572395053,21.865078971894636,32.63096720360677,46.28215335095635,-22.284432778561296,0.0,0.0,12.684080526304292,36.57959736847853,35.395008319017,0.0,Lower Priority,Lower mismatch and/or FIFA relevance relative to other Harris County tracts.
48201431206,Census Tract 4312.06; Harris County; Texas,29.74088196498125,-95.51476813691505,1895.0,0.17445562711150164,10862.360999045499,71875.0,1004.0,199.0,19.8207171314741,5,28.660583110937992,27.640610397166636,46.73329360604102,61.92280458917081,49.39099048251081,45.996851961006314,0.7364416450347093,0.7364416450347093,1.6230323524913386,7.359283142437132,63.20358428781434,59.05980614622327,0.9585597610718718,Established Urban Hub,High urban activity with comparatively balanced mobility capacity.
48201432903,Census Tract 4329.03; Harris County; Texas,29.709987988200307,-95.53673662059747,2099.0,0.14868948566333007,14116.667299210769,52750.0,732.0,145.0,19.808743169398905,3,20.176275320453694,15.524376658577763,61.30458028798703,61.8853961892213,34.76992140975433,35.77332613006164,25.53125415792539,25.53125415792539,56.26793620021161,7.779147051529224,61.104264742353884,53.203961742574016,29.93677124929654,High-Intensity / Mobility Gap,"High population density and mobility mismatch, combined with strong FIFA relevance."
48201431205,Census Tract 4312.05; Harris County; Texas,29.7393055300178,-95.51848335932382,3514.0,0.08384053931885795,41912.89832518538,43843.0,1879.0,312.0,16.60457690260777,5,59.63702095217043,9.881537761343196,100.0,51.87511450800726,100.0,84.43746564759782,15.562534352402182,15.562534352402182,34.29802878613161,7.4951873036182315,62.52406348190884,73.76684443733618,25.300573539738483,High-Intensity / Mobility Gap,"High population density and mobility mismatch, combined with strong FIFA relevance."
48201222601,Census Tract 2226.01; Harris County; Texas,29.935079664728935,-95.39034814202266,2269.0,0.5250776999990066,4321.265214661169,31607.0,618.0,192.0,31.06796116504854,5,9.52240020859667,2.129682282892294,17.44527548571471,97.06083162613456,16.41002125647487,12.36876539169204,5.0765100940226695,5.0765100940226695,11.188042088466235,17.29362406763326,13.5318796618337,14.39532214022605,1.6105546998187887,Lower Priority,Lower mismatch and/or FIFA relevance relative to other Harris County tracts.
48201250408,Census Tract 2504.08; Harris County; Texas,29.955509413744533,-95.19473473068072,17485.0,4.220996983102654,4142.3862821971525,130054.0,6393.0,57.0,0.8916001877053027,0,0.0,64.49866857637512,16.644337907662738,2.7854887302373497,0.0,29.164353380928794,-12.520015473266056,0.0,0.0,22.7245288555133,0.0,0.0,0.0,Lower Priority,Lower mismatch and/or FIFA relevance relative to other Harris County tracts.
48201314005,Census Tract 3140.05; Harris County; Texas,29.683658065769286,-95.39702255423414,2679.0,0.29835349317482124,8979.281494218105,38990.0,1857.0,396.0,21.32471728594507,12,40.22074577477315,6.807023652408721,38.30172977065669,66.62151993078177,69.31270253895029,58.53243579803067,-20.230706027373976,0.0,0.0,0.8259444032973839,95.87027798351309,87.90300535014424,0.0,Established Urban Hub,High urban activity with comparatively balanced mobility capacity.
48201432703,Census Tract 4327.03; Harris County; Texas,29.7288262203031,-95.4723480484908,2048.0,0.18213211022764256,11244.585029187077,75223.0,1064.0,9.0,0.8458646616541353,5,27.45260016891376,29.76166402105137,48.44471699591642,2.6426042915127685,47.30926472830645,62.32370402236069,-13.878987026444264,0.0,0.0,4.79493131683496,76.02534341582519,67.41051980956956,0.0,Established Urban Hub,High urban activity with comparatively balanced mobility capacity.
48201432704,Census Tract 4327.04; Harris County; Texas,29.728887657043447,-95.48223819493637,1742.0,0.2644510209396847,6587.231139475581,42232.0,584.0,143.0,24.486301369863014,9,34.032767081102314,8.860923248775004,27.591228588013305,76.49876867622731,58.64891403255261,48.10460921991863,-20.513380631905324,0.0,0.0,5.270910968176906,73.64544515911547,69.14648582114661,0.0,Lower Priority,Lower mismatch and/or FIFA relevance relative to other Harris County tracts.
48201421104,Census Tract 4211.04; Harris County; Texas,29.723002747030698,-95.48052880441715,4854.0,0.19797774281422453,24517.907573857057,37316.0,1623.0,341.0,21.010474430067777,4,20.204291367002106,5.746496840466354,100.0,65.63977952103983,34.818201665709836,34.68080730968494,65.31919269031506,65.31919269031506,100.0,4.960336361095238,75.19831819452381,63.08428323587961,63.08428323587961,High-Intensity / Mobility Gap,"High population density and mobility mismatch, combined with strong FIFA relevance."
48201432004,Census Tract 4320.04; Harris County; Texas,29.734683758129833,-95.47621552518844,2018.0,0.41783010342067134,4829.714239063042,128611.0,878.0,23.0,2.619589977220957,15,35.89975896231201,63.58448686213806,19.72187633835701,8.183980286244049,61.866314665289956,70.85122617982975,-51.129349841472745,0.0,0.0,5.233201045297172,73.83399477351415,70.24369074104689,0.0,Lower Priority,Lower mismatch and/or FIFA relevance relative to other Harris County tracts.
48201431504,Census Tract 4315.04; Harris County; Texas,29.753810175618103,-95.49050966508112,2503.0,0.3086075943013915,8110.623478550975,121875.0,1082.0,0.0,0.0,5,16.201804791352327,59.31703847190879,34.412278745652294,0.0,27.920687557252965,49.54448129007707,-15.132202544424779,0.0,0.0,6.760878059190927,66.19560970404537,54.71313306000764,0.0,Established Urban Hub,High urban activity with comparatively balanced mobility capacity.
48201431304,Census Tract 4313.04; Harris County; Texas,29.746054653653868,-95.49803672859558,3114.0,0.17182086598160798,18123.52639599272,67188.0,1615.0,177.0,10.959752321981425,2,11.640029798325447,24.671262029440307,79.24545223062131,34.23986109473799,20.059347667836715,33.7695850390643,45.47586719155701,45.47586719155701,100.0,6.742333592923417,66.28833203538291,52.41963672511905,52.41963672511904,High-Intensity / Mobility Gap,"High population density and mobility mismatch, combined with strong FIFA relevance."
48201431503,Census Tract 4315.03; Harris County; Texas,29.752895056085976,-95.49815337793714,2295.0,0.11759165950784585,19516.690295937824,110563.0,1174.0,13.0,1.1073253833049403,3,25.512013458742256,52.150563384279124,85.48339934088781,3.4594456331823413,43.96503759372353,59.73769262565177,25.745706715236047,25.745706715236047,56.74056487477998,7.052485025369038,64.73757487315481,58.50581368932543,33.1965291719096,High-Intensity / Mobility Gap,"High population density and mobility mismatch, combined with strong FIFA relevance."
48201551502,Census Tract 5515.02; Harris County; Texas,29.940012263505793,-95.54209027460084,4924.0,2.334441604527531,2109.2838606243786,66534.0,1387.0,81.0,5.839942321557317,2,0.8567359303917054,24.25693435022268,7.541040459296854,18.244829629074456,1.4764192347451823,25.56004457559929,-18.019004116302433,0.0,0.0,19.281199401086372,3.594002994568135,2.958727866621249,0.0,Lower Priority,Lower mismatch and/or FIFA relevance relative to other Harris County tracts.
48201533803,Census Tract 5338.03; Harris County; Texas,29.90343754224492,-95.45140526965511,7014.0,1.331524259218552,5267.6471731100055,64209.0,1911.0,88.0,4.604918890633177,1,0.7510189867564878,22.78398044474717,21.6827385746929,14.386436712769553,1.2942364600013407,26.59003450817007,-4.907295933477172,0.0,0.0,15.267752773467603,23.66123613266199,16.951136230863796,0.0,Lower Priority,Lower mismatch and/or FIFA relevance relative to other Harris County tracts.
48201530701,Census Tract 5307.01; Harris County; Texas,29.863070191299425,-95.40881572287064,1421.0,0.37967046878544575,3742.719323274564,20516.0,669.0,210.0,31.390134529147986,8,21.070904001545752,0.0,14.854813106181448,98.06734809759394,36.31164149626351,25.997944618106278,-11.14313151192483,0.0,0.0,12.289645038938113,38.551774805309435,37.87973481259566,0.0,Lower Priority,Lower mismatch and/or FIFA relevance relative to other Harris County tracts.
48201314401,Census Tract 3144.01; Harris County; Texas,29.69704165765406,-95.40344979553397,1510.0,0.18184832514111385,8303.62335659811,47969.0,956.0,145.0,15.167364016736402,7,38.49361820939521,12.495476606070918,35.27644342261051,47.385052312248945,66.33633109481494,62.219916072695774,-26.943472650085262,0.0,0.0,0.9556178255932312,95.22191087203385,86.55623693886817,0.0,Established Urban Hub,High urban activity with comparatively balanced mobility capacity.
48201980300,Census Tract 9803; Harris County; Texas,29.71722586720375,-95.40273239604095,2918.0,0.4698396085849729,6210.630067542006,,5.0,0.0,0.0,12,25.54063084664293,,25.904982218520185,0.0,44.014354145587305,60.81004790191111,-34.90506568339093,0.0,0.0,2.2915725268344564,88.54213736582773,75.18380239975559,0.0,Lower Priority,Lower mismatch and/or FIFA relevance relative to other Harris County tracts.
48201222602,Census Tract 2226.02; Harris County; Texas,29.93649139470024,-95.40602481233948,2320.0,0.48108483395252166,4822.4342907242035,31483.0,1053.0,329.0,31.24406457739791,7,14.550448290978201,2.051124741266934,19.689280078358497,97.6110043125244,25.074892938298284,18.26912376305148,1.4201563153070182,1.4201563153070182,3.1298605407215194,17.349952679013267,13.250236604933663,16.79763350494305,0.5257425028462297,Lower Priority,Lower mismatch and/or FIFA relevance relative to other Harris County tracts.
48201541500,Census Tract 5415; Harris County; Texas,29.856164882422757,-95.67797615921575,5136.0,1.186596566885901,4328.345575344867,97824.0,1677.0,37.0,2.206320810971974,0,0.0,44.08004303939632,17.47697808400071,6.892867272793659,0.0,27.9321398181619,-10.45516173416119,0.0,0.0,19.942687828777704,0.2865608561114841,0.20059259927803885,0.0,Lower Priority,Lower mismatch and/or FIFA relevance relative to other Harris County tracts.
48201551400,Census Tract 5514; Harris County; Texas,29.96270255820667,-95.52292117787597,6451.0,3.055855727064798,2111.028980480141,82500.0,2380.0,18.0,0.7563025210084033,9,2.945165218465551,34.371851363049345,7.548854303283013,2.362799131234946,5.0754245547481185,32.8439574489532,-25.295103145670183,0.0,0.0,20.306107376219774,0.0,1.5226273664244354,0.0,Lower Priority,Lower mismatch and/or FIFA relevance relative to other Harris County tracts.
48201551800,Census Tract 5518; Harris County; Texas,29.88669855178848,-95.56378259449998,3846.0,2.405824171598858,1598.6205664581184,103387.0,1446.0,0.0,0.0,0,0.0,47.60436242699214,5.2545251251792235,0.0,0.0,30.0,-24.745474874820776,0.0,0.0,16.683800920845165,16.580995395774178,11.606696777041924,0.0,Lower Priority,Lower mismatch and/or FIFA relevance relative to other Harris County tracts.
48201232303,Census Tract 2323.03; Harris County; Texas,29.902814469825035,-95.21766730123217,5515.0,5.089014095238488,1083.706961071317,52446.0,1811.0,156.0,8.61402540033131,0,0.0,15.331783975883331,2.948978852492949,26.911468846092117,0.0,21.926559346172365,-18.977580493679415,0.0,0.0,18.982786732197532,5.086066339012341,3.560246437308638,0.0,Lower Priority,Lower mismatch and/or FIFA relevance relative to other Harris County tracts.
48201232202,Census Tract 2322.02; Harris County; Texas,29.924598573465037,-95.27341005083436,5736.0,2.135790885650967,2685.656184103308,157120.0,1669.0,0.0,0.0,0,0.0,81.64575262179454,10.121770601546919,0.0,0.0,30.0,-19.87822939845308,0.0,0.0,18.471898063311645,7.640509683441776,5.348356778409243,0.0,Lower Priority,Lower mismatch and/or FIFA relevance relative to other Harris County tracts.
48201342802,Census Tract 3428.02; Harris County; Texas,29.697238154661733,-95.10070381466959,3666.0,1.9824986761556525,1849.1815626877979,131795.0,1106.0,17.0,1.5370705244122964,0,0.0,65.60164180193763,6.376422012141349,4.802031989640642,0.0,28.55939040310781,-22.182968390966458,0.0,0.0,18.66626919786339,6.668654010683051,4.668057807478135,0.0,Lower Priority,Lower mismatch and/or FIFA relevance relative to other Harris County tracts.
48201232305,Census Tract 2323.05; Harris County; Texas,29.866996330440998,-95.20016048672868,11986.0,2.8189523229328,4251.934274478941,66988.0,3515.0,343.0,9.758179231863442,0,0.0,24.54455631714134,17.13484342673096,30.485971910737092,0.0,20.85420842677887,-3.7193650000479117,0.0,0.0,17.828069514953103,10.85965242523448,7.601756697664135,0.0,Lower Priority,Lower mismatch and/or FIFA relevance relative to other Harris County tracts.
48201542002,Census Tract 5420.02; Harris County; Texas,29.827323436933344,-95.71098396622409,2483.0,0.5258916033492139,4721.505314377847,140093.0,784.0,0.0,0.0,0,0.0,70.85866180522184,19.2373665480361,0.0,0.0,30.0,-10.7626334519639,0.0,0.0,20.55481373354107,0.0,0.0,0.0,Lower Priority,Lower mismatch and/or FIFA relevance relative to other Harris County tracts.
48201321302,Census Tract 3213.02; Harris County; Texas,29.64471458645405,-95.21171516375767,1929.0,0.39129252985973195,4929.815554341136,62042.0,537.0,13.0,2.4208566108007448,0,0.0,21.411124051987844,20.17008398312692,7.563108330272008,0.0,27.7310675009184,-7.560983517791481,0.0,0.0,12.285219170601172,38.573904146994145,27.0017329028959,0.0,Lower Priority,Lower mismatch and/or FIFA relevance relative to other Harris County tracts.
48201221702,Census Tract 2217.02; Harris County; Texas,29.887983534614705,-95.38170226182439,2959.0,0.9372197464200305,3157.210474173978,38811.0,882.0,0.0,0.0,5,5.3349281415579215,6.693622039901144,12.233173804857037,0.0,9.193720310735952,36.43560421751516,-24.202430412658124,0.0,0.0,14.113494556053737,29.43252721973131,23.3608851470327,0.0,Lower Priority,Lower mismatch and/or FIFA relevance relative to other Harris County tracts.
48201221602,Census Tract 2216.02; Harris County; Texas,29.878979599829645,-95.39998880787267,5586.0,1.7698780089787056,3156.1497299033385,69063.0,1654.0,48.0,2.902055622732769,34,19.21036355472852,25.85912808224314,12.22842427993895,9.066444066649208,33.10535866714668,50.45381784700791,-38.22539356706896,0.0,0.0,13.400682619027277,32.99658690486361,33.02921843354853,0.0,Lower Priority,Lower mismatch and/or FIFA relevance relative to other Harris County tracts.
48201222505,Census Tract 2225.05; Harris County; Texas,29.92008964469795,-95.40398842681253,3304.0,0.5439407209545977,6074.191309305895,75994.0,887.0,40.0,4.509582863585118,11,20.222791889335607,30.250114541963896,25.29407221884187,14.088593091166658,34.8500837498586,50.16848069755102,-24.87440847870915,0.0,0.0,16.222632786726198,18.886836066369007,23.675810371415885,0.0,Lower Priority,Lower mismatch and/or FIFA relevance relative to other Harris County tracts.
48201333802,Census Tract 3338.02; Harris County; Texas,29.611946025114424,-95.27395406141551,6105.0,1.3115048622981262,4654.957961270779,86897.0,1966.0,113.0,5.747711088504578,0,0.0,37.15747644794217,18.939398111568234,17.95668583571624,0.0,24.612994249285126,-5.673596137716892,0.0,0.0,9.635399902240884,51.82300048879558,36.2761003421569,0.0,Lower Priority,Lower mismatch and/or FIFA relevance relative to other Harris County tracts.
48201543010,Census Tract 5430.10; Harris County; Texas,29.884542076208184,-95.71585454899086,5584.0,0.5280437367809295,10574.881607423826,81671.0,1455.0,0.0,0.0,0,0.0,33.84665618557012,45.44609312640022,0.0,0.0,30.0,15.446093126400221,15.446093126400221,34.04140576889848,22.93470699888402,0.0,0.0,0.0,High-Intensity / Mobility Gap,"High population density and mobility mismatch, combined with strong FIFA relevance."
48201542106,Census Tract 5421.06; Harris County; Texas,29.872053885084707,-95.71316574038349,8489.0,1.1763289521837819,7216.518801344383,87451.0,2827.0,69.0,2.4407499115670324,0,0.0,37.508451271010316,30.408889275342016,7.625257896698559,0.0,27.71242263099043,2.6964666443515846,2.6964666443515846,5.942701136883846,22.297585005013172,0.0,0.0,0.0,Lower Priority,Lower mismatch and/or FIFA relevance relative to other Harris County tracts.
48201543005,Census Tract 5430.05; Harris County; Texas,29.930900586820023,-95.77855447840756,12043.0,28.872808219300563,417.105253792031,112123.0,3821.0,187.0,4.894006804501439,0,0.0,53.138867940211085,0.0,15.289589423179287,0.0,25.413123173046216,-25.413123173046216,0.0,0.0,27.864250028744625,0.0,0.0,0.0,Lower Priority,Lower mismatch and/or FIFA relevance relative to other Harris County tracts.
48201542305,Census Tract 5423.05; Harris County; Texas,29.82496342606145,-95.73957371870026,4761.0,1.0124780069588069,4702.324363865124,87338.0,1459.0,0.0,0.0,0,0.0,37.436862543561396,19.15148307457851,0.0,0.0,30.0,-10.848516925421489,0.0,0.0,22.008301888881093,0.0,0.0,0.0,Lower Priority,Lower mismatch and/or FIFA relevance relative to other Harris County tracts.
48201541006,Census Tract 5410.06; Harris County; Texas,29.927955396312214,-95.67912064522707,6258.0,0.859114368564162,7284.245531196268,104512.0,1913.0,7.0,0.36591740721380034,0,0.0,48.31708205867383,30.71213841837824,1.1431792276928094,0.0,29.657046231692156,1.0550921866860854,1.0550921866860854,2.325301353336201,23.26133808561119,0.0,0.0,0.0,Lower Priority,Lower mismatch and/or FIFA relevance relative to other Harris County tracts.
48201543011,Census Tract 5430.11; Harris County; Texas,29.888630934677938,-95.70871799866934,4140.0,0.5150919398726233,8037.400082446986,100188.0,1201.0,0.0,0.0,0,0.0,45.57770455877013,34.08441805951997,0.0,0.0,30.0,4.084418059519969,4.084418059519969,9.001585796235577,22.765618620898312,0.0,0.0,0.0,Established Urban Hub,High urban activity with comparatively balanced mobility capacity.
48201421601,Census Tract 4216.01; Harris County; Texas,29.70093530057757,-95.49002652626663,3258.0,0.23622656704807338,13791.844163476242,37008.0,983.0,287.0,29.196337741607326,10,42.33224114019718,5.551370043525941,59.850171699749325,91.21360769647012,72.95145779713356,53.70193814905245,6.148233550696872,6.148233550696872,13.549996840528223,4.901254149749865,75.49372925125067,74.73104781501553,10.12605461782824,Established Urban Hub,High urban activity with comparatively balanced mobility capacity.
48201421501,Census Tract 4215.01; Harris County; Texas,29.710847197191057,-95.4758568288206,3991.0,0.3369096547268699,11845.905702035976,46273.0,1405.0,302.0,21.494661921708186,12,35.617857284999175,11.421012165775664,51.13715437079321,67.15245170290352,61.38051146277771,52.82062251307334,-1.6834681422801268,0.0,0.0,4.313506562407689,78.43246718796155,73.31688047040639,0.0,Established Urban Hub,High urban activity with comparatively balanced mobility capacity.
48201423002,Census Tract 4230.02; Harris County; Texas,29.67748229524856,-95.5198711401655,3080.0,0.5384600008140876,5720.016334255851,34059.0,1211.0,292.0,24.112303881090007,11,20.428629765199467,3.6830943156776494,23.708239595538043,75.33034609794652,35.20480565235374,32.04426012726366,-8.33602053172562,0.0,0.0,6.586834097175872,67.06582951412064,57.50752235559057,0.0,Lower Priority,Lower mismatch and/or FIFA relevance relative to other Harris County tracts.
48201532800,Census Tract 5328; Harris County; Texas,29.872752335316164,-95.4714705443489,2314.0,0.5126969481831845,4513.387505425949,71494.0,626.0,26.0,4.15335463258786,15,29.25704951658999,27.3992360152371,18.30551073049902,12.975684259923542,50.41888535996891,61.40051447400117,-43.09500374350215,0.0,0.0,13.461424550006386,32.69287724996806,38.010679682968316,0.0,Lower Priority,Lower mismatch and/or FIFA relevance relative to other Harris County tracts.
48201532900,Census Tract 5329; Harris County; Texas,29.892595988464645,-95.47318066856145,5094.0,0.6589323685268187,7730.687158970053,41808.0,1616.0,75.0,4.641089108910891,6,9.105638585359308,8.59230713870119,32.711098671356304,14.499437738085735,15.691812932271706,36.63443773116447,-3.923339059808164,0.0,0.0,14.807642679609309,25.961786601953452,22.88079450104893,0.0,Established Urban Hub,High urban activity with comparatively balanced mobility capacity.
48201533000,Census Tract 5330; Harris County; Texas,29.88932427032413,-95.46173336038822,2525.0,0.6838950313830634,3692.0870661885197,32093.0,1020.0,197.0,19.31372549019608,6,8.77327619688361,2.437577163778788,14.628105148999518,60.33888892542576,15.119050420692417,22.48166861685696,-7.853563467857443,0.0,0.0,14.427932926124413,27.860335369377932,24.037949884772274,0.0,Lower Priority,Lower mismatch and/or FIFA relevance relative to other Harris County tracts.
48201542500,Census Tract 5425; Harris County; Texas,29.793612359880225,-95.76429140289312,3885.0,1.696314350813772,2290.259466434539,67258.0,1822.0,64.0,3.512623490669594,1,0.5895133761736264,24.715609028744943,8.351365976155783,10.973946934678223,1.015912671392661,27.418954789571394,-19.06758881341561,0.0,0.0,22.547773772080014,0.0,0.30477380141779825,0.0,Lower Priority,Lower mismatch and/or FIFA relevance relative to other Harris County tracts.
48201542600,Census Tract 5426; Harris County; Texas,29.793790529347135,-95.7891972737677,6165.0,1.6910347898978626,3645.6967277251356,100461.0,2195.0,140.0,6.378132118451026,0,0.0,45.750657856058226,14.420390552193387,19.926212870855075,0.0,24.02213613874348,-9.601745586550093,0.0,0.0,23.969234587014753,0.0,0.0,0.0,Lower Priority,Lower mismatch and/or FIFA relevance relative to other Harris County tracts.
48201542700,Census Tract 5427; Harris County; Texas,29.79317715230844,-95.81435431626504,4903.0,1.7976901057649937,2727.3888776917784,82321.0,1818.0,13.0,0.7150715071507151,0,0.0,34.25844975054177,10.308630407047257,2.2339874440902467,0.0,29.329803766772926,-19.02117335972567,0.0,0.0,25.39791096310203,0.0,0.0,0.0,Lower Priority,Lower mismatch and/or FIFA relevance relative to other Harris County tracts.
48201533100,Census Tract 5331; Harris County; Texas,29.87619831554433,-95.45570453219872,8754.0,1.3454038596138358,6506.596467258994,61139.0,2362.0,296.0,12.531752751905165,12,8.919254924275524,20.839047760958,27.23018361652032,39.15101919212519,15.370616619026723,29.01412587568115,-1.7839422591608276,0.0,0.0,13.468203731272848,32.65898134363576,27.472471926253046,0.0,Lower Priority,Lower mismatch and/or FIFA relevance relative to other Harris County tracts.
48201533200,Census Tract 5332; Harris County; Texas,29.866880110997354,-95.44959306446972,3688.0,1.0342823541581745,3565.757440579894,38393.0,1485.0,355.0,23.905723905723907,26,25.13820321450034,6.4288071011963,14.062459195183585,74.68496019380494,43.32084769206827,37.91910532630631,-23.856646131122723,0.0,0.0,12.767590560763127,36.16204719618437,38.30968734494954,0.0,Lower Priority,Lower mismatch and/or FIFA relevance relative to other Harris County tracts.
48201533500,Census Tract 5335; Harris County; Texas,29.892788920586145,-95.41849365711674,4225.0,1.0317696013103803,4094.9064545360857,54091.0,1240.0,36.0,2.903225806451613,8,7.753669026340517,16.373938459542348,16.431745079377443,9.070099890869631,13.36195399801096,36.63233783134678,-20.20059275196934,0.0,0.0,14.34436313656739,28.278184317163046,23.80331522141742,0.0,Lower Priority,Lower mismatch and/or FIFA relevance relative to other Harris County tracts.
48201533600,Census Tract 5336; Harris County; Texas,29.908542286769322,-95.42511148428711,5377.0,1.3566687761914702,3963.3845005961352,46293.0,1637.0,151.0,9.224190592547343,22,16.216191001137247,11.433682737005562,15.842850267683966,28.817713696572827,27.945479416784085,40.916521482777014,-25.07367121509305,0.0,0.0,15.446416221350885,22.767918893245575,24.321187050307127,0.0,Lower Priority,Lower mismatch and/or FIFA relevance relative to other Harris County tracts.
48201542800,Census Tract 5428; Harris County; Texas,29.817500486893497,-95.82204514992232,8846.0,3.4359914489512873,2574.51164574345,83201.0,2721.0,12.0,0.4410143329658214,0,0.0,34.81595488465723,9.624116483527422,1.377792951694027,0.0,29.586662114491787,-19.962545630964364,0.0,0.0,26.37116375257552,0.0,0.0,0.0,Lower Priority,Lower mismatch and/or FIFA relevance relative to other Harris County tracts.
48201553300,Census Tract 5533; Harris County; Texas,30.026526056479298,-95.4347362027555,3916.0,0.5299931665794104,7388.774510573344,43695.0,1946.0,199.0,10.226104830421377,5,9.434083900119182,9.787775534241959,31.1801711063269,31.94783957221352,16.257825122342577,31.796125713975748,-0.6159546076488489,0.0,0.0,23.59533187013257,0.0,4.877347536702773,0.0,Lower Priority,Lower mismatch and/or FIFA relevance relative to other Harris County tracts.
48201553500,Census Tract 5535; Harris County; Texas,30.03644051104723,-95.47530387494777,7369.0,1.3671460443656782,5390.060579386772,103684.0,2485.0,60.0,2.414486921529175,0,0.0,47.7925204097561,22.230849499740643,7.5432084940833946,0.0,27.737037451774984,-5.506187952034342,0.0,0.0,24.543105704169914,0.0,0.0,0.0,Lower Priority,Lower mismatch and/or FIFA relevance relative to other Harris County tracts.
48201423001,Census Tract 4230.01; Harris County; Texas,29.679228934519514,-95.51123789669401,3299.0,0.15049876037825996,21920.44633263671,36117.0,1072.0,201.0,18.75,6,39.867438010251675,4.986896095234037,96.24631318290047,58.57772846186637,68.7038447091102,60.51937275781723,35.726940425083235,35.726940425083235,78.73805148907323,6.060302742237234,69.69848628881383,69.40009381490273,54.64428160144323,High-Intensity / Mobility Gap,"High population density and mobility mismatch, combined with strong FIFA relevance."
48201422406,Census Tract 4224.06; Harris County; Texas,29.662000191464433,-95.50405732325228,2757.0,0.2389501316744318,11537.972298573148,44519.0,1101.0,156.0,14.168937329700274,4,16.739894520962128,10.309803068913709,49.75837023465448,44.26582205292718,28.84798148602693,36.9138404243407,12.84452981031378,12.84452981031378,28.307860609507156,5.830703183942313,70.84648408028843,58.24693330200998,16.48846068844559,High-Intensity / Mobility Gap,"High population density and mobility mismatch, combined with strong FIFA relevance."
48201422601,Census Tract 4226.01; Harris County; Texas,29.681303482743836,-95.5030309530024,3272.0,0.405397227813446,8071.09613858952,46015.0,1299.0,430.0,33.102386451116246,14,34.53402993284025,11.257561796909995,34.23529349926542,100.0,59.512743935928725,41.658920755150106,-7.423627255884689,0.0,0.0,5.5596787857125936,72.20160607143703,68.39494743078453,0.0,Established Urban Hub,High urban activity with comparatively balanced mobility capacity.
48201422602,Census Tract 4226.02; Harris County; Texas,29.68706750136089,-95.49772891489522,2359.0,0.46943111250123504,5025.2314709834955,73162.0,983.0,46.0,4.679552390640895,20,42.604760245726965,28.4559616558105,20.597312568016385,14.619602627308797,73.42109194572794,77.00888357381692,-56.41157100580053,0.0,0.0,5.238156926675235,73.80921536662383,73.69277834035506,0.0,Lower Priority,Lower mismatch and/or FIFA relevance relative to other Harris County tracts.
48201422502,Census Tract 4225.02; Harris County; Texas,29.669493720629728,-95.49971099910452,3043.0,0.38617474574825184,7879.852407499838,45382.0,1437.0,36.0,2.5052192066805845,16,41.432020545513446,10.85653821748376,33.37899204058243,7.826669356074004,71.40010112542593,77.63206998097594,-44.25307794039351,0.0,0.0,5.45684471059759,72.71577644701205,72.32107385053621,0.0,Established Urban Hub,High urban activity with comparatively balanced mobility capacity.
48201541401,Census Tract 5414.01; Harris County; Texas,29.85741058071449,-95.65069380908989,4542.0,0.554968570806887,8184.247250968172,81122.0,1376.0,82.0,5.959302325581396,0,0.0,33.49884900530945,34.741932132748296,18.617727650670705,0.0,24.414681704798788,10.327250427949508,10.327250427949508,22.760067508203022,18.701052962343518,6.494735188282408,4.546314631797685,1.0347442793324648,High-Intensity / Mobility Gap,"High population density and mobility mismatch, combined with strong FIFA relevance."
48201541702,Census Tract 5417.02; Harris County; Texas,29.787967619906475,-95.66669397554189,2644.0,1.0409854737326298,2539.900956081058,64765.0,1193.0,125.0,10.477787091366302,0,0.0,23.136222324938302,9.469145735597222,32.73413157969621,0.0,20.179760526091137,-10.710614790493915,0.0,0.0,16.958409737990785,15.207951310046075,10.645565917032252,0.0,Lower Priority,Lower mismatch and/or FIFA relevance relative to other Harris County tracts.
48201554409,Census Tract 5544.09; Harris County; Texas,29.971174698084976,-95.67044585487956,7224.0,2.054486265309416,3516.207492831318,151082.0,2471.0,0.0,0.0,1,0.4867396861615889,77.82050716748869,13.840597321369408,0.0,0.8388020269375653,30.587161418856297,-16.74656409748689,0.0,0.0,25.16212287571443,0.0,0.2516406080812696,0.0,Lower Priority,Lower mismatch and/or FIFA relevance relative to other Harris County tracts.
48201422404,Census Tract 4224.04; Harris County; Texas,29.654967031256938,-95.49706256672305,2676.0,0.1767703095519636,15138.288815483236,40478.0,905.0,194.0,21.43646408839779,8,45.25646880563,7.749714151913048,65.87893150787511,66.9706332028115,77.9908005150759,64.50237039970968,1.3765611081654328,1.3765611081654328,3.03378173789795,5.585567293730228,72.07216353134886,73.84775462646698,2.2403796937054437,Established Urban Hub,High urban activity with comparatively balanced mobility capacity.
48201413206,Census Tract 4132.06; Harris County; Texas,29.69882959004744,-95.41925159994179,2653.0,0.10159506097727378,26113.47416380271,73281.0,1430.0,69.0,4.825174825174825,5,49.214990885417855,28.531351554628387,100.0,15.074548303473303,84.81255028935021,84.84642071150316,15.153579288496843,15.153579288496843,33.39673904524217,1.101035393523298,94.49482303238351,91.59014120947352,30.58812045089668,High-Intensity / Mobility Gap,"High population density and mobility mismatch, combined with strong FIFA relevance."
48201412202,Census Tract 4122.02; Harris County; Texas,29.705390731363618,-95.41295481512678,3496.0,0.5519681709328537,6333.698542964146,167986.0,1365.0,164.0,12.014652014652015,30,54.35096003687769,88.52967397099751,26.45602624187931,37.53552124149874,93.66340313125944,84.30372581943197,-57.84769957755266,0.0,0.0,1.4319479171652045,92.84026041417398,93.08720322929962,0.0,Lower Priority,Lower mismatch and/or FIFA relevance relative to other Harris County tracts.
48201413205,Census Tract 4132.05; Harris County; Texas,29.70316456308759,-95.42056598855184,1503.0,0.11593643955417438,12963.99997946878,63837.0,884.0,70.0,7.918552036199094,5,43.127079106682565,22.548307819871084,56.143466239190246,24.73870885267358,74.32120782231135,74.60323281981587,-18.459766580625626,0.0,0.0,1.4037611868179292,92.98119406591036,87.38319819283065,0.0,Established Urban Hub,High urban activity with comparatively balanced mobility capacity.
48201413203,Census Tract 4132.03; Harris County; Texas,29.703479136466566,-95.4252448584516,1874.0,0.09494599570501432,19737.53591275498,63640.0,1203.0,284.0,23.60764754779717,2,21.064606096856966,22.4235026932566,86.4722444274522,73.75372627617644,36.30078827149347,33.28443390719249,53.1878105202597,53.1878105202597,100.0,1.561870955835163,92.19064522082418,75.42368813602496,75.42368813602496,High-Intensity / Mobility Gap,"High population density and mobility mismatch, combined with strong FIFA relevance."
48201542003,Census Tract 5420.03; Harris County; Texas,29.811598009084012,-95.71146037474092,3809.0,0.45209666999131337,8425.189241215128,92004.0,1111.0,0.0,0.0,0,0.0,40.39290681149633,35.820759535512664,0.0,0.0,30.0,5.820759535512664,5.820759535512664,12.82828192281854,20.08643124313509,0.0,0.0,0.0,Established Urban Hub,High urban activity with comparatively balanced mobility capacity.
48201555403,Census Tract 5554.03; Harris County; Texas,30.108765457518587,-95.63007628144598,4474.0,2.6587249464657456,1682.7615078977265,82604.0,1652.0,9.0,0.5447941888619854,0,0.0,34.437738333444806,5.631269557423691,1.7020163233472065,0.0,29.489395102995836,-23.858125545572143,0.0,0.0,32.050137098136,0.0,0.0,0.0,Lower Priority,Lower mismatch and/or FIFA relevance relative to other Harris County tracts.
48201334102,Census Tract 3341.02; Harris County; Texas,29.649198536920412,-95.42510927298761,6742.0,4.634993092088998,1454.5868496562032,65064.0,2410.0,104.0,4.3153526970954355,22,4.746501140972481,23.325647364825258,4.6096083946058455,13.481789787074087,8.179679798263743,31.68123892266239,-27.071630528056545,0.0,0.0,2.595026668296844,87.02486665851579,63.371310600440175,0.0,Lower Priority,Lower mismatch and/or FIFA relevance relative to other Harris County tracts.
48201540503,Census Tract 5405.03; Harris County; Texas,29.859846528812948,-95.64033381155882,5037.0,0.264517430510954,19042.223381159798,60318.0,1714.0,489.0,28.52975495915986,0,0.0,20.318920811970738,83.35895474390014,89.13110608433342,0.0,3.2606681746999726,80.09828656920017,80.09828656920017,100.0,18.33481064488275,8.325946775586246,5.828162742910372,5.828162742910372,High-Intensity / Mobility Gap,"High population density and mobility mismatch, combined with strong FIFA relevance."
48201542304,Census Tract 5423.04; Harris County; Texas,29.822769631826528,-95.72569851158764,5523.0,0.7658255233236119,7211.825450829441,84679.0,1604.0,0.0,0.0,0,0.0,35.75231009854661,30.387874610604214,0.0,0.0,30.0,0.38787461060421435,0.38787461060421435,0.8548308558663181,21.193797082714884,0.0,0.0,0.0,Lower Priority,Lower mismatch and/or FIFA relevance relative to other Harris County tracts.
48201330101,Census Tract 3301.01; Harris County; Texas,29.634739366955415,-95.42587602803351,5251.0,0.4448862121805332,11803.018066716717,79040.0,1662.0,26.0,1.5643802647412757,3,6.743297314825776,32.179842540277185,50.9451232674776,4.887351592486244,11.620773108771562,36.668335698394216,14.276787569083382,14.276787569083382,31.46439133432818,3.5611648696029525,82.19417565198523,61.02215488902113,19.200249614921486,High-Intensity / Mobility Gap,"High population density and mobility mismatch, combined with strong FIFA relevance."
48201541403,Census Tract 5414.03; Harris County; Texas,29.854813485557294,-95.66515336822432,3278.0,0.2873410874088736,11408.044806817174,52255.0,1192.0,0.0,0.0,0,0.0,15.210780020637815,49.17661469119308,0.0,0.0,30.0,19.17661469119308,19.17661469119308,42.26304455338093,19.270324886386632,3.6483755680668417,2.553862897646789,1.0793402142647277,High-Intensity / Mobility Gap,"High population density and mobility mismatch, combined with strong FIFA relevance."
48201541204,Census Tract 5412.04; Harris County; Texas,29.884014416169897,-95.65989247260335,5826.0,0.7092530628496557,8214.275418976893,86160.0,1797.0,28.0,1.5581524763494714,0,0.0,36.69056589812047,34.87638445660192,4.867895075295146,0.0,28.539631477411454,6.336752979190464,6.336752979190464,13.965471893550049,20.32040790369339,0.0,0.0,0.0,Established Urban Hub,High urban activity with comparatively balanced mobility capacity.
48201541404,Census Tract 5414.04; Harris County; Texas,29.863661145934227,-95.65777222275703,3421.0,0.48122730564902383,7108.906663943664,79421.0,1115.0,0.0,0.0,0,0.0,32.421216922206725,29.927051623968136,0.0,0.0,30.0,-0.07294837603186366,0.0,0.0,19.303120840036865,3.484395799815676,2.4390770598709732,0.0,Lower Priority,Lower mismatch and/or FIFA relevance relative to other Harris County tracts.
48201542202,Census Tract 5422.02; Harris County; Texas,29.849707554301734,-95.7506819615617,11845.0,5.445821524705843,2175.062099678305,76866.0,3371.0,271.0,8.039157520023732,0,0.0,30.8025514475874,7.8355651568152345,25.115497934406466,0.0,22.46535061967806,-14.629785462862824,0.0,0.0,23.387717280502585,0.0,0.0,0.0,Lower Priority,Lower mismatch and/or FIFA relevance relative to other Harris County tracts.
48201421205,Census Tract 4212.05; Harris County; Texas,29.718098996533417,-95.49371539801268,2377.0,0.15523160063767327,15312.603814143265,33816.0,852.0,295.0,34.624413145539904,7,45.09391110601719,3.5291468752344026,66.65943388969127,100.0,77.71066365382094,54.39746455767466,12.261969332016612,12.261969332016612,27.02396458063094,5.4980978798615965,72.50951060069201,74.06985651663068,20.01661178997843,High-Intensity / Mobility Gap,"High population density and mobility mismatch, combined with strong FIFA relevance."
48201553700,Census Tract 5537; Harris County; Texas,30.017555986541357,-95.51005974546936,4398.0,1.2131885808511949,3625.1577614704256,72511.0,1611.0,121.0,7.510862818125388,0,0.0,28.043534562277355,14.328426508909267,23.46502840930546,0.0,22.96049147720836,-8.632064968299094,0.0,0.0,23.697296611469078,0.0,0.0,0.0,Lower Priority,Lower mismatch and/or FIFA relevance relative to other Harris County tracts.
48201554600,Census Tract 5546; Harris County; Texas,30.002293544925926,-95.61879589957886,4645.0,1.4071072316726627,3301.0988043024804,142781.0,1471.0,7.0,0.4758667573079538,0,0.0,72.56158657852,12.877439560782475,1.4866769969927565,0.0,29.55399690090217,-16.676557340119693,0.0,0.0,25.201093282787635,0.0,0.0,0.0,Lower Priority,Lower mismatch and/or FIFA relevance relative to other Harris County tracts.
48201233200,Census Tract 2332; Harris County; Texas,29.7796853691064,-95.1921360907874,6294.0,1.215000172179076,5180.246179481481,60774.0,1838.0,63.0,3.427638737758433,20,16.460903017100353,20.607809836012382,21.291397128319677,10.708442199775353,28.367193406503194,46.64450272461963,-25.35310559629995,0.0,0.0,14.680643236667867,26.59678381666066,27.12790669361342,0.0,Lower Priority,Lower mismatch and/or FIFA relevance relative to other Harris County tracts.
48201233400,Census Tract 2334; Harris County; Texas,29.770729066149286,-95.2464386633366,2760.0,1.0067775946900863,2741.419767937529,39280.0,936.0,125.0,13.354700854700855,7,6.952876223029965,6.990746935242226,10.371454279576822,41.72202881899314,11.98194195939755,25.87075072588034,-15.49929644630352,0.0,0.0,11.518863974697917,42.40568012651041,33.278558676376555,0.0,Lower Priority,Lower mismatch and/or FIFA relevance relative to other Harris County tracts.
48201311100,Census Tract 3111; Harris County; Texas,29.73319554444039,-95.28518372088337,5091.0,0.9560202188259378,5325.201182724061,42721.0,1810.0,210.0,11.602209944751381,25,26.150074556688576,9.17071871534598,21.940438955796942,36.24699219739797,45.06461290571011,50.67113137477769,-28.730692418980745,0.0,0.0,8.2551393651597,58.724303174201495,54.62639609365407,0.0,Lower Priority,Lower mismatch and/or FIFA relevance relative to other Harris County tracts.
48201311300,Census Tract 3113; Harris County; Texas,29.70973121465883,-95.2945705791387,4120.0,0.5696153561911947,7232.95106990953,67316.0,1235.0,0.0,0.0,11,19.31127712839923,24.752353685311647,30.482465415389225,0.0,33.27926375963672,53.2954846317457,-22.813019216356476,0.0,0.0,7.194834938547583,64.02582530726208,54.80185684297447,0.0,Lower Priority,Lower mismatch and/or FIFA relevance relative to other Harris County tracts.
48201311400,Census Tract 3114; Harris County; Texas,29.719285536045813,-95.2749811126625,1668.0,0.8978929249595311,1857.682529434318,45735.0,470.0,53.0,11.27659574468085,18,20.046933770873935,11.080173799691439,6.4144854309200126,35.22972605366147,34.54702618045772,43.61400051022196,-37.19951507930195,0.0,0.0,8.503616549942668,57.48191725028666,50.60144992933798,0.0,Lower Priority,Lower mismatch and/or FIFA relevance relative to other Harris County tracts.
48201233600,Census Tract 2336; Harris County; Texas,29.75093144053106,-95.25950031588847,2115.0,1.380144559635168,1532.4481665595133,44821.0,725.0,136.0,18.758620689655174,18,13.042112055825644,10.501128694485152,4.958235556706218,58.60466075081436,22.475566178389663,28.151498099628455,-23.193262542922238,0.0,0.0,10.17329121743147,49.13354391284266,41.13615059250676,0.0,Lower Priority,Lower mismatch and/or FIFA relevance relative to other Harris County tracts.
48201311600,Census Tract 3116; Harris County; Texas,29.7011086671254,-95.28617181326088,3614.0,0.1896506775609396,19056.087995460653,37955.0,1456.0,186.0,12.774725274725274,5,26.364261200139254,6.151321591261558,83.4210341092328,39.91010071028258,45.433722299863234,49.83057539681949,33.590458712413316,33.590458712413316,74.0294924830084,7.575415252771403,62.12292373614299,57.11616330525906,42.28280582064956,High-Intensity / Mobility Gap,"High population density and mobility mismatch, combined with strong FIFA relevance."
48201240600,Census Tract 2406; Harris County; Texas,29.958381954566434,-95.40822338908129,3500.0,0.9952292791280818,3516.7775641270746,32641.0,1196.0,240.0,20.066889632107024,9,9.043142307755335,2.784750815477962,13.843149838407893,62.69188330366969,15.584112644375184,22.10131385996172,-8.258164021553828,0.0,0.0,18.85650009916454,5.717499504177304,8.677483446236668,0.0,Lower Priority,Lower mismatch and/or FIFA relevance relative to other Harris County tracts.
48201311800,Census Tract 3118; Harris County; Texas,29.705941213867025,-95.32109869232892,3646.0,0.9493750145752637,3840.4212708622485,47753.0,1331.0,187.0,14.049586776859504,17,17.90651717077845,12.358634436788032,15.29227748610546,43.892953558202905,30.858430749069637,38.43301545688787,-23.14073797078241,0.0,0.0,5.584741406482833,72.07629296758583,59.71093430203097,0.0,Lower Priority,Lower mismatch and/or FIFA relevance relative to other Harris County tracts.
48201311900,Census Tract 3119; Harris County; Texas,29.716919232212025,-95.32544243321549,1629.0,0.8009515532991694,2033.8308768989177,60238.0,572.0,75.0,13.111888111888112,16,19.976239429332526,20.26823852705115,7.203196705371151,40.96344647682963,34.42519810959385,41.808604733666805,-34.605408028295656,0.0,0.0,5.587849429884443,72.06075285057779,60.7700864282826,0.0,Lower Priority,Lower mismatch and/or FIFA relevance relative to other Harris County tracts.
48201312000,Census Tract 3120; Harris County; Texas,29.717140798888554,-95.34423060596455,2970.0,0.7080522851365887,4194.605486552542,85536.0,711.0,75.0,10.548523206751055,30,42.36975238941962,36.29524407574769,16.878151484745775,32.955121497533824,73.0161012046372,71.22473439398588,-54.34658290924011,0.0,0.0,4.580308721635856,77.09845639182072,75.87374983566566,0.0,Lower Priority,Lower mismatch and/or FIFA relevance relative to other Harris County tracts.
48201252100,Census Tract 2521; Harris County; Texas,29.885701783260547,-95.13592407611978,3992.0,8.958181664003874,445.62614933796385,93000.0,1026.0,20.0,1.949317738791423,0,0.0,41.0239012587452,0.09194648478271793,6.089952276737244,0.0,28.173014316978826,-28.08106783219611,0.0,0.0,21.550193198734018,0.0,0.0,0.0,Lower Priority,Lower mismatch and/or FIFA relevance relative to other Harris County tracts.
48201253000,Census Tract 2530; Harris County; Texas,29.822633202332476,-95.01942243328783,4911.0,5.785874437105407,848.7913198574191,53521.0,1844.0,85.0,4.609544468546638,0,0.0,16.012827179490287,1.8971346686719495,14.400887691275896,0.0,25.67973369261723,-23.78259902394528,0.0,0.0,25.367130333194147,0.0,0.0,0.0,Lower Priority,Lower mismatch and/or FIFA relevance relative to other Harris County tracts.
48201253300,Census Tract 2533; Harris County; Texas,29.763694995376177,-95.0522899392873,3682.0,2.9886191249718994,1232.007106303524,98977.0,1206.0,63.0,5.223880597014925,0,0.0,44.81050147079987,3.6129986870865687,16.32016315355481,0.0,25.10395105393356,-21.49095236684699,0.0,0.0,22.227465354708514,0.0,0.0,0.0,Lower Priority,Lower mismatch and/or FIFA relevance relative to other Harris County tracts.
48201312200,Census Tract 3122; Harris County; Texas,29.732105546284476,-95.34975682314473,1609.0,0.4197061738090291,3833.6343385125247,,720.0,148.0,20.555555555555554,15,35.739288426157785,,15.261888724926534,64.21854675819424,61.58977462794187,53.84727821210103,-38.585389487174496,0.0,0.0,4.90932890809741,75.45335545951295,71.29428121004162,0.0,Lower Priority,Lower mismatch and/or FIFA relevance relative to other Harris County tracts.
48201312400,Census Tract 3124; Harris County; Texas,29.72989813858975,-95.36101252675374,2048.0,0.41795404221356347,4900.0602773295495,,1030.0,485.0,47.0873786407767,28,66.99301160411493,,20.036853539632858,100.0,100.0,70.0,-49.96314646036714,0.0,0.0,4.315931973491294,78.42034013254353,84.89423809278047,0.0,Lower Priority,Lower mismatch and/or FIFA relevance relative to other Harris County tracts.
48201312700,Census Tract 3127; Harris County; Texas,29.726757361788287,-95.36820962580558,2293.0,0.33314786139619085,6882.8297152809455,86667.0,1188.0,87.0,7.3232323232323235,14,42.02338247445845,37.01176487879836,28.91478303973046,22.87884343965151,72.41919942119979,73.82978656294439,-44.91500352321393,0.0,0.0,3.8635395028477544,80.68230248576123,78.20337156639279,0.0,Lower Priority,Lower mismatch and/or FIFA relevance relative to other Harris County tracts.
48201312800,Census Tract 3128; Harris County; Texas,29.7219583004309,-95.35794086307082,3752.0,0.3609603442846374,10394.493631802772,15833.0,850.0,316.0,37.1764705882353,13,36.01503657074522,0.0,44.638398747227384,100.0,62.06497340293434,43.445481382054034,1.1929173651733507,1.1929173651733507,2.6290521327508842,4.081521803843008,79.59239098078497,74.33416570742978,1.954283968893759,Established Urban Hub,High urban activity with comparatively balanced mobility capacity.
48201313300,Census Tract 3133; Harris County; Texas,29.704477384322473,-95.33594562315618,2702.0,0.8763997760999488,3083.0678803047194,50313.0,1229.0,448.0,36.45240032546786,33,37.65404887122715,13.980467554214831,11.901197373948493,100.0,64.88949517279767,45.42264662095836,-33.52144924700987,0.0,0.0,4.698502501694838,76.50748749152581,73.02208979590736,0.0,Lower Priority,Lower mismatch and/or FIFA relevance relative to other Harris County tracts.
48201323900,Census Tract 3239; Harris County; Texas,29.673524409991998,-95.16419657662473,3268.0,1.0955498168800069,2982.97708570375,32659.0,1231.0,227.0,18.44029244516653,0,0.0,2.796154329584869,11.453036835931396,57.61015699255311,0.0,12.716952902234068,-1.2639160663026718,0.0,0.0,14.849141993722812,25.754290031385942,18.028003021970157,0.0,Lower Priority,Lower mismatch and/or FIFA relevance relative to other Harris County tracts.
48201324000,Census Tract 3240; Harris County; Texas,29.641857357288657,-95.17200868190845,6065.0,3.059792038571138,1982.160853922685,90750.0,2124.0,48.0,2.2598870056497176,0,0.0,39.598461995381804,6.971842109889101,7.0602158598106355,0.0,27.88193524205681,-20.91009313216771,0.0,0.0,14.66163816265257,26.691809186737146,18.684266430716,0.0,Lower Priority,Lower mismatch and/or FIFA relevance relative to other Harris County tracts.
48201330200,Census Tract 3302; Harris County; Texas,29.639073537809388,-95.45469372222996,6130.0,1.6875363182393095,3632.514413909464,57287.0,1562.0,75.0,4.801536491677337,12,7.110958069643322,18.398695742079866,14.361366214585777,15.000698709824933,12.254365550757013,34.07784627258243,-19.716480057996648,0.0,0.0,4.109683348055944,79.45158325972028,59.292417947031296,0.0,Lower Priority,Lower mismatch and/or FIFA relevance relative to other Harris County tracts.
48201330400,Census Tract 3304; Harris County; Texas,29.616688279109766,-95.45550720591675,5047.0,1.6794497946307965,3005.1508631786833,45611.0,1574.0,197.0,12.515883100381195,17,10.12236272519073,11.001616258066079,11.552320811871986,39.1014400914449,17.443941007244053,30.480326677637365,-18.92800586576538,0.0,0.0,5.406242140752588,72.96878929623706,56.31133480953916,0.0,Lower Priority,Lower mismatch and/or FIFA relevance relative to other Harris County tracts.
48201330500,Census Tract 3305; Harris County; Texas,29.623707302234642,-95.43061398093428,5466.0,1.046480479653006,5223.222130060588,71875.0,1771.0,75.0,4.234895539243365,24,22.934015938795117,27.640610397166636,21.48382366674524,13.230429917982239,39.52235579346903,53.69652008003365,-32.21269641328841,0.0,0.0,4.369689242333278,78.1515537883336,66.56279438987423,0.0,Lower Priority,Lower mismatch and/or FIFA relevance relative to other Harris County tracts.
48201522101,Census Tract 5221.01; Harris County; Texas,29.817664402422068,-95.5410479192616,3413.0,0.3462181916671697,9857.945313517848,61950.0,1509.0,85.0,5.632869449966865,10,28.883519816928946,21.35283942433032,42.235982181814165,17.59790384540275,49.775178922822036,59.5632540923546,-17.327271910540432,0.0,0.0,12.055694840429414,39.721525797852934,42.737621735343666,0.0,Established Urban Hub,High urban activity with comparatively balanced mobility capacity.
48201350202,Census Tract 3502.02; Harris County; Texas,29.5954031632344,-95.23838151202135,4545.0,0.7215940461431478,6298.5552947569295,84153.0,1481.0,68.0,4.591492234976367,0,0.0,35.41907407520032,26.298670941754022,14.344489886678055,0.0,25.696653033996586,0.6020179077574355,0.6020179077574355,1.3267779567563869,12.057937877438736,39.710310612806325,27.797217428964426,0.36880735343914445,Lower Priority,Lower mismatch and/or FIFA relevance relative to other Harris County tracts.
48201350201,Census Tract 3502.01; Harris County; Texas,29.594742895866407,-95.22570106876226,3813.0,0.6419705145998905,5939.525123480882,104528.0,1137.0,56.0,4.925241864555849,8,12.461631520547352,48.32721851565775,24.691098983064766,15.387172296051677,21.47521986714273,40.416502218184405,-15.72540323511964,0.0,0.0,12.74229506640817,36.28852466795915,31.844533227714223,0.0,Lower Priority,Lower mismatch and/or FIFA relevance relative to other Harris County tracts.
48201321101,Census Tract 3211.01; Harris County; Texas,29.61655580974453,-95.20584545999846,3896.0,1.1446415480322032,3403.685640013471,56454.0,1595.0,159.0,9.968652037617556,1,0.8736359445619792,17.87096645035466,13.33677622275023,31.143519583487578,1.50554315158272,21.710824331061634,-8.374048108311404,0.0,0.0,13.190922783302202,34.04538608348899,24.28343320391711,0.0,Lower Priority,Lower mismatch and/or FIFA relevance relative to other Harris County tracts.
48201453405,Census Tract 4534.05; Harris County; Texas,29.666937880688913,-95.57356725863184,4064.0,0.487568647500925,8335.236526857052,42721.0,1519.0,46.0,3.0283080974325216,7,14.3569526791337,9.17071871534598,35.41799265746429,9.460875169614583,24.741440548790823,44.4807458332692,-9.062753175804907,0.0,0.0,9.875327262200589,50.62336368899706,42.85878674693518,0.0,Established Urban Hub,High urban activity with comparatively balanced mobility capacity.
48201453404,Census Tract 4534.04; Harris County; Texas,29.664512203680797,-95.57897675644806,4557.0,0.4417645762287175,10315.449099387897,41071.0,1342.0,144.0,10.730253353204173,2,4.527298266134693,8.12539658887949,44.28447369032692,33.522872920054674,7.80192589622536,25.404486251341346,18.879987438985573,18.879987438985573,41.60931233955332,10.219908989692907,48.90045505153546,36.57089630494243,15.216898468897659,High-Intensity / Mobility Gap,"High population density and mobility mismatch, combined with strong FIFA relevance."
48201453702,Census Tract 4537.02; Harris County; Texas,29.683275492315,-95.59964800480546,4492.0,0.3899025620889791,11520.827090576766,51502.0,1273.0,4.0,0.3142183817753339,12,30.776920099492695,14.733733013832198,49.68160187977522,0.9816639490860037,53.03808934490621,66.83216335670855,-17.150561476933326,0.0,0.0,11.367990258932084,43.160048705339584,46.12346089720957,0.0,Established Urban Hub,High urban activity with comparatively balanced mobility capacity.
48201453604,Census Tract 4536.04; Harris County; Texas,29.679263138508187,-95.5813010818867,3589.0,0.4578383951909981,7839.010527945704,98790.0,1065.0,88.0,8.262910798122066,4,8.736707191914967,44.69203162980034,33.19612089056728,25.81453573530762,15.056030789536628,32.79486083208335,0.40126005848392765,0.40126005848392765,0.8843308374437279,10.2707542036178,48.646228981911,38.569169524198685,0.34107905984843734,Established Urban Hub,High urban activity with comparatively balanced mobility capacity.
48201455103,Census Tract 4551.03; Harris County; Texas,29.762925532024397,-95.75900168183207,3810.0,0.5702914210708026,6680.794869483023,112988.0,1351.0,0.0,0.0,0,0.0,53.68687014590412,28.010163933128606,0.0,0.0,30.0,-1.9898360668713941,0.0,0.0,21.629717991110258,0.0,0.0,0.0,Lower Priority,Lower mismatch and/or FIFA relevance relative to other Harris County tracts.
48201455104,Census Tract 4551.04; Harris County; Texas,29.77129489491119,-95.76031869686845,3393.0,0.48457674187437955,7001.98690278782,83131.0,1167.0,32.0,2.742073693230506,0,0.0,34.77160788535259,29.44831411493653,8.566637238639126,0.0,27.43000882840826,2.018305286528271,2.018305286528271,4.448111808078552,21.855939893534806,0.0,0.0,0.0,Lower Priority,Lower mismatch and/or FIFA relevance relative to other Harris County tracts.
48201433601,Census Tract 4336.01; Harris County; Texas,29.667151158299337,-95.55574750103979,2878.0,0.2567892097055684,11207.636034628878,36992.0,1057.0,160.0,15.137180700094607,0,0.0,5.541233586542024,48.279276394246615,47.29075523884513,0.0,15.81277342834646,32.466502965900155,32.466502965900155,71.55242379513777,8.810352098697956,55.94823950651022,39.16376765455715,28.02262500633182,High-Intensity / Mobility Gap,"High population density and mobility mismatch, combined with strong FIFA relevance."
48201453603,Census Tract 4536.03; Harris County; Texas,29.683784183255533,-95.5765900465835,3445.0,0.5300784951564482,6499.03746610818,37128.0,1164.0,214.0,18.384879725085913,17,32.07072189371235,5.627393470905323,27.196337886389728,57.437039591474935,55.26770734874128,51.456283266676415,-24.259945380286688,0.0,0.0,9.980451618158106,50.09774190920947,51.64873154106901,0.0,Lower Priority,Lower mismatch and/or FIFA relevance relative to other Harris County tracts.
48201432806,Census Tract 4328.06; Harris County; Texas,29.71105967432607,-95.51247381090025,4291.0,0.15996019377334258,26825.423868141726,38096.0,1775.0,636.0,35.83098591549296,4,25.00622127069842,6.240649118432332,100.0,100.0,43.093402252282495,30.165381576597746,69.83461842340225,69.83461842340225,100.0,6.385664941519745,68.07167529240128,60.57819338036564,60.57819338036564,High-Intensity / Mobility Gap,"High population density and mobility mismatch, combined with strong FIFA relevance."
48201432805,Census Tract 4328.05; Harris County; Texas,29.70681430368873,-95.51693890555072,2473.0,0.34008959210462547,7271.613296649208,40325.0,784.0,236.0,30.102040816326532,16,47.046426504806846,7.652784282004337,30.655577082707588,94.04315589796234,81.07544758390685,58.53986653934609,-27.884289456638506,0.0,0.0,6.569807502068382,67.15096248965808,71.32830801793271,0.0,Lower Priority,Lower mismatch and/or FIFA relevance relative to other Harris County tracts.
48201454802,Census Tract 4548.02; Harris County; Texas,29.763744866673697,-95.74420067517187,4324.0,0.6550354394406498,6601.169554570002,98053.0,1746.0,0.0,0.0,0,0.0,44.22512107997864,27.653638399352353,0.0,0.0,30.0,-2.346361600647647,0.0,0.0,20.783380463064983,0.0,0.0,0.0,Lower Priority,Lower mismatch and/or FIFA relevance relative to other Harris County tracts.
48201433505,Census Tract 4335.05; Harris County; Texas,29.683262744959404,-95.55314227098042,2175.0,0.07678529457581183,28325.736223523556,34219.0,751.0,137.0,18.242343541944077,3,39.069980997963526,3.7844588855168246,100.0,56.99173581376436,67.32958126332902,60.033186140201,39.966813859799,39.966813859799,88.08224298260009,8.570126682328246,57.149366588358774,60.20343099084984,53.02853236922232,High-Intensity / Mobility Gap,"High population density and mobility mismatch, combined with strong FIFA relevance."
48201432803,Census Tract 4328.03; Harris County; Texas,29.71530704731339,-95.51690576186435,2577.0,0.1251932388052295,20584.178703206093,42096.0,1149.0,115.0,10.008703220191471,4,31.95060722267147,8.774763364411704,90.26312140059987,31.26864530601512,55.06071286606705,59.1619054144424,31.10121598615747,31.10121598615747,68.54348893451738,6.72747337853618,66.3626331073191,62.97205703494348,43.16324494558447,High-Intensity / Mobility Gap,"High population density and mobility mismatch, combined with strong FIFA relevance."
48201432904,Census Tract 4329.04; Harris County; Texas,29.709682029606967,-95.52929962299395,3861.0,0.43250932138629655,8926.975232867964,60093.0,1564.0,117.0,7.4808184143222505,7,16.1846222818119,20.176376885634397,38.067526392396026,23.371165319823923,27.891076814097744,42.51240417392124,-4.444877781525214,0.0,0.0,7.338857403207394,63.30571298396303,52.68132213300344,0.0,Established Urban Hub,High urban activity with comparatively balanced mobility capacity.
48201453701,Census Tract 4537.01; Harris County; Texas,29.68274492062719,-95.60941760168285,4635.0,0.5111745473720516,9067.352871594518,62167.0,1276.0,99.0,7.758620689655173,16,31.30046298716554,21.4903151221747,38.69607288708688,24.239060053186083,53.9403145955979,60.486502200962704,-21.790429313875826,0.0,0.0,11.95615344852269,40.21923275738655,44.33555730884996,0.0,Established Urban Hub,High urban activity with comparatively balanced mobility capacity.
48201450301,Census Tract 4503.01; Harris County; Texas,29.77517275093959,-95.5943455056127,2690.0,0.3821403642936418,7039.29825621082,64143.0,1066.0,36.0,3.377110694183865,4,10.467358001800475,22.742167559688507,29.615377192923482,10.550585238910266,18.03847386645305,39.46175613484405,-9.84637894192057,0.0,0.0,12.681335387400559,36.59332306299721,31.02686830403396,0.0,Lower Priority,Lower mismatch and/or FIFA relevance relative to other Harris County tracts.
48201450302,Census Tract 4503.02; Harris County; Texas,29.779040268240884,-95.60073069698836,5835.0,0.6110460483135919,9549.198486928843,69751.0,2404.0,0.0,0.0,5,8.18268936326379,26.29499573255159,40.853555911078374,0.0,14.101287852306973,39.87090149661488,0.9826544144634966,0.9826544144634966,2.1656568673781598,13.146607906814017,34.26696046592992,28.217258681843035,0.6110890004291937,Established Urban Hub,High urban activity with comparatively balanced mobility capacity.
48201433504,Census Tract 4335.04; Harris County; Texas,29.679302671064914,-95.54719397560659,3358.0,0.35309621551944487,9510.155737749832,35489.0,1116.0,271.0,24.2831541218638,10,28.32089260795066,4.589040158615275,40.67874043931108,75.8641071119034,48.80559937811128,41.40468743110688,-0.7259469917958015,0.0,0.0,8.220258290601583,58.89870854699208,55.87077579632784,0.0,Established Urban Hub,High urban activity with comparatively balanced mobility capacity.
48201433507,Census Tract 4335.07; Harris County; Texas,29.679253362283216,-95.55718916452017,2911.0,0.1834780623523215,15865.656976528278,27063.0,1188.0,404.0,34.00673400673401,3,16.350728591406675,0.0,69.13575155501356,100.0,28.177329020639537,19.724130314447674,49.41162124056588,49.41162124056588,100.0,8.821193385117827,55.89403307441086,47.57902185827947,47.57902185827947,High-Intensity / Mobility Gap,"High population density and mobility mismatch, combined with strong FIFA relevance."
48201453002,Census Tract 4530.02; Harris County; Texas,29.69612756133841,-95.58129558128378,5049.0,0.7933353021197612,6364.269920308938,61594.0,1361.0,119.0,8.743570903747244,8,10.084008588328679,21.127303256438154,26.59291080727203,27.316187849961686,17.37784504536547,33.96963517676732,-7.376724369495289,0.0,0.0,10.29289008819461,48.53554955902695,39.1882382049285,0.0,Lower Priority,Lower mismatch and/or FIFA relevance relative to other Harris County tracts.
48201451605,Census Tract 4516.05; Harris County; Texas,29.74740470941371,-95.62705112703324,3203.0,0.33970464825255864,9428.778842080137,70714.0,1480.0,0.0,0.0,7,20.606135465051814,26.905083737271124,40.314372132606294,0.0,35.51070251069968,54.857491757489775,-14.54311962488348,0.0,0.0,13.710661521864228,31.446692390678855,32.6658954266851,0.0,Established Urban Hub,High urban activity with comparatively balanced mobility capacity.
48201451606,Census Tract 4516.06; Harris County; Texas,29.745199340824932,-95.63640389693197,6423.0,1.3091403726792123,4906.272951352843,128056.0,2070.0,40.0,1.932367149758454,9,6.874740240102069,63.232878510508414,20.06467103617591,6.036996169983007,11.847289654027653,36.48200390682445,-16.417332870648544,0.0,0.0,14.200453494108366,28.997732529458165,23.85259966682901,0.0,Lower Priority,Lower mismatch and/or FIFA relevance relative to other Harris County tracts.
48201550305,Census Tract 5503.05; Harris County; Texas,30.004900395118263,-95.43603276633584,3275.0,0.92160152800483,3553.596538723226,75732.0,1168.0,33.0,2.8253424657534243,3,3.2552029362350163,30.08413005885225,14.008008270494802,8.82678100110315,5.6097147995871,31.278766059380025,-17.270757788885224,0.0,0.0,22.113553098073233,0.0,1.68291443987613,0.0,Lower Priority,Lower mismatch and/or FIFA relevance relative to other Harris County tracts.
48201453001,Census Tract 4530.01; Harris County; Texas,29.69609826484914,-95.57305562793329,3174.0,0.2642919468503652,12009.44651483093,75855.0,889.0,20.0,2.249718785151856,10,37.83694554137029,30.16205407191611,51.86941490426319,7.0284488593165495,65.20468232929608,73.53474297271228,-21.665328068449092,0.0,0.0,9.798530670824416,51.00734664587792,55.266547350903366,0.0,Established Urban Hub,High urban activity with comparatively balanced mobility capacity.
48201433503,Census Tract 4335.03; Harris County; Texas,29.687381054465146,-95.55445681043368,2368.0,0.12020865993844654,19699.079926625473,46335.0,695.0,60.0,8.633093525179856,4,33.27547284902952,11.460290936588343,86.30005621071872,26.971040442873722,57.343863396841954,62.04939224492725,24.250663965791475,24.250663965791475,53.44566327997434,8.650438581272901,56.747807093635494,56.92662398459743,30.424811771465052,High-Intensity / Mobility Gap,"High population density and mobility mismatch, combined with strong FIFA relevance."
48201432502,Census Tract 4325.02; Harris County; Texas,29.72491427667778,-95.52484041167695,1927.0,0.287585490075231,6700.616221965531,47250.0,802.0,129.0,16.084788029925186,7,24.340588247928757,12.039969570356126,28.098914832031962,50.251218431127256,41.94631204252629,44.287052900430226,-16.188138068398263,0.0,0.0,7.403405450223535,62.982972748882325,56.67197453697551,0.0,Lower Priority,Lower mismatch and/or FIFA relevance relative to other Harris County tracts.
48201454901,Census Tract 4549.01; Harris County; Texas,29.75322143440462,-95.7296887256047,2428.0,0.41462506940261046,5855.892899814884,138382.0,832.0,6.0,0.7211538461538461,0,0.0,69.77469443650418,24.316632355008274,2.2529895562256295,0.0,29.32410313313231,-5.007470778124038,0.0,0.0,19.757605401402802,1.211972992985988,0.8483810950901916,0.0,Lower Priority,Lower mismatch and/or FIFA relevance relative to other Harris County tracts.
48201330600,Census Tract 3306; Harris County; Texas,29.613068652984794,-95.43296718267703,7148.0,1.423565222282693,5021.196000094854,48489.0,2437.0,129.0,5.293393516618793,30,21.073850028377954,12.824911458048236,20.57924358563078,16.537331629775977,36.316718405643456,50.460503395017625,-29.881259809386844,0.0,0.0,5.113812890157345,74.43093554921327,62.99667040614233,0.0,Lower Priority,Lower mismatch and/or FIFA relevance relative to other Harris County tracts.
48201330700,Census Tract 3307; Harris County; Texas,29.598213418971184,-95.44215521120424,8886.0,2.367974190894784,3752.5746835282257,73221.0,2589.0,214.0,8.265739667825416,8,3.3784152001154406,28.4933398409387,14.898940876085176,25.823373535912253,5.822047386439603,26.328421109734045,-11.429480233648869,0.0,0.0,6.252099087381391,68.73950456309305,49.86426741009701,0.0,Lower Priority,Lower mismatch and/or FIFA relevance relative to other Harris County tracts.
48201320500,Census Tract 3205; Harris County; Texas,29.698764257970492,-95.24531454225946,4097.0,2.1366538239753092,1917.4842241769456,71406.0,1270.0,0.0,0.0,1,0.4680215338484124,27.343485501825555,6.682249912129663,0.0,0.8065448994683946,30.564581429627875,-23.882331517498212,0.0,0.0,9.995312129709093,50.023439351454535,35.25837101585869,0.0,Lower Priority,Lower mismatch and/or FIFA relevance relative to other Harris County tracts.
48201320700,Census Tract 3207; Harris County; Texas,29.670481251565793,-95.25065370852685,3397.0,1.3297439421655128,2554.627167143113,48984.0,1479.0,249.0,16.835699797160245,18,13.536440685480141,13.138508095988183,9.535082934905459,52.59717606312275,23.32744628662026,30.550059581697354,-21.014976646791894,0.0,0.0,9.678141747698747,51.609291261506264,43.12473776904046,0.0,Lower Priority,Lower mismatch and/or FIFA relevance relative to other Harris County tracts.
48201320800,Census Tract 3208; Harris County; Texas,29.659806479315943,-95.24100227235182,4740.0,1.1280472633602074,4201.951597205751,54241.0,1612.0,69.0,4.280397022332506,2,1.772975357470781,16.468967743766573,16.9110439891544,13.372583172435995,3.0553812763546255,28.12699194171744,-11.215947952563038,0.0,0.0,10.352624809734033,48.236875951329836,34.68242754883727,0.0,Lower Priority,Lower mismatch and/or FIFA relevance relative to other Harris County tracts.
48201321200,Census Tract 3212; Harris County; Texas,29.636600470328077,-95.20139295309492,5008.0,1.1432647077348408,4380.437851459956,33750.0,1412.0,105.0,7.436260623229461,0,0.0,3.4873339901757427,17.710223334808695,23.231960296490907,0.0,23.030411911052727,-5.320188576244032,0.0,0.0,13.022576221093674,34.88711889453163,24.42098322617214,0.0,Lower Priority,Lower mismatch and/or FIFA relevance relative to other Harris County tracts.
48201321500,Census Tract 3215; Harris County; Texas,29.665047039594103,-95.21188062704053,2700.0,0.3641904749430035,7413.702954264675,40938.0,945.0,53.0,5.608465608465608,0,0.0,8.041137290200675,31.291789210480985,17.52166269335544,0.0,24.743501191993367,6.548288018487618,6.548288018487618,14.431670695287593,12.03762570582384,39.8118714708808,27.86831002961656,4.021862731816066,Lower Priority,Lower mismatch and/or FIFA relevance relative to other Harris County tracts.
48201321600,Census Tract 3216; Harris County; Texas,29.67721027592919,-95.21962518183632,6937.0,1.114307431946316,6225.391486336424,77050.0,1890.0,138.0,7.301587301587302,0,0.0,30.919120702902447,25.97107706185893,22.811221242292937,0.0,23.15663362731212,2.81444343454681,2.81444343454681,6.2027083602951585,11.506224782578714,42.46887608710643,29.7282132609745,1.8439543693048392,Emerging Opportunity,Moderate urban intensity and mobility mismatch with timely FIFA proximity.
48201331100,Census Tract 3311; Harris County; Texas,29.67495534358312,-95.36912332920407,4129.0,1.2476200130435346,3309.5012558570766,58717.0,1659.0,268.0,16.154309825195902,32,25.648835114416674,19.304641585017492,12.915061873847156,50.46841463622322,44.20082334403639,45.8000519499585,-32.88499007611134,0.0,0.0,2.5898232637607763,87.05088368119611,74.19586558004819,0.0,Lower Priority,Lower mismatch and/or FIFA relevance relative to other Harris County tracts.
48201331200,Census Tract 3312; Harris County; Texas,29.66351753047627,-95.37052337482437,5016.0,1.3691653586548551,3663.5458005802893,32156.0,1865.0,433.0,23.217158176943702,41,29.945250762318953,2.477489463152963,14.500310490143352,72.53378065841113,51.60486755182735,44.3632730887558,-29.862962598612445,0.0,0.0,2.8235824402066445,85.88208779896678,75.59892172482495,0.0,Lower Priority,Lower mismatch and/or FIFA relevance relative to other Harris County tracts.
48201331300,Census Tract 3313; Harris County; Texas,29.64620109791639,-95.37916597338005,5819.0,1.752389125605367,3320.6095124505023,41975.0,1909.0,205.0,10.7386066003143,21,11.98363975965983,8.698106408470828,12.964799537247556,33.54896967957424,20.651493203196935,34.39135433836558,-21.426554801118023,0.0,0.0,3.2611739052109647,83.69413047394518,64.7813392927207,0.0,Lower Priority,Lower mismatch and/or FIFA relevance relative to other Harris County tracts.
48201331400,Census Tract 3314; Harris County; Texas,29.6526091889498,-95.36237783340148,3353.0,0.601451409673812,5574.847686895352,21099.0,985.0,447.0,45.380710659898476,15,24.939670534873333,0.0,23.058241167973705,100.0,42.97871488716443,30.0851004210151,-7.026859253041394,0.0,0.0,3.6525545230708647,81.73722738464568,70.1096736354013,0.0,Lower Priority,Lower mismatch and/or FIFA relevance relative to other Harris County tracts.
48201321700,Census Tract 3217; Harris County; Texas,29.677984939609143,-95.23557484774793,3202.0,0.7450953123293095,4297.436780255589,77482.0,1027.0,22.0,2.142161635832522,18,24.157983149469267,31.192805041468226,17.338582717155088,6.6924246733453305,41.631627353622356,57.13441174553205,-39.79582902837696,0.0,0.0,10.545308535080995,47.27345732459503,45.58090833330322,0.0,Lower Priority,Lower mismatch and/or FIFA relevance relative to other Harris County tracts.
48201321900,Census Tract 3219; Harris County; Texas,29.695771585889137,-95.22486433541943,5314.0,0.9532846850326646,5574.41033453497,64556.0,1426.0,67.0,4.698457223001403,0,0.0,23.00381485558588,23.056282905279186,14.67866407459578,0.0,25.596400777621263,-2.5401178723420763,0.0,0.0,11.204453100102452,43.97773449948774,30.784414149641414,0.0,Lower Priority,Lower mismatch and/or FIFA relevance relative to other Harris County tracts.
48201322000,Census Tract 3220; Harris County; Texas,29.70116013683695,-95.21812210589489,4240.0,0.26969351604837405,15721.549639478484,48382.0,1292.0,128.0,9.907120743034056,0,0.0,12.757123901968287,68.49050518683434,30.95128686529988,0.0,20.714613940410036,47.77589124642431,47.77589124642431,100.0,11.639064504558966,41.80467747720517,29.263274234043614,29.263274234043614,High-Intensity / Mobility Gap,"High population density and mobility mismatch, combined with strong FIFA relevance."
48201322100,Census Tract 3221; Harris County; Texas,29.69004287861978,-95.21042134447555,3883.0,0.8395312670828892,4625.199980332145,34597.0,1360.0,151.0,11.102941176470587,0,0.0,4.023932681761875,18.806155561132616,34.687203912713024,0.0,19.593838826186094,-0.7876832650534773,0.0,0.0,12.053158795426853,39.734206022865735,27.813944216006014,0.0,Lower Priority,Lower mismatch and/or FIFA relevance relative to other Harris County tracts.
48201322200,Census Tract 3222; Harris County; Texas,29.70440857786593,-95.21287225832539,1670.0,0.3648503235319525,4577.219457649038,61311.0,445.0,24.0,5.393258426966292,0,0.0,20.948014673535113,18.591320850850533,16.849324141840214,0.0,24.945202757447934,-6.353881906597401,0.0,0.0,11.976479397644471,40.117603011777646,28.08232210824435,0.0,Lower Priority,Lower mismatch and/or FIFA relevance relative to other Harris County tracts.
48201331700,Census Tract 3317; Harris County; Texas,29.64341800618911,-95.33244996684283,3840.0,1.9881743778862264,1931.4201222543593,38994.0,1300.0,273.0,21.0,23,11.568401773919339,6.8095577666547005,6.744648453424336,65.60705587729034,19.935910574528837,24.273020638983084,-17.528372185558748,0.0,0.0,5.500617856902843,72.49691071548578,56.728610673198695,0.0,Lower Priority,Lower mismatch and/or FIFA relevance relative to other Harris County tracts.
48201331800,Census Tract 3318; Harris County; Texas,29.65267875076411,-95.34545541199284,4268.0,0.8915747492371425,4787.03552747745,31938.0,1368.0,192.0,14.035087719298245,16,17.94577517329878,2.339380236747087,19.530780699419097,43.847656392508156,30.926084349184425,38.49396212667665,-18.963181427257553,0.0,0.0,4.503003144628524,77.48498427685739,63.5173142985555,0.0,Lower Priority,Lower mismatch and/or FIFA relevance relative to other Harris County tracts.
48201331900,Census Tract 3319; Harris County; Texas,29.66267342436188,-95.34669465566562,3361.0,0.6493493129517952,5175.950652387162,34883.0,1409.0,131.0,9.297374024130589,22,33.880069727020995,4.205121850349401,21.272163733866854,29.046349386343014,58.385769576177026,62.15613388742101,-40.88397015355415,0.0,0.0,4.139052623907219,79.3047368804639,73.02904668917785,0.0,Lower Priority,Lower mismatch and/or FIFA relevance relative to other Harris County tracts.
48201332100,Census Tract 3321; Harris County; Texas,29.680381836422104,-95.34438499401584,3173.0,0.41493047621001755,7647.064223824288,41299.0,903.0,2.0,0.22148394241417496,9,21.69038071680384,8.269841100900315,32.33667363302084,0.69194806599473,37.37919020694458,55.95784872506278,-23.621175092041945,0.0,0.0,4.000516450101976,79.99741774949013,67.21194948672645,0.0,Established Urban Hub,High urban activity with comparatively balanced mobility capacity.
48201332200,Census Tract 3322; Harris County; Texas,29.680568960785635,-95.32992455815099,4861.0,1.1154796380996508,4357.766680780725,31534.0,1593.0,71.0,4.45699937225361,27,24.204834474610077,2.083434697903171,17.608712260892386,13.92431461240431,41.71236658161244,55.02136222340741,-37.41264996251502,0.0,0.0,4.867667278827116,75.66166360586442,65.47687449858883,0.0,Lower Priority,Lower mismatch and/or FIFA relevance relative to other Harris County tracts.
48201332400,Census Tract 3324; Harris County; Texas,29.65810995728495,-95.32874147747032,4057.0,1.4158242601060755,2865.4686279327098,50462.0,1247.0,66.0,5.292702485966319,29,20.48276810698757,14.07486330987756,10.9268880140924,16.535172749460273,35.29810264891675,49.748120029403644,-38.821232015311246,0.0,0.0,5.260342866675369,73.69828566662315,62.17823076131123,0.0,Lower Priority,Lower mismatch and/or FIFA relevance relative to other Harris County tracts.
48201332500,Census Tract 3325; Harris County; Texas,29.66484166776997,-95.30770184964348,3410.0,0.6848765030700783,4978.999841159802,83870.0,1118.0,0.0,0.0,10,14.601172554720824,35.23978549229728,20.390308595495288,0.0,25.162306429435105,47.61361450060457,-27.22330590510928,0.0,0.0,6.345904258306082,68.27047870846958,55.338027024759235,0.0,Lower Priority,Lower mismatch and/or FIFA relevance relative to other Harris County tracts.
48201322800,Census Tract 3228; Harris County; Texas,29.706126934934108,-95.18107103652345,5509.0,1.2012398773507817,4586.09483740214,65417.0,1543.0,12.0,0.7777057679844459,0,0.0,23.54928294703294,18.63106071884852,2.4296659893450734,0.0,29.27110020319648,-10.640039484347959,0.0,0.0,13.890520933566162,30.54739533216919,21.383176732518432,0.0,Lower Priority,Lower mismatch and/or FIFA relevance relative to other Harris County tracts.
48201340502,Census Tract 3405.02; Harris County; Texas,29.56087589251943,-95.12031205840356,2216.0,0.29682491472915173,7465.680574765992,54180.0,1025.0,37.0,3.6097560975609753,0,0.0,16.430322501515388,31.524521086190294,11.277403333146305,0.0,26.616779000056106,4.9077420861341885,4.9077420861341885,10.816096885862153,19.44917318394486,2.754134080275694,1.9278938561929857,0.2085228673424173,Established Urban Hub,High urban activity with comparatively balanced mobility capacity.
48201340102,Census Tract 3401.02; Harris County; Texas,29.601965633933197,-95.1899561657813,5498.0,1.7159557537209846,3204.045318813027,88884.0,1817.0,91.0,5.008255365987893,0,0.0,38.41629769963242,12.44287869585188,15.646518554481275,0.0,25.306044433655618,-12.863165737803739,0.0,0.0,14.455430176735092,27.722849116324543,19.405994381427178,0.0,Lower Priority,Lower mismatch and/or FIFA relevance relative to other Harris County tracts.
48201340101,Census Tract 3401.01; Harris County; Texas,29.584414858836247,-95.17154984435199,1610.0,1.5360421864963272,1048.1482957654755,59022.0,800.0,41.0,5.125,0,0.0,19.497867796273418,2.789763505685406,16.011245779576807,0.0,25.196626266126955,-22.40686276044155,0.0,0.0,15.965413316910606,20.17293341544697,14.121053390812877,0.0,Lower Priority,Lower mismatch and/or FIFA relevance relative to other Harris County tracts.
48201451302,Census Tract 4513.02; Harris County; Texas,29.748145524298284,-95.59653446610949,3254.0,0.6083383138757337,5348.997302617208,139884.0,1110.0,0.0,0.0,11,18.082043739640223,70.72625433586943,22.04698703483406,0.0,31.160916956643376,51.81264186965036,-29.765654834816303,0.0,0.0,12.001097169350233,39.994514153248836,37.344434994267196,0.0,Lower Priority,Lower mismatch and/or FIFA relevance relative to other Harris County tracts.
48201451903,Census Tract 4519.03; Harris County; Texas,29.71662396018491,-95.60956155195777,3846.0,0.2239129970078377,17176.31424434633,32231.0,1747.0,460.0,26.33085289066972,8,35.72816275475056,2.5250041052650762,75.0042719183804,82.26141604261333,61.57060167781524,48.42099636168666,26.583275556693735,26.583275556693735,58.58646989154535,12.162590226824362,39.1870488658782,45.902114709459305,26.892428613839982,High-Intensity / Mobility Gap,"High population density and mobility mismatch, combined with strong FIFA relevance."
48201452602,Census Tract 4526.02; Harris County; Texas,29.70816263783229,-95.62418968750521,2929.0,0.7243430935119701,4043.6638745304704,71591.0,924.0,135.0,14.61038961038961,15,20.708418613163897,27.4606882857021,16.20230437690071,45.64498321703873,35.686967800745265,41.287382495410064,-25.085078118509355,0.0,0.0,12.94390581508708,35.2804709245646,35.402419987418796,0.0,Lower Priority,Lower mismatch and/or FIFA relevance relative to other Harris County tracts.
48201452601,Census Tract 4526.01; Harris County; Texas,29.70770351597461,-95.63915399920994,5351.0,0.29315424150788866,18253.189762755,35932.0,1981.0,352.0,17.768803634528016,11,37.52290924879555,4.869693311357491,79.82602514385431,55.51232823443234,64.66350131153085,58.610752447741895,21.215272696112415,21.215272696112415,46.75601140276868,13.833930859300628,30.830345703496864,40.98029238590706,19.16075018084265,High-Intensity / Mobility Gap,"High population density and mobility mismatch, combined with strong FIFA relevance."
48201452001,Census Tract 4520.01; Harris County; Texas,29.732360333842962,-95.61306682581973,6370.0,0.4177436165371578,15248.587286152811,72528.0,2079.0,129.0,6.204906204906205,5,11.969063803887607,28.054304547822767,66.37279732395548,19.385029909458424,20.62637435303144,38.62295307428448,27.749844249671,27.749844249671,61.157452593123004,12.607138744062082,36.96430627968959,32.06292670169214,19.608869197555148,High-Intensity / Mobility Gap,"High population density and mobility mismatch, combined with strong FIFA relevance."
48201452101,Census Tract 4521.01; Harris County; Texas,29.725026968486155,-95.58348445326672,7306.0,1.4169895164205566,5156.0014490831345,74299.0,3665.0,235.0,6.412005457025921,12,8.468658279359104,29.176283630230138,21.182840377794115,20.032038109742388,14.594100156874749,34.206258676889604,-13.02341829909549,0.0,0.0,10.757929202694333,46.21035398652833,36.725477837632255,0.0,Lower Priority,Lower mismatch and/or FIFA relevance relative to other Harris County tracts.
48201310102,Census Tract 3101.02; Harris County; Texas,29.759187694249825,-95.34307350551752,2400.0,0.43946224905732895,5461.219945850034,91102.0,1412.0,160.0,11.3314447592068,15,34.13262466156271,39.82146404902799,22.54946841056326,35.40108235655758,58.820999324294064,60.55437482003857,-38.00490640947531,0.0,0.0,6.547830689812224,67.26084655093888,64.72889238294543,0.0,Lower Priority,Lower mismatch and/or FIFA relevance relative to other Harris County tracts.
48201322900,Census Tract 3229; Harris County; Texas,29.703471829543883,-95.19430637309364,3755.0,0.6415932927909945,5852.617292280874,53795.0,1051.0,19.0,1.8078020932445291,0,0.0,16.186414005339874,24.301965691199403,5.6478368069798215,0.0,28.30564895790605,-4.003683266706648,0.0,0.0,13.080081166647924,34.59959416676038,24.219715916732266,0.0,Lower Priority,Lower mismatch and/or FIFA relevance relative to other Harris County tracts.
48201323000,Census Tract 3230; Harris County; Texas,29.694899132098932,-95.19199447713024,6571.0,0.540250356523249,12162.879525498702,41765.0,2132.0,168.0,7.879924953095685,0,0.0,8.565065410556912,52.55641734923914,24.618032224123954,0.0,22.614590332762813,29.941827016476328,29.941827016476328,65.9883295140783,13.1743545656368,34.12822717181599,23.889759020271192,15.7644529024158,High-Intensity / Mobility Gap,"High population density and mobility mismatch, combined with strong FIFA relevance."
48201323100,Census Tract 3231; Harris County; Texas,29.688444520751784,-95.16937110934653,3503.0,0.7914186910047565,4426.2285435193835,39819.0,1058.0,77.0,7.277882797731569,0,0.0,7.332218829887946,17.915252990845907,22.737164922816437,0.0,23.17885052315507,-5.263597532309163,0.0,0.0,14.519118054351772,27.40440972824114,19.1830868097688,0.0,Lower Priority,Lower mismatch and/or FIFA relevance relative to other Harris County tracts.
48201323200,Census Tract 3232; Harris County; Texas,29.68690686837663,-95.18291772260456,6023.0,0.813300644737991,7405.625507576402,71745.0,1895.0,112.0,5.910290237467018,0,0.0,27.55825168417231,31.255622119710523,18.46460675526201,0.0,24.460617973421396,6.795004146289127,6.795004146289127,14.975404553907667,13.702943731166894,31.48528134416553,22.039696940915867,3.3005337793573637,Lower Priority,Lower mismatch and/or FIFA relevance relative to other Harris County tracts.
48201323300,Census Tract 3233; Harris County; Texas,29.68716480553332,-95.20112547027422,3278.0,0.5059467241453869,6478.943026139737,19514.0,997.0,284.0,28.48545636910732,0,0.0,0.0,27.10636422734034,88.99271084276856,0.0,3.302186747169432,23.804177480170907,23.804177480170907,52.461658619186615,12.608012424994458,36.95993787502771,25.871956512519397,13.572857503702345,Lower Priority,Lower mismatch and/or FIFA relevance relative to other Harris County tracts.
48201323400,Census Tract 3234; Harris County; Texas,29.676606996224628,-95.19955522935729,6940.0,0.7682479282663072,9033.54209579372,48812.0,2158.0,308.0,14.272474513438368,0,0.0,13.02954118341107,38.544683785480984,44.58928728144539,0.0,16.623213815566384,21.9214699699146,21.9214699699146,48.312388653227,12.71421580575458,36.4289209712271,25.50024467985897,12.319777317257309,High-Intensity / Mobility Gap,"High population density and mobility mismatch, combined with strong FIFA relevance."
48201323500,Census Tract 3235; Harris County; Texas,29.663426605866313,-95.20179439293457,5525.0,1.0315796390483774,5355.8637557995635,44899.0,1721.0,97.0,5.636257989540964,0,0.0,10.550543922281749,22.07773185372317,17.608490136125624,0.0,24.717452959162312,-2.6397211054391434,0.0,0.0,12.653271286913645,36.73364356543177,25.713550495802238,0.0,Lower Priority,Lower mismatch and/or FIFA relevance relative to other Harris County tracts.
48201411700,Census Tract 4117; Harris County; Texas,29.72548819202904,-95.45435171329686,3516.0,0.46747357455742483,7521.280755449615,77193.0,2252.0,141.0,6.261101243339254,10,21.39158349103986,31.00971528719621,31.773473120074726,19.56059138691097,36.86427078340092,49.93681213230735,-18.163339012232626,0.0,0.0,3.8458481341992177,80.77075932900391,67.598812765323,0.0,Established Urban Hub,High urban activity with comparatively balanced mobility capacity.
48201412000,Census Tract 4120; Harris County; Texas,29.72153704882538,-95.41071353194684,3819.0,0.5774354693103134,6613.726040351137,244483.0,1810.0,125.0,6.906077348066299,29,50.22206210269259,100.0,27.709860566892452,21.575590593689274,86.54804341295815,84.11095321096391,-56.40109264407146,0.0,0.0,2.5379289785689068,87.31035510715547,87.08166159889628,0.0,Lower Priority,Lower mismatch and/or FIFA relevance relative to other Harris County tracts.
48201432600,Census Tract 4326; Harris County; Texas,29.725934917102396,-95.51064117472106,2206.0,0.6270522993981275,3518.047859990971,81731.0,852.0,67.0,7.863849765258216,18,28.70573956474954,33.88466789925981,13.848837638970116,24.56781099809106,49.46880892646211,57.25782294909616,-43.40898531012604,0.0,0.0,6.648815019517813,66.75592490241094,61.56979010962629,0.0,Lower Priority,Lower mismatch and/or FIFA relevance relative to other Harris County tracts.
48201340600,Census Tract 3406; Harris County; Texas,29.575863109107576,-95.13125245645033,2463.0,0.6275677457797817,3924.675888082186,124435.0,988.0,5.0,0.5060728744939271,0,0.0,60.9388715893356,15.669530906205154,1.5810453026144768,0.0,29.52568640921566,-13.856155503010505,0.0,0.0,18.41455474885724,7.927226255713804,5.549058378999662,0.0,Lower Priority,Lower mismatch and/or FIFA relevance relative to other Harris County tracts.
48201340800,Census Tract 3408; Harris County; Texas,29.581492904365508,-95.14381919979283,6143.0,1.114133685974972,5513.700983400656,142072.0,2025.0,103.0,5.08641975308642,0,0.0,72.11241482842014,22.78445435625536,15.890715474099718,0.0,25.232785357770084,-2.448331001514724,0.0,0.0,17.56553600736834,12.172319963158296,8.520623974210807,0.0,Lower Priority,Lower mismatch and/or FIFA relevance relative to other Harris County tracts.
48201433300,Census Tract 4333; Harris County; Texas,29.6984380802594,-95.52962225150426,4680.0,0.9351726327754385,5004.423606912587,86925.0,1764.0,50.0,2.8344671201814062,21,22.45574695409494,37.17521524766403,20.504144524000132,8.85528774933732,38.698151387718774,54.43211964660195,-33.927975122601815,0.0,0.0,7.216311298734761,63.91844350632619,56.35235587074396,0.0,Lower Priority,Lower mismatch and/or FIFA relevance relative to other Harris County tracts.
48201554103,Census Tract 5541.03; Harris County; Texas,30.01172706728445,-95.5542214101207,5154.0,1.041231034705463,4949.910085476786,105958.0,1847.0,77.0,4.168922577152139,0,0.0,49.233164358595374,20.260058050381122,13.02432078415798,0.0,26.092703764752606,-5.832645714371484,0.0,0.0,24.1249473947119,0.0,0.0,0.0,Lower Priority,Lower mismatch and/or FIFA relevance relative to other Harris County tracts.
48201554104,Census Tract 5541.04; Harris County; Texas,30.022244255800945,-95.56016149011198,4064.0,0.6978144003006772,5823.898157230471,126094.0,1354.0,8.0,0.5908419497784343,0,0.0,61.98989547285554,24.173374614798366,1.84587622922671,0.0,29.44623713123199,-5.272862516433623,0.0,0.0,24.929229153547073,0.0,0.0,0.0,Lower Priority,Lower mismatch and/or FIFA relevance relative to other Harris County tracts.
48201555102,Census Tract 5551.02; Harris County; Texas,30.07688988835437,-95.45322847214774,6083.0,1.566323406586494,3883.616866363984,89318.0,2506.0,113.0,4.509177972865124,0,0.0,38.69124909532118,15.485687493461315,14.08732815363852,0.0,25.77380155390844,-10.288114060447127,0.0,0.0,27.141717678733578,0.0,0.0,0.0,Lower Priority,Lower mismatch and/or FIFA relevance relative to other Harris County tracts.
48201553201,Census Tract 5532.01; Harris County; Texas,30.02390238572498,-95.45089456623359,2545.0,0.8880314897281986,2865.889362525819,74046.0,967.0,45.0,4.653567735263702,14,15.76520670937582,29.01600090417194,10.928771870068985,14.538422782676244,27.168294920016127,44.65627960920841,-33.727507739139426,0.0,0.0,23.49481251387606,0.0,8.150488476004838,0.0,Lower Priority,Lower mismatch and/or FIFA relevance relative to other Harris County tracts.
48201550304,Census Tract 5503.04; Harris County; Texas,30.014208804724404,-95.43622491564415,1611.0,0.6382971386635177,2523.902901042533,26174.0,727.0,74.0,10.178817056396149,5,7.833342337189735,0.0,9.397513803990766,31.800105684938,13.49925559172355,29.909447208725084,-20.511933404734318,0.0,0.0,22.754191701259117,0.0,4.049776677517065,0.0,Lower Priority,Lower mismatch and/or FIFA relevance relative to other Harris County tracts.
48201520502,Census Tract 5205.02; Harris County; Texas,29.83492879102663,-95.49609567522127,4644.0,1.1138468120711749,4169.334552715179,49909.0,1642.0,82.0,4.993909866017052,8,7.182316197614434,13.724522015370914,16.76499986725789,15.601701125044393,12.377337529583428,33.98362593319508,-17.218626065937187,0.0,0.0,11.553644459442376,42.23177770278812,33.27544565082671,0.0,Lower Priority,Lower mismatch and/or FIFA relevance relative to other Harris County tracts.
48201240905,Census Tract 2409.05; Harris County; Texas,30.011712787096585,-95.31737861782572,5370.0,0.802952720786895,6687.815933592443,74907.0,1762.0,90.0,5.10783200908059,0,0.0,29.561468995619002,28.04160102863049,15.957610477693448,0.0,25.212716856691966,2.828884171938526,2.828884171938526,6.234534078108118,23.21648047042865,0.0,0.0,0.0,Lower Priority,Lower mismatch and/or FIFA relevance relative to other Harris County tracts.
48201550406,Census Tract 5504.06; Harris County; Texas,29.986406534102926,-95.45181925804998,4271.0,1.2509223448055482,3414.280684756585,41080.0,1530.0,201.0,13.137254901960786,3,2.3982304037157,8.131098345932944,13.384215959554385,41.042696020340365,4.132887826681541,20.580212672574966,-7.19599671302058,0.0,0.0,20.93325338346864,0.0,1.2398663480044623,0.0,Lower Priority,Lower mismatch and/or FIFA relevance relative to other Harris County tracts.
48201520604,Census Tract 5206.04; Harris County; Texas,29.8069169783744,-95.49503259835424,3447.0,0.38368708954076286,8983.883205780348,81483.0,1165.0,52.0,4.463519313304721,10,26.062904571454446,33.72755281600909,38.322334118316796,13.944683857016543,44.91439223872667,57.2566694100037,-18.934335291686907,0.0,0.0,9.829241756467297,50.85379121766351,49.07197152398246,0.0,Established Urban Hub,High urban activity with comparatively balanced mobility capacity.
48201521501,Census Tract 5215.01; Harris County; Texas,29.82500788321859,-95.52281084725091,2853.0,0.19147192144278433,14900.357078479175,52917.0,836.0,152.0,18.181818181818183,2,10.445395778814705,15.6301759283474,64.81358263446283,56.80264578120375,18.000626208494864,25.559644611585277,39.253938022877556,39.253938022877556,86.51114695016659,11.784682856562016,41.076585717189914,34.1537978645814,29.546842259690877,High-Intensity / Mobility Gap,"High population density and mobility mismatch, combined with strong FIFA relevance."
48201250304,Census Tract 2503.04; Harris County; Texas,29.954604571652542,-95.23029970310259,11105.0,3.6085293066413087,3077.431013117125,97133.0,2681.0,306.0,11.413651622528906,0,0.0,43.64227480340339,11.875958075553527,35.657908560151405,0.0,19.302627431954576,-7.4266693564010495,0.0,0.0,21.52249650963452,0.0,0.0,0.0,Lower Priority,Lower mismatch and/or FIFA relevance relative to other Harris County tracts.
48201250602,Census Tract 2506.02; Harris County; Texas,29.989206594622683,-95.23590875611389,4634.0,3.735775836725667,1240.4384530902712,50297.0,1603.0,119.0,7.423580786026202,0,0.0,13.970331097230911,3.650750379709465,23.192346639923805,0.0,23.042296008022856,-19.39154562831339,0.0,0.0,23.459133834703273,0.0,0.0,0.0,Lower Priority,Lower mismatch and/or FIFA relevance relative to other Harris County tracts.
48201241301,Census Tract 2413.01; Harris County; Texas,30.084908616758188,-95.4249316533343,5161.0,2.9413235410612426,1754.652260437112,118261.0,1622.0,0.0,0.0,0,0.0,57.027466250666436,5.953163278668992,0.0,0.0,30.0,-24.046836721331008,0.0,0.0,27.586847141401893,0.0,0.0,0.0,Lower Priority,Lower mismatch and/or FIFA relevance relative to other Harris County tracts.
48201433100,Census Tract 4331; Harris County; Texas,29.697019874382747,-95.55463392405969,3295.0,0.32436249288071606,10158.387829420624,47480.0,1100.0,299.0,27.18181818181818,9,27.746734587188353,12.18568113949994,43.58122556915055,84.91995544289959,47.816148701927865,37.995317458479626,5.585908110670921,5.585908110670921,12.310696499564981,8.700214174546701,56.49892912726649,53.8940949996649,6.634738466595973,Established Urban Hub,High urban activity with comparatively balanced mobility capacity.
48201433400,Census Tract 4334; Harris County; Texas,29.686082610893802,-95.54124919457176,4329.0,0.6318445993899563,6851.3682069604365,46243.0,1728.0,417.0,24.131944444444446,8,12.661341107803993,11.402006308930819,28.77391287727486,75.39170607592061,21.819380845489835,22.6560547690667,6.117858108208161,6.117858108208161,13.483052872580709,7.8544890662558595,60.72755466872071,49.055102521751444,6.61412540970642,Emerging Opportunity,Moderate urban intensity and mobility mismatch with timely FIFA proximity.
48201450100,Census Tract 4501; Harris County; Texas,29.777242766852627,-95.56692868912566,1874.0,0.3194462540959951,5866.401549466454,151111.0,708.0,2.0,0.2824858757062147,2,6.2608340976162795,77.83887949577203,24.363685254332893,0.8825269824763294,10.789340751756411,37.28778043148658,-12.924095177153688,0.0,0.0,11.354034974754686,43.22982512622657,33.497679813885526,0.0,Lower Priority,Lower mismatch and/or FIFA relevance relative to other Harris County tracts.
48201450200,Census Tract 4502; Harris County; Texas,29.77925961692962,-95.57957657225309,5965.0,1.0448337539468224,5709.042206444254,150709.0,2193.0,34.0,1.550387596899225,11,10.527990657315472,77.5842010140511,23.65910249912552,4.8436364619631105,18.1429625609042,41.246982854044006,-17.587880354918486,0.0,0.0,12.065379663793601,39.673101681031994,33.21405994499365,0.0,Lower Priority,Lower mismatch and/or FIFA relevance relative to other Harris County tracts.
48201450500,Census Tract 4505; Harris County; Texas,29.778363952450885,-95.63477995357522,3412.0,1.1110085751037293,3071.0834069677985,144891.0,1498.0,67.0,4.472630173564753,20,18.0016612366225,73.89833184327411,11.847536415016771,13.97314751026274,31.02239320692966,47.52373099177194,-35.67619457675517,0.0,0.0,14.940637009173082,25.296814954134582,27.014488429973106,0.0,Lower Priority,Lower mismatch and/or FIFA relevance relative to other Harris County tracts.
48201450600,Census Tract 4506; Harris County; Texas,29.769248758604164,-95.61500771183992,5678.0,0.7175596646885378,7912.9308396460365,75532.0,2601.0,198.0,7.612456747404845,14,19.510572693738027,29.957424346553278,33.52710204416971,23.78242262811645,33.622711251013776,46.401171087274705,-12.874069043104996,0.0,0.0,13.597525905883689,32.01237047058155,32.49547270471122,0.0,Established Urban Hub,High urban activity with comparatively balanced mobility capacity.
48201450700,Census Tract 4507; Harris County; Texas,29.76684994416043,-95.58338056144619,6866.0,1.690761043467456,4060.8931856621393,,2202.0,15.0,0.6811989100817438,21,12.42044230977351,,16.279449306933646,2.128164521775345,21.40423820185566,44.344517384766355,-28.06506807783271,0.0,0.0,11.826879290348568,40.865603548257155,35.0271939443367,0.0,Lower Priority,Lower mismatch and/or FIFA relevance relative to other Harris County tracts.
48201450900,Census Tract 4509; Harris County; Texas,29.74212115430294,-95.56494116875848,2783.0,0.6262827977961524,4443.679452466509,105398.0,1416.0,8.0,0.5649717514124294,17,27.144286989554676,48.87838836415826,17.99339013396492,1.7650539649526589,46.77794639300204,62.21504628561563,-44.221656151650706,0.0,0.0,10.085116773799669,49.574416131001655,48.73547520960177,0.0,Lower Priority,Lower mismatch and/or FIFA relevance relative to other Harris County tracts.
48201451100,Census Tract 4511; Harris County; Texas,29.756383186567938,-95.58083139195284,3990.0,0.9221331906771429,4326.923746308334,71250.0,1827.0,287.0,15.708812260536398,11,11.928862458494152,27.244655046232356,17.47061178759432,49.07661541632738,20.557095083310145,29.66698193341889,-12.19637014582457,0.0,0.0,11.361415747147529,43.19292126426235,36.40217340997669,0.0,Lower Priority,Lower mismatch and/or FIFA relevance relative to other Harris County tracts.
48201451200,Census Tract 4512; Harris County; Texas,29.75581095648659,-95.59586683832791,2770.0,0.6519277031665417,4248.937399876647,166818.0,1028.0,8.0,0.7782101167315175,10,15.339124187280312,87.78971261117154,17.12142480077751,2.4312416482227284,26.43402382329333,47.77444418183851,-30.653019381061,0.0,0.0,12.166237260729687,39.16881369635157,35.3483767344341,0.0,Lower Priority,Lower mismatch and/or FIFA relevance relative to other Harris County tracts.
48201421700,Census Tract 4217; Harris County; Texas,29.686535315057927,-95.48833151350438,4521.0,0.7268295914129834,6220.165019989087,80609.0,1765.0,197.0,11.161473087818695,31,42.65098775042285,33.17384885326259,25.947675349648648,34.870066121209206,73.50075613942654,70.98950946123581,-45.041834111587164,0.0,0.0,4.6719849191749345,76.64007540412533,75.69827962471568,0.0,Lower Priority,Lower mismatch and/or FIFA relevance relative to other Harris County tracts.
48201341800,Census Tract 3418; Harris County; Texas,29.63116480477097,-95.0255387195569,2612.0,1.6930676177625885,1542.761773125041,99408.0,989.0,84.0,8.493427704752275,0,0.0,45.08355228080415,5.004415142808322,26.534704095971822,0.0,22.039588771208454,-17.03517362840013,0.0,0.0,23.46620727128472,0.0,0.0,0.0,Lower Priority,Lower mismatch and/or FIFA relevance relative to other Harris County tracts.
48201451700,Census Tract 4517; Harris County; Texas,29.7324306622378,-95.63151716601757,4976.0,0.6746822477780822,7375.323741490699,60417.0,1912.0,126.0,6.589958158995817,11,16.30397129348828,20.381640139558726,31.119944749519025,20.587988246011612,28.096751830442944,43.491329807506574,-12.371385057987549,0.0,0.0,13.682870035443427,31.58564982278287,30.538980425080887,0.0,Lower Priority,Lower mismatch and/or FIFA relevance relative to other Harris County tracts.
48201451800,Census Tract 4518; Harris County; Texas,29.72026119785896,-95.63125300894204,5758.0,1.8285554984210353,3148.933682883596,77727.0,1834.0,99.0,5.39803707742639,8,4.375038114461405,31.34801953903446,12.196114140653743,16.864253341257058,7.53953487392648,30.218398409371417,-18.022284268717677,0.0,0.0,13.49104977701378,32.5447511149311,25.043186242629712,0.0,Lower Priority,Lower mismatch and/or FIFA relevance relative to other Harris County tracts.
48201421900,Census Tract 4219; Harris County; Texas,29.67150743238007,-95.48485364129239,3063.0,0.6417975408328634,4772.5330889007955,182868.0,1009.0,0.0,0.0,9,14.023113875320652,97.95784602316377,19.465845450368626,0.0,24.166133719966034,46.91629360397622,-27.450448153607596,0.0,0.0,4.553022886088891,77.23488556955554,61.31426001467869,0.0,Lower Priority,Lower mismatch and/or FIFA relevance relative to other Harris County tracts.
48201422100,Census Tract 4221; Harris County; Texas,29.648265404827047,-95.48707919726797,5004.0,0.9263057967045112,5402.103730541871,101238.0,2233.0,111.0,4.970891177787729,20,21.591142008560634,46.24290954833972,22.284773190951288,15.529787393383291,37.208171422177905,51.38678377750955,-29.10201058655826,0.0,0.0,5.236672154366033,73.81663922816983,62.83409888637225,0.0,Lower Priority,Lower mismatch and/or FIFA relevance relative to other Harris County tracts.
48201422200,Census Tract 4222; Harris County; Texas,29.638727472723353,-95.50133102275863,5555.0,0.685132488801192,8107.920863189308,33479.0,2619.0,842.0,32.14967544864452,17,24.81271911327061,3.3156477500106405,34.40017767722371,100.0,42.75993858272391,29.931957007906735,4.468220669316974,4.468220669316974,9.847442432495995,6.306697351238524,68.46651324380738,60.75454084548234,5.98276843488614,Established Urban Hub,High urban activity with comparatively balanced mobility capacity.
48201342100,Census Tract 3421; Harris County; Texas,29.656977732681145,-95.14209951488306,3964.0,1.784734447835102,2221.0587153782826,99286.0,1400.0,0.0,0.0,0,0.0,45.006261796301786,8.041516844193167,0.0,0.0,30.0,-21.95848315580683,0.0,0.0,16.27217973141439,18.639101342928054,13.047370940049637,0.0,Lower Priority,Lower mismatch and/or FIFA relevance relative to other Harris County tracts.
48201342200,Census Tract 3422; Harris County; Texas,29.67191736655164,-95.1464696184708,4011.0,1.110781160932348,3610.972296859372,53459.0,1363.0,107.0,7.850330154071901,0,0.0,15.973548408677607,14.26491052347367,24.525573765398686,0.0,22.64232787038039,-8.377417346906721,0.0,0.0,15.920016107933147,20.39991946033426,14.279943622233981,0.0,Lower Priority,Lower mismatch and/or FIFA relevance relative to other Harris County tracts.
48201342300,Census Tract 3423; Harris County; Texas,29.673705047327886,-95.13122699181267,7114.0,1.0801821787657004,6585.926096400707,63919.0,2571.0,131.0,5.095293660054454,0,0.0,22.600257161913664,27.585385205423506,15.918438850780747,0.0,25.224468344765775,2.3609168606577313,2.3609168606577313,5.203188157846754,16.82945101476282,15.852744926185892,11.096921448330123,0.5773937026850695,Lower Priority,Lower mismatch and/or FIFA relevance relative to other Harris County tracts.
48201342400,Census Tract 3424; Harris County; Texas,29.694770773561405,-95.14845861740206,3524.0,1.281674609529137,2749.527823832487,73586.0,1335.0,11.0,0.8239700374531835,0,0.0,28.724577765884312,10.40775842429506,2.57420229944781,0.0,29.227739310165656,-18.819980885870596,0.0,0.0,15.789459249514348,21.052703752428258,14.73689262669978,0.0,Lower Priority,Lower mismatch and/or FIFA relevance relative to other Harris County tracts.
48201342500,Census Tract 3425; Harris County; Texas,29.69674371251524,-95.13361262538602,6356.0,2.485273957170772,2557.464532898277,101964.0,2293.0,223.0,9.725250763192324,0,0.0,46.70285128398498,9.547787353613042,30.383098582924728,0.0,20.88507042512258,-11.337283071509539,0.0,0.0,16.68762973707795,16.561851314610255,11.593295920227177,0.0,Lower Priority,Lower mismatch and/or FIFA relevance relative to other Harris County tracts.
48201342700,Census Tract 3427; Harris County; Texas,29.695312421733156,-95.11857434657415,4713.0,1.3482617877913672,3495.611937293367,81530.0,1723.0,9.0,0.522344747533372,0,0.0,33.75732865839935,13.74837989730512,1.631881001839574,0.0,29.510435699448127,-15.762055802143006,0.0,0.0,17.58681232729965,12.065938363501749,8.446156854451223,0.0,Lower Priority,Lower mismatch and/or FIFA relevance relative to other Harris County tracts.
48201422800,Census Tract 4228; Harris County; Texas,29.690028485434176,-95.51778897227918,4533.0,0.8882936530938489,5103.042202555381,53714.0,1545.0,261.0,16.893203883495143,20,22.515077002229784,16.135098191858795,20.945713232271103,52.77682719671066,38.80039528943607,41.32722854359204,-20.38151531132094,0.0,0.0,6.452813981973969,67.73593009013015,59.055269649921925,0.0,Lower Priority,Lower mismatch and/or FIFA relevance relative to other Harris County tracts.
48201422900,Census Tract 4229; Harris County; Texas,29.682429317365152,-95.5301551840066,4060.0,0.6237256432001258,6509.272216498122,44650.0,1389.0,336.0,24.190064794816415,18,28.858842339154236,10.392795310469534,27.242164390810174,75.57328250803782,49.7326520466177,42.14087168022104,-14.898707289410865,0.0,0.0,7.1882994682892605,64.05850265855369,59.76074747497289,0.0,Lower Priority,Lower mismatch and/or FIFA relevance relative to other Harris County tracts.
48201423100,Census Tract 4231; Harris County; Texas,29.669246852441898,-95.54414432898304,2871.0,0.6314530918011942,4546.656018122564,34656.0,947.0,153.0,16.156282998944032,8,12.669191273068797,4.061310866890071,18.454471827356965,50.47457911814461,21.832909092154576,30.14066262906482,-11.686190801707856,0.0,0.0,8.099048189348744,59.50475905325627,48.203204064925764,0.0,Lower Priority,Lower mismatch and/or FIFA relevance relative to other Harris County tracts.
48201343000,Census Tract 3430; Harris County; Texas,29.657550582001146,-95.10715630900297,8808.0,2.264113482451183,3890.264365399322,63542.0,3050.0,319.0,10.459016393442623,0,0.0,22.361416894230107,15.515451936395571,32.675489187908845,0.0,20.197353243627344,-4.681901307231772,0.0,0.0,18.357303929090047,8.213480354549763,5.749436248184834,0.0,Lower Priority,Lower mismatch and/or FIFA relevance relative to other Harris County tracts.
48201343200,Census Tract 3432; Harris County; Texas,29.658115819457993,-95.05536489805306,5446.0,1.8079438207894054,3012.2617403134263,118359.0,1821.0,56.0,3.0752333882482152,0,0.0,57.08955204969293,11.584160048788677,9.607476606595693,0.0,27.11775701802129,-15.533596969232613,0.0,0.0,21.455607402084837,0.0,0.0,0.0,Lower Priority,Lower mismatch and/or FIFA relevance relative to other Harris County tracts.
48201423600,Census Tract 4236; Harris County; Texas,29.63675216844515,-95.51949580450136,7068.0,1.2845777116592174,5502.197286975078,66356.0,2479.0,33.0,1.3311819281968535,8,6.227727546095164,24.1441662662766,22.732946095182744,4.158806054573812,10.732287991707572,36.26495977782316,-13.532013682640414,0.0,0.0,7.33303264298959,63.33483678505205,47.5540721470487,0.0,Lower Priority,Lower mismatch and/or FIFA relevance relative to other Harris County tracts.
48201412300,Census Tract 4123; Harris County; Texas,29.71575435796561,-95.42417743613396,6959.0,0.9193173476348929,7569.747289010985,,2422.0,0.0,0.0,40,43.51054627970102,,31.99048396351224,0.0,74.9820395792787,82.4874277054951,-50.496943741982854,0.0,0.0,2.2879618731825366,88.56019063408732,84.48674531764473,0.0,Established Urban Hub,High urban activity with comparatively balanced mobility capacity.
48201412400,Census Tract 4124; Harris County; Texas,29.71619463299349,-95.43526612441867,4525.0,0.6523296355135844,6936.6770320613,,1481.0,8.0,0.5401755570560433,7,10.730771099321348,,29.155886555346143,1.6875870454915363,18.49241556548488,42.438414782191956,-13.282528226845812,0.0,0.0,2.6252201005494316,86.87389949725284,66.35945431772245,0.0,Lower Priority,Lower mismatch and/or FIFA relevance relative to other Harris County tracts.
48201332600,Census Tract 3326; Harris County; Texas,29.67500858360261,-95.30685088058085,6387.0,1.2648587022181377,5049.575884483655,45870.0,2240.0,248.0,11.071428571428571,13,10.277827853184204,11.165700155493242,20.70631565361919,34.588753948911574,17.71185518845126,32.02167244724241,-11.31535679362322,0.0,0.0,6.283130009650475,68.58434995174763,53.32260152275872,0.0,Lower Priority,Lower mismatch and/or FIFA relevance relative to other Harris County tracts.
48201412700,Census Tract 4127; Harris County; Texas,29.713499960140105,-95.45366698253362,3144.0,0.7944044189967652,3957.68191215563,140417.0,1227.0,93.0,7.579462102689487,15,18.882070191582205,71.06392505914619,15.817316699749217,23.679342556712076,32.53960833639214,45.67392306846088,-29.856606368711663,0.0,0.0,3.258344209002413,83.70827895498793,68.3576777694092,0.0,Lower Priority,Lower mismatch and/or FIFA relevance relative to other Harris County tracts.
48201412800,Census Tract 4128; Harris County; Texas,29.69790783748038,-95.45318446113052,5026.0,0.7865507149898533,6389.924901492,,1555.0,23.0,1.4790996784565917,4,5.085495345397533,,26.70778201211816,4.620922631075418,8.76387096630715,34.74843288709238,-8.040650874974219,0.0,0.0,2.7128458355470433,86.43577082226479,63.13420086547749,0.0,Lower Priority,Lower mismatch and/or FIFA relevance relative to other Harris County tracts.
48201413100,Census Tract 4131; Harris County; Texas,29.698555942079135,-95.43233946573967,3346.0,0.5512731870474773,6069.585966842666,,1160.0,0.0,0.0,11,19.953809215561662,,25.27345161367731,0.0,34.38654395972575,54.070580771808025,-28.797129158130716,0.0,0.0,1.6142449352354313,91.92877532382285,74.66610591459371,0.0,Lower Priority,Lower mismatch and/or FIFA relevance relative to other Harris County tracts.
48201430200,Census Tract 4302; Harris County; Texas,29.775982319361596,-95.48474722505033,1609.0,0.2731058869255722,5891.487796594039,82434.0,757.0,27.0,3.5667107001321003,7,25.631084261130063,34.33003847799069,24.476009929687397,11.14292324769981,44.17023316998648,57.57628624468059,-33.100276314993195,0.0,0.0,7.705816639492788,61.47091680253606,56.28071171277118,0.0,Lower Priority,Lower mismatch and/or FIFA relevance relative to other Harris County tracts.
48201430300,Census Tract 4303; Harris County; Texas,29.771516642143954,-95.49869066929459,4390.0,1.954009356183281,2246.662732759315,,1559.0,6.0,0.38486209108402825,22,11.258902077609324,,8.15615985657636,1.2023651768952688,19.40254750596817,43.221073701109134,-35.064913844532775,0.0,0.0,7.9859699750087785,60.070150124956115,47.86986933925973,0.0,Lower Priority,Lower mismatch and/or FIFA relevance relative to other Harris County tracts.
48201430400,Census Tract 4304; Harris County; Texas,29.758596829286645,-95.51552970943337,3097.0,2.1303619031997014,1453.743608233162,,1069.0,0.0,0.0,15,7.041057191959131,,4.605832747391384,0.0,12.133904861905869,38.493733403334105,-33.88790065594272,0.0,0.0,8.103467305144619,59.48266347427691,45.27803589056559,0.0,Lower Priority,Lower mismatch and/or FIFA relevance relative to other Harris County tracts.
48201430500,Census Tract 4305; Harris County; Texas,29.779845508296216,-95.5191678593386,2291.0,0.9605600080060799,2385.067024345135,223750.0,898.0,6.0,0.6681514476614699,5,5.205296866750622,100.0,8.775870610479952,2.0874023505342136,8.97032579585605,35.65300735193897,-26.877136741459015,0.0,0.0,9.247422988301144,53.762885058494284,40.325117279702816,0.0,Lower Priority,Lower mismatch and/or FIFA relevance relative to other Harris County tracts.
48201420200,Census Tract 4202; Harris County; Texas,29.667991759705576,-95.44344098932746,2490.0,0.6382898027225054,3901.0493186313997,61389.0,1038.0,180.0,17.341040462427745,18,28.200356520226986,20.99742990133171,15.563741996058367,54.17593383756427,48.597878665015,47.765734914241214,-32.201992918182846,0.0,0.0,2.281530465473333,88.59234767263334,76.59400697034783,0.0,Lower Priority,Lower mismatch and/or FIFA relevance relative to other Harris County tracts.
48201430600,Census Tract 4306; Harris County; Texas,29.764754123293784,-95.53175783407292,3838.0,1.4435147347124226,2658.788239362591,,1169.0,0.0,0.0,23,15.933332335940488,,10.001468303833947,0.0,27.458027030119382,49.22061892108357,-39.219150617249625,0.0,0.0,9.1335158767006,54.332420616497004,46.270102540583714,0.0,Lower Priority,Lower mismatch and/or FIFA relevance relative to other Harris County tracts.
48201430700,Census Tract 4307; Harris County; Texas,29.777081147427708,-95.53881545706035,3831.0,0.724779388951123,5285.74633661161,88870.0,1866.0,474.0,25.401929260450164,16,22.075682951131757,38.407428299771496,21.763778303519867,79.35932344673002,38.043184338359076,32.82243200283234,-11.058653699312476,0.0,0.0,9.993219442128925,50.03390278935538,46.43668725405649,0.0,Lower Priority,Lower mismatch and/or FIFA relevance relative to other Harris County tracts.
48201430800,Census Tract 4308; Harris County; Texas,29.77607005153461,-95.55294338211348,6492.0,1.3056739474998182,4972.1448547175705,155388.0,2629.0,60.0,2.282236591860023,20,15.317759872820611,80.54848115328548,20.359615119393936,7.130039219397961,26.397206545429157,46.33903281598102,-25.979417696587085,0.0,0.0,10.620541703770417,46.89729148114792,40.74726600043228,0.0,Lower Priority,Lower mismatch and/or FIFA relevance relative to other Harris County tracts.
48201430900,Census Tract 4309; Harris County; Texas,29.758329985862936,-95.54282327031461,5559.0,1.0885968892089746,5106.573475549273,85767.0,2787.0,65.0,2.3322569070685324,21,19.290887387396065,36.441589173452996,20.961524648407195,7.286309962963883,33.24412597126968,51.08499519099961,-30.12347054259241,0.0,0.0,9.427125521752993,52.86437239123504,46.97829846524542,0.0,Lower Priority,Lower mismatch and/or FIFA relevance relative to other Harris County tracts.
48201332700,Census Tract 3327; Harris County; Texas,29.685065169354335,-95.31379735907002,2319.0,0.9639855063566685,2405.637828274552,44909.0,849.0,151.0,17.785630153121318,12,12.448319939324977,10.556879207896698,8.867977208226579,55.56489672707857,21.452279922797686,28.347126927834807,-19.47914971960823,0.0,0.0,5.829428939229915,70.85285530385043,56.03268268953461,0.0,Lower Priority,Lower mismatch and/or FIFA relevance relative to other Harris County tracts.
48201332800,Census Tract 3328; Harris County; Texas,29.69158927334868,-95.3074488195517,4588.0,0.7532216044601523,6091.168884206798,53333.0,1354.0,126.0,9.30576070901034,15,19.914457991085868,15.893723809929256,25.37008998982818,29.07255061032068,34.31872970953984,45.30134561358168,-19.9312556237535,0.0,0.0,6.229180781600149,68.85409609199925,58.49348617726143,0.0,Lower Priority,Lower mismatch and/or FIFA relevance relative to other Harris County tracts.
48201333000,Census Tract 3330; Harris County; Texas,29.681572762553003,-95.28490141634724,3528.0,0.5767783234364742,6116.734725708829,67813.0,1038.0,46.0,4.431599229287091,24,41.61044031094441,25.067217380374586,25.48456206818551,13.84496086959976,71.70757319960468,76.04181297884334,-50.55725091065783,0.0,0.0,7.570806548713552,62.14596725643224,65.01444903938398,0.0,Lower Priority,Lower mismatch and/or FIFA relevance relative to other Harris County tracts.
48201341002,Census Tract 3410.02; Harris County; Texas,29.550343946841416,-95.14451575020405,3548.0,0.6890240124571413,5149.312557841651,71106.0,1597.0,27.0,1.6906700062617408,0,0.0,27.1534269333771,21.152890599600507,5.281899122422516,0.0,28.415430263273244,-7.262539663672737,0.0,0.0,18.504072755482472,7.479636222587638,5.235745355811346,0.0,Lower Priority,Lower mismatch and/or FIFA relevance relative to other Harris County tracts.
48201310101,Census Tract 3101.01; Harris County; Texas,29.752037222368394,-95.34349243666645,2768.0,0.8477177911504646,3265.237593095055,95786.0,1437.0,241.0,16.77105080027836,27,31.850222186982116,42.78891183106983,12.716869552594043,52.3952031892732,54.887718606908834,52.702842068054224,-39.98597251546018,0.0,0.0,6.152840655302353,69.23579672348824,64.93137328851441,0.0,Lower Priority,Lower mismatch and/or FIFA relevance relative to other Harris County tracts.
48201510301,Census Tract 5103.01; Harris County; Texas,29.78239084229604,-95.3766468635164,3551.0,0.5542284129689612,6407.105656993571,130503.0,1707.0,82.0,4.803749267721148,16,28.86896381636078,64.7831229004863,26.784709532374347,15.007611744184471,49.75009446160424,60.32278259986762,-33.53807306749327,0.0,0.0,7.035053827048839,64.82473086475581,60.30233994381034,0.0,Lower Priority,Lower mismatch and/or FIFA relevance relative to other Harris County tracts.
48201311001,Census Tract 3110.01; Harris County; Texas,29.74598324727002,-95.30382715474443,2746.0,0.3205987690392443,8565.223154877005,61057.0,1021.0,143.0,14.005876591576886,16,49.906617071388226,20.787098418915424,36.44776698747207,43.75639657876273,86.00443470553576,77.07618532024621,-40.62841833277414,0.0,0.0,7.689902186833437,61.550489065832814,68.8866727577437,0.0,Established Urban Hub,High urban activity with comparatively balanced mobility capacity.
48201233502,Census Tract 2335.02; Harris County; Texas,29.762551614156603,-95.24587971655032,2943.0,0.533095497423299,5520.586863376077,56761.0,967.0,40.0,4.1365046535677354,0,0.0,18.065459718733578,22.815286159387796,12.923042473489996,0.0,26.123087257953,-3.3078010985652035,0.0,0.0,11.269276077382631,43.653619613086846,30.55753372916079,0.0,Lower Priority,Lower mismatch and/or FIFA relevance relative to other Harris County tracts.
48201211302,Census Tract 2113.02; Harris County; Texas,29.77815777932877,-95.32309685812608,2075.0,0.6116680588910037,3392.3628507954427,32804.0,1165.0,308.0,26.437768240343345,35,57.220578206188186,2.888015971001621,13.286077980938524,82.59543515309798,98.60863690896177,74.24741529034385,-60.96133730940533,0.0,0.0,8.318909686566647,58.405451567166764,70.46640716970526,0.0,Lower Priority,Lower mismatch and/or FIFA relevance relative to other Harris County tracts.
48201454902,Census Tract 4549.02; Harris County; Texas,29.749317537407933,-95.74106446798767,8609.0,1.3769318035739364,6252.306742900885,96646.0,2702.0,145.0,5.36639526276832,0,0.0,43.333746393955394,26.09159120015593,16.76539970781273,0.0,24.970380087656178,1.1212111124997506,1.1212111124997506,2.471019831413979,20.362561821403393,0.0,0.0,0.0,Lower Priority,Lower mismatch and/or FIFA relevance relative to other Harris County tracts.
48201100001,Census Tract 1000.01; Harris County; Texas,29.75500440493112,-95.36216643039535,5869.0,0.9846995010603121,5960.193941075764,102588.0,3379.0,546.0,16.15862681266647,107,108.66259187171694,47.098173106357756,24.783644440920586,50.481901533280514,100.0,84.85542954001585,-60.071785099095266,0.0,0.0,5.655040255417548,71.72479872291227,80.20735910603858,0.0,Lower Priority,Lower mismatch and/or FIFA relevance relative to other Harris County tracts.
48201340702,Census Tract 3407.02; Harris County; Texas,29.56919301272441,-95.1406139115653,3871.0,0.49954746696970437,7749.013369003353,87604.0,1407.0,136.0,9.66595593461265,0,0.0,37.60538114091902,32.79315501011433,30.197852909978966,0.0,20.940644127006312,11.852510883108021,11.852510883108021,26.121565437317628,18.099201857107893,9.503990714460532,6.652793500122372,1.737813807544079,High-Intensity / Mobility Gap,"High population density and mobility mismatch, combined with strong FIFA relevance."
48201433004,Census Tract 4330.04; Harris County; Texas,29.71684414425494,-95.54319591455055,2346.0,0.19541170786855144,12005.421914525692,42368.0,762.0,289.0,37.9265091863517,9,46.056605810200864,8.947083133138301,51.85139459534977,100.0,79.36968241097084,55.55877768767959,-3.7073830923298203,0.0,0.0,8.271807984466088,58.640960077669554,64.85957677765994,0.0,Established Urban Hub,High urban activity with comparatively balanced mobility capacity.
48201340501,Census Tract 3405.01; Harris County; Texas,29.569407434050408,-95.12068730878545,3754.0,0.7869904853484332,4770.070375549647,77065.0,1780.0,107.0,6.011235955056179,0,0.0,30.928623631324875,19.454818552791952,18.779975866426067,0.0,24.36600724007218,-4.911188687280227,0.0,0.0,19.177437393484848,4.112813032575757,2.87896912280303,0.0,Lower Priority,Lower mismatch and/or FIFA relevance relative to other Harris County tracts.
48201341303,Census Tract 3413.03; Harris County; Texas,29.565138708388606,-95.10872687839597,2936.0,0.4521607629496314,6493.265759831214,60057.0,1835.0,75.0,4.087193460490464,0,0.0,20.153569857420585,27.17049484057644,12.768987130652071,0.0,26.169303860804376,1.001190979772062,1.001190979772062,2.2065093169954713,19.954776809697663,0.22611595151168506,0.15828116605817955,0.003492488676122805,Lower Priority,Lower mismatch and/or FIFA relevance relative to other Harris County tracts.
48201252306,Census Tract 2523.06; Harris County; Texas,29.803672409687326,-95.1332126051378,10710.0,2.0614395790826068,5195.398452942396,61250.0,2672.0,69.0,2.5823353293413174,0,0.0,20.909369431283928,21.359242039067944,8.067591345047465,0.0,27.579722596485762,-6.220480557417819,0.0,0.0,18.58689810905976,7.065509454701202,4.945856618290841,0.0,Lower Priority,Lower mismatch and/or FIFA relevance relative to other Harris County tracts.
48201532301,Census Tract 5323.01; Harris County; Texas,29.859226910019235,-95.51335092151106,4612.0,0.9048890960723203,5096.7571827513775,58154.0,1930.0,258.0,13.367875647668392,4,4.420431207937015,18.947965004895895,20.91757180459996,41.7631887893928,7.617761120724996,22.803476147689654,-1.8859043430896953,0.0,0.0,13.51532811180023,32.42335944099886,24.9816799449167,0.0,Lower Priority,Lower mismatch and/or FIFA relevance relative to other Harris County tracts.
48201432005,Census Tract 4320.05; Harris County; Texas,29.734701665407396,-95.4926459203554,3676.0,0.13723537902800986,26786.095728636603,47468.0,1545.0,174.0,11.262135922330096,3,21.860252226852502,12.178078796762001,100.0,35.18455146447377,37.67193101070237,45.814986268149525,54.185013731850475,54.185013731850475,100.0,6.013291379395405,69.93354310302297,60.25505947532679,60.25505947532679,High-Intensity / Mobility Gap,"High population density and mobility mismatch, combined with strong FIFA relevance."
48201554701,Census Tract 5547.01; Harris County; Texas,30.002958312497928,-95.5883784181665,3382.0,0.5767891342969134,5863.49464457673,87215.0,1235.0,0.0,0.0,2,3.4674716999271027,37.35893853049753,24.35066947136767,0.0,5.975519097659773,34.18286336836184,-9.832193896994173,0.0,0.0,24.387546328589362,0.0,1.792655729297932,0.0,Lower Priority,Lower mismatch and/or FIFA relevance relative to other Harris County tracts.
48201554202,Census Tract 5542.02; Harris County; Texas,30.003817765081408,-95.574739159877,3219.0,1.608428619179865,2001.3322081034362,79896.0,1242.0,136.0,10.950080515297907,3,1.8651744716714225,32.72214298891677,7.057682615386282,34.20964496323705,3.2142686777153435,21.987094585429624,-14.929411970043342,0.0,0.0,24.094223678491044,0.0,0.964280603314603,0.0,Lower Priority,Lower mismatch and/or FIFA relevance relative to other Harris County tracts.
48201554201,Census Tract 5542.01; Harris County; Texas,30.001252250558174,-95.56509576398486,6498.0,1.09742974828995,5921.107943470086,83429.0,2737.0,199.0,7.270734380708806,0,0.0,34.960399396678056,24.608635322592274,22.714832227814217,0.0,23.185550331655737,1.4230849909365375,1.4230849909365375,3.1363150036497243,23.700408062561085,0.0,0.0,0.0,Lower Priority,Lower mismatch and/or FIFA relevance relative to other Harris County tracts.
48201433007,Census Tract 4330.07; Harris County; Texas,29.70768211286733,-95.54241308760233,1720.0,0.13928905640929712,12348.42165163232,42127.0,531.0,114.0,21.468926553672315,7,50.255204396178044,8.794402749818044,53.38718964357832,67.07205066820103,86.60515776739304,70.50199523671482,-17.114805593136502,0.0,0.0,8.079762221149108,59.601188894254456,67.70237955619602,0.0,Established Urban Hub,High urban activity with comparatively balanced mobility capacity.
48201453201,Census Tract 4532.01; Harris County; Texas,29.68745168974969,-95.56294162849365,3969.0,0.17193129119895112,23084.803076405984,36822.0,1530.0,319.0,20.84967320261438,8,46.53021532155401,5.433533731087901,100.0,65.13741308700783,80.18585711255054,66.58887605268302,33.41112394731698,33.41112394731698,73.63425936760784,9.160897340601233,54.19551329699384,61.99261644166084,45.64780397941885,High-Intensity / Mobility Gap,"High population density and mobility mismatch, combined with strong FIFA relevance."
48201432501,Census Tract 4325.01; Harris County; Texas,29.724376402553357,-95.53400097483474,3587.0,0.3536197700464284,10143.663629239523,44900.0,1574.0,49.0,3.1130876747141043,7,19.79527332162717,10.551177450843245,43.515297373642255,9.725738905993907,34.11333790532881,50.96161486193199,-7.446317488289736,0.0,0.0,7.904192228408282,60.47903885795859,52.56932857216966,0.0,Established Urban Hub,High urban activity with comparatively balanced mobility capacity.
48201451502,Census Tract 4515.02; Harris County; Texas,29.76007946213534,-95.61435221480214,2747.0,0.4708141304331341,5834.574245834226,51818.0,1506.0,154.0,10.225763612217795,6,12.743882590100238,14.933928039264568,24.22117722873156,31.94677355689215,21.961625179833135,35.78910555881555,-11.56792833008399,0.0,0.0,13.30329503018978,33.48352484905111,30.026954948285713,0.0,Lower Priority,Lower mismatch and/or FIFA relevance relative to other Harris County tracts.
48201451603,Census Tract 4516.03; Harris County; Texas,29.759427268715847,-95.63311700732471,3324.0,0.5086034930983174,6535.543001780844,113167.0,1460.0,117.0,8.013698630136986,6,11.797009028485277,53.8002717584117,27.35979288315428,25.035960657674394,20.329871112274837,36.720121581290066,-9.360328698135785,0.0,0.0,14.332931091610487,28.33534454194757,25.93370251304575,0.0,Lower Priority,Lower mismatch and/or FIFA relevance relative to other Harris County tracts.
48201452402,Census Tract 4524.02; Harris County; Texas,29.707642101982735,-95.57948496970013,3887.0,0.5275267459906412,7368.346779651167,66250.0,1239.0,97.0,7.828894269572236,5,9.478192410150715,24.077012238758144,31.08870512369534,24.458604942915414,16.33383763718683,34.09610486315616,-3.0073997394608156,0.0,0.0,10.275531374034276,48.622343129828614,38.93579148203608,0.0,Lower Priority,Lower mismatch and/or FIFA relevance relative to other Harris County tracts.
48201433005,Census Tract 4330.05; Harris County; Texas,29.715052177316057,-95.55208414560255,2088.0,0.2970770394386799,7028.479898497801,42159.0,809.0,249.0,30.778739184178,11,37.02743241545776,8.814675663785879,29.566937563360575,96.15726007090055,63.809642495575645,45.819571725632784,-16.25263416227221,0.0,0.0,8.757891138144023,56.21054430927989,58.49027376516862,0.0,Lower Priority,Lower mismatch and/or FIFA relevance relative to other Harris County tracts.
48201452501,Census Tract 4525.01; Harris County; Texas,29.709327343922705,-95.59613315164346,2500.0,0.7862391305479096,3179.6941959093474,34915.0,820.0,65.0,7.926829268292683,16,20.350042853819826,4.225394764317236,12.333845568626334,24.764568130219928,35.06937625871658,47.119192942035625,-34.785347373409294,0.0,0.0,11.282971546100033,43.58514226949983,41.030412466264856,0.0,Lower Priority,Lower mismatch and/or FIFA relevance relative to other Harris County tracts.
48201451003,Census Tract 4510.03; Harris County; Texas,29.74405598942471,-95.58641492120142,3829.0,0.09133632662480098,41921.98374398269,43787.0,1669.0,157.0,9.406830437387658,0,0.0,9.846060161899484,100.0,29.38830714923274,0.0,21.183507855230175,78.81649214476982,78.81649214476982,100.0,11.33189432950744,43.340528352462805,30.33836984672396,30.338369846723957,High-Intensity / Mobility Gap,"High population density and mobility mismatch, combined with strong FIFA relevance."
48201432303,Census Tract 4323.03; Harris County; Texas,29.733011596698635,-95.55177755415944,2778.0,0.4138466874509889,6712.6307500745515,58369.0,1332.0,69.0,5.18018018018018,10,24.163537617259003,19.084173645617287,28.152710362408424,16.183636692167287,41.64119940819907,54.293748578089165,-26.14103821568074,0.0,0.0,9.114873038666747,54.42563480666627,50.5903041871261,0.0,Lower Priority,Lower mismatch and/or FIFA relevance relative to other Harris County tracts.
48201431001,Census Tract 4310.01; Harris County; Texas,29.74227066580166,-95.54814931578316,2613.0,0.8420150622687927,3103.2699022738666,98911.0,1119.0,22.0,1.966041108132261,8,9.50101768778834,44.76868858574122,11.991652735710986,6.142198516108717,16.373172603478228,39.61856126760214,-27.626908531891154,0.0,0.0,9.169106480920274,54.154467595398636,42.820079097822514,0.0,Lower Priority,Lower mismatch and/or FIFA relevance relative to other Harris County tracts.
48201452502,Census Tract 4525.02; Harris County; Texas,29.708657540292844,-95.6095718023718,4498.0,0.43723328129606337,10287.414504831057,43866.0,1574.0,175.0,11.118170266836087,11,25.15819465387764,9.896108918257577,44.15894767137809,34.7347818071211,43.3552990843583,49.92827481691448,-5.769327145536394,0.0,0.0,12.076478045790818,39.61760977104591,40.73891656503963,0.0,Established Urban Hub,High urban activity with comparatively balanced mobility capacity.
48201451405,Census Tract 4514.05; Harris County; Texas,29.741233204178467,-95.62117342492539,2813.0,0.23854781322523055,11792.185230991992,52619.0,1332.0,290.0,21.77177177177177,6,25.15219032561392,15.441384417021938,50.89661881203793,68.01818319896395,43.34495178196814,39.93601128768851,10.96060752434942,10.96060752434942,24.155913418150963,13.244742769369589,33.77628615315206,36.64688584179688,8.852390014393078,High-Intensity / Mobility Gap,"High population density and mobility mismatch, combined with strong FIFA relevance."
48201431002,Census Tract 4310.02; Harris County; Texas,29.753139904657676,-95.55052554595392,3020.0,0.7698363525465508,3922.911655198025,106250.0,1217.0,27.0,2.218570254724733,2,2.5979547385417385,49.41815469855187,15.661631482869524,6.9311363175914185,4.477074219621815,31.05461105845784,-15.392979575588317,0.0,0.0,9.64106378763014,51.7946810618493,37.59939900918105,0.0,Lower Priority,Lower mismatch and/or FIFA relevance relative to other Harris County tracts.
48201451005,Census Tract 4510.05; Harris County; Texas,29.739911904268627,-95.57410833936666,1967.0,0.11608547498737176,16944.411005890084,33341.0,1073.0,343.0,31.966449207828518,4,34.45736859357414,3.2282208085243522,73.96591588844983,99.86783901793184,59.380632894663,41.606091320884545,32.35982456756528,32.35982456756528,71.31731692281893,10.538715016618218,47.30642491690891,50.928687310235134,36.32097333367186,High-Intensity / Mobility Gap,"High population density and mobility mismatch, combined with strong FIFA relevance."
48201323601,Census Tract 3236.01; Harris County; Texas,29.65175435617767,-95.19412053287961,4141.0,1.1014907707934996,3759.4504736674985,49542.0,1700.0,124.0,7.294117647058823,0,0.0,13.492017033302306,14.929727501572506,22.787884954577034,0.0,23.16363451362689,-8.233907012054383,0.0,0.0,13.226701191155662,33.86649404422168,23.706545830955175,0.0,Lower Priority,Lower mismatch and/or FIFA relevance relative to other Harris County tracts.
48201450804,Census Tract 4508.04; Harris County; Texas,29.752585599825093,-95.56078807893729,2310.0,0.2446845209331042,9440.727967551104,61250.0,1124.0,12.0,1.0676156583629894,2,8.173790448096193,20.909369431283928,40.367874820053736,3.3353866739852736,14.085952287337966,38.85955059894099,1.5083242211127441,1.5083242211127441,3.324172424818402,10.166299179731592,49.16850410134204,38.643738557140814,1.2845845010353916,Established Urban Hub,High urban activity with comparatively balanced mobility capacity.
48201451006,Census Tract 4510.06; Harris County; Texas,29.74315203488383,-95.57860915355796,2465.0,0.3929523830393059,6273.024687964376,103096.0,1215.0,94.0,7.736625514403292,6,15.269025609649598,47.420005615597134,26.184356628218307,24.170343925006037,26.313222436692268,41.16815252818277,-14.983795899964466,0.0,0.0,10.87217326123743,45.63913369381285,39.84136031667667,0.0,Lower Priority,Lower mismatch and/or FIFA relevance relative to other Harris County tracts.
48201451904,Census Tract 4519.04; Harris County; Texas,29.72385041710753,-95.61211984960653,3601.0,0.5765184766837751,6246.1137771568365,56369.0,1230.0,0.0,0.0,8,13.87639828304768,17.8171165226276,26.063861948221827,0.0,23.913297677044604,46.73930837393122,-20.675446425709396,0.0,0.0,12.412166336331593,37.939168318342034,33.731407125952806,0.0,Lower Priority,Lower mismatch and/or FIFA relevance relative to other Harris County tracts.
48201451301,Census Tract 4513.01; Harris County; Texas,29.740716069324534,-95.59872779388218,4018.0,0.5820351043250296,6903.363680545637,90086.0,1878.0,360.0,19.169329073482427,7,12.026765993981947,39.177799030549224,29.006724690881658,59.88777350733942,20.725812955195885,26.54173701643529,2.464987674446366,2.464987674446366,5.432548214910197,11.9494240831275,40.2528795843625,34.39475959561252,1.8685118984341016,Emerging Opportunity,Moderate urban intensity and mobility mismatch with timely FIFA proximity.
48201440102,Census Tract 4401.02; Harris County; Texas,29.639381907347587,-95.54009151095495,4477.0,1.2546810493189589,3568.237523337199,66344.0,1953.0,22.0,1.1264720942140296,1,0.7970153056370782,24.13656392353866,14.073563864971367,3.5192627442527664,1.3735022495098161,29.905672751381037,-15.832108886409669,0.0,0.0,8.388787766749743,58.05606116625128,41.05129349122884,0.0,Lower Priority,Lower mismatch and/or FIFA relevance relative to other Harris County tracts.
48201422303,Census Tract 4223.03; Harris County; Texas,29.647768517130867,-95.50579592294999,3079.0,0.14793465594337957,20813.24339023342,40471.0,1392.0,298.0,21.408045977011493,5,33.79870638232124,7.745279451982584,91.28876770292116,66.88185088749493,58.24555553488779,50.707333608172966,40.5814340947482,40.5814340947482,89.43679501336061,6.262291725207619,68.68854137396191,65.55564562223967,58.630868394847596,High-Intensity / Mobility Gap,"High population density and mobility mismatch, combined with strong FIFA relevance."
48201331604,Census Tract 3316.04; Harris County; Texas,29.632015040977922,-95.34405049058427,2690.0,0.3614182614446687,7442.9000605765605,38938.0,910.0,266.0,29.230769230769234,6,16.601264075635452,6.77408016721099,31.422520422331612,91.3211766790122,28.609078635404085,22.630002041079198,8.792518381252414,8.792518381252414,19.377695284973807,5.409159443234115,72.95420278382943,59.650665539301826,11.558924203664786,Established Urban Hub,High urban activity with comparatively balanced mobility capacity.
48201331502,Census Tract 3315.02; Harris County; Texas,29.624985843466703,-95.37206359060364,6146.0,2.724822933293103,2255.5594071473156,54097.0,2537.0,323.0,12.731572723689396,20,7.339926479490125,16.377739630911318,8.195995072154224,39.77528586137503,12.648948470014615,26.92167817059772,-18.725683098443497,0.0,0.0,4.72551955970391,76.37240220148045,57.2553660820407,0.0,Lower Priority,Lower mismatch and/or FIFA relevance relative to other Harris County tracts.
48201413302,Census Tract 4133.02; Harris County; Texas,29.685289893243453,-95.43299335230165,3768.0,0.6753258800763724,5579.528507887004,170750.0,1734.0,0.0,0.0,14,20.730732247987806,90.28074691496926,23.079199731269593,0.0,35.72542104926963,55.00779473448874,-31.928595003219147,0.0,0.0,1.3417600311232238,93.29119984438388,76.0214662058496,0.0,Lower Priority,Lower mismatch and/or FIFA relevance relative to other Harris County tracts.
48201314301,Census Tract 3143.01; Harris County; Texas,29.680034412765,-95.4157977701414,2226.0,0.11828007965652702,18819.73707207563,50779.0,1409.0,543.0,38.53797019162526,2,16.909018034209907,14.275691863871428,82.36276339205693,100.0,29.139433261479535,20.397603283035675,61.965160109021255,61.965160109021255,100.0,0.44427276027536877,97.77863619862316,77.18687531748007,77.18687531748007,High-Intensity / Mobility Gap,"High population density and mobility mismatch, combined with strong FIFA relevance."
48201314302,Census Tract 3143.02; Harris County; Texas,29.684738226295117,-95.41822055229214,1650.0,0.46346506194743714,3560.1389089974837,41845.0,1245.0,450.0,36.144578313253014,17,36.680219062398315,8.615747695476498,14.037301995194538,100.0,63.2112872091539,44.247901046407726,-30.210599051213187,0.0,0.0,0.4524354663431687,97.73782266828415,87.37986203054507,0.0,Lower Priority,Lower mismatch and/or FIFA relevance relative to other Harris County tracts.
48201413301,Census Tract 4133.01; Harris County; Texas,29.6908582456384,-95.42191852468395,5185.0,0.5456561728450018,9502.320798399256,70918.0,2955.0,705.0,23.85786802030457,20,36.65311783374834,27.03432356381607,40.64365918484923,74.5354514438638,63.164583465509395,51.85457299269743,-11.2109138078482,0.0,0.0,0.7971623146192285,96.01418842690386,86.15930693848551,0.0,Established Urban Hub,High urban activity with comparatively balanced mobility capacity.
48201543201,Census Tract 5432.01; Harris County; Texas,29.79784887560269,-95.57166336202948,6682.0,1.8462687071484871,3619.1914937020033,80159.0,2677.0,117.0,4.3705640642510275,20,10.832659364567505,32.888761000589916,14.301712306232487,13.654278132314015,18.66800035102722,38.971316806024845,-24.669604499792356,0.0,0.0,12.427664961825196,37.861675190874024,32.10357273891998,0.0,Lower Priority,Lower mismatch and/or FIFA relevance relative to other Harris County tracts.
48201450402,Census Tract 4504.02; Harris County; Texas,29.780680502161534,-95.61431703434653,2227.0,0.5827945672708825,3821.243582328886,120909.0,1172.0,46.0,3.9249146757679183,4,6.863481961973751,58.70504988150478,15.20640861829099,12.262004592700128,11.827888181778018,34.600920349434574,-19.394511731143584,0.0,0.0,13.915960801879049,30.42019599060476,24.842503647956736,0.0,Lower Priority,Lower mismatch and/or FIFA relevance relative to other Harris County tracts.
48201554405,Census Tract 5544.05; Harris County; Texas,29.98617488236398,-95.7079023868929,8825.0,1.5479264109362636,5701.175416124722,146359.0,2667.0,48.0,1.799775028121485,0,0.0,74.82835177154854,23.623878630675634,5.6227590874532405,0.0,28.313172273764025,-4.689293643088391,0.0,0.0,27.391009746944473,0.0,0.0,0.0,Lower Priority,Lower mismatch and/or FIFA relevance relative to other Harris County tracts.
48201542105,Census Tract 5421.05; Harris County; Texas,29.852863668822035,-95.711523975598,10108.0,1.2291515884939739,8223.558505411764,102706.0,3182.0,141.0,4.431175361407919,0,0.0,47.172929476614144,34.91794984758214,13.843636644664837,0.0,25.846909006600548,9.071040840981595,9.071040840981595,19.99152662664735,21.477319053816952,0.0,0.0,0.0,Established Urban Hub,High urban activity with comparatively balanced mobility capacity.
48201533904,Census Tract 5339.04; Harris County; Texas,29.933306323375234,-95.4897762863522,4323.0,0.47285815526045777,9142.276498580897,50430.0,1525.0,153.0,10.032786885245901,4,8.459196390081793,14.054590395909727,39.031546425030825,31.34388618025112,14.57779441454448,30.8012902361058,8.230256188925026,8.230256188925026,18.138534334635306,17.775418685945994,11.12290657027003,12.159372923552365,2.2055320326148946,Established Urban Hub,High urban activity with comparatively balanced mobility capacity.
48201240506,Census Tract 2405.06; Harris County; Texas,29.95959642808074,-95.39077984937761,5441.0,1.0872752615202836,5004.252549986391,45556.0,1974.0,356.0,18.034447821681866,1,0.919730297736885,10.966772187183862,20.50337860976815,56.34223933110282,1.5849778843007156,14.206812719679656,6.296565890088493,6.296565890088493,13.876904189367762,18.977268125859155,5.113659370704227,4.055054924783173,0.5627160867383999,Lower Priority,Lower mismatch and/or FIFA relevance relative to other Harris County tracts.
48201240504,Census Tract 2405.04; Harris County; Texas,29.947807988693736,-95.39357037634913,2888.0,0.164471025291594,17559.323868017524,36176.0,1276.0,221.0,17.319749216300938,4,24.32039316899934,5.024274280362232,76.71921283472062,54.10941688640529,41.911509716721,43.10523173578311,33.613981098937515,33.613981098937515,74.0813331068976,18.156500344293764,9.217498278531178,19.025701709988123,14.094493459701013,High-Intensity / Mobility Gap,"High population density and mobility mismatch, combined with strong FIFA relevance."
48201550101,Census Tract 5501.01; Harris County; Texas,29.95166542162887,-95.4240204056084,2430.0,0.3270675246034644,7429.65845644909,26842.0,860.0,71.0,8.255813953488373,7,21.402308310758695,0.0,31.363230609980384,25.792364159953568,36.8827529429093,48.080217812050435,-16.71698720207005,0.0,0.0,18.41063668289135,7.946816585543248,16.62759749275306,0.0,Established Urban Hub,High urban activity with comparatively balanced mobility capacity.
48201240102,Census Tract 2401.02; Harris County; Texas,29.94762958365688,-95.41032106743346,1689.0,0.7419091973170172,2276.558918676259,42664.0,774.0,239.0,30.87855297157623,22,29.653224517985613,9.134607587340774,8.290021225332714,96.46909286743195,51.10161660962979,36.83040376651126,-28.540382541178545,0.0,0.0,18.11511651496349,9.424417425182552,21.92757718051672,0.0,Lower Priority,Lower mismatch and/or FIFA relevance relative to other Harris County tracts.
48201250404,Census Tract 2504.04; Harris County; Texas,29.98957473753385,-95.15171469967053,5041.0,1.2260758986990248,4111.490981389446,123795.0,1739.0,0.0,0.0,0,0.0,60.53341330997889,16.50600296200283,0.0,0.0,30.0,-13.493997037997168,0.0,0.0,26.13667664224082,0.0,0.0,0.0,Lower Priority,Lower mismatch and/or FIFA relevance relative to other Harris County tracts.
48201541801,Census Tract 5418.01; Harris County; Texas,29.795696895763484,-95.71202022730361,3980.0,0.5519395993731215,7210.933958209158,71294.0,1707.0,47.0,2.753368482718219,0,0.0,27.27253030293813,30.383882916723305,8.60192380459354,0.0,27.41942285862194,2.9644600581013663,2.9644600581013663,6.533327676954095,19.666626879541184,1.6668656022940764,1.1668059216058535,0.07623125421261454,Lower Priority,Lower mismatch and/or FIFA relevance relative to other Harris County tracts.
48201530702,Census Tract 5307.02; Harris County; Texas,29.85163179108796,-95.40398428275896,4321.0,0.697093933672837,6198.5907368804465,34674.0,1428.0,162.0,11.344537815126051,20,28.690538009166612,4.0727143809969775,25.851075633722242,35.44198696852419,49.4426119756112,53.97723229237058,-28.126156658648338,0.0,0.0,11.508112358619371,42.459438206903144,44.55439033751556,0.0,Lower Priority,Lower mismatch and/or FIFA relevance relative to other Harris County tracts.
48201333904,Census Tract 3339.04; Harris County; Texas,29.615507903173352,-95.24528783852423,6275.0,0.8059620010105748,7785.726860735296,73715.0,2105.0,55.0,2.6128266033254155,4,4.96301313831732,28.806302950317146,32.957541138455795,8.162850522001964,8.552796491626733,33.538102387538125,-0.5805612490823293,0.0,0.0,11.03646628744943,44.81766856275284,33.93820694141501,0.0,Established Urban Hub,High urban activity with comparatively balanced mobility capacity.
48201252304,Census Tract 2523.04; Harris County; Texas,29.79814837417292,-95.15848292720355,4171.0,0.5873490283330493,7101.399336332747,68632.0,1241.0,0.0,0.0,0,0.0,25.58607727223886,29.893437264180182,0.0,0.0,30.0,-0.10656273581981779,0.0,0.0,17.0591895265069,14.704052367465504,10.292836657225852,0.0,Lower Priority,Lower mismatch and/or FIFA relevance relative to other Harris County tracts.
48201252003,Census Tract 2520.03; Harris County; Texas,29.946798824320354,-95.15502577014908,10901.0,3.49004575114723,3123.4547559775338,173138.0,3473.0,0.0,0.0,0,0.0,91.79361311981894,12.082031225877797,0.0,0.0,30.0,-17.9179687741222,0.0,0.0,23.70589880505495,0.0,0.0,0.0,Lower Priority,Lower mismatch and/or FIFA relevance relative to other Harris County tracts.
48201233104,Census Tract 2331.04; Harris County; Texas,29.776602584568984,-95.16626976857386,2554.0,0.3102608837442703,8231.782135014839,44635.0,749.0,27.0,3.6048064085447264,0,0.0,10.383292382047111,34.95477147820322,11.261939784390865,0.0,26.62141806468274,8.33335341352048,8.33335341352048,18.365748713532366,16.00268413063524,19.986579346823795,13.990605542776656,2.5694794574878914,Established Urban Hub,High urban activity with comparatively balanced mobility capacity.
48201324101,Census Tract 3241.01; Harris County; Texas,29.710078953568765,-95.20999171778618,5105.0,1.1247267847967424,4538.880080927886,50940.0,1656.0,113.0,6.823671497584541,0,0.0,14.377689962272097,18.419654757409155,21.318142725252496,0.0,23.604557182424248,-5.184902425015093,0.0,0.0,12.198134750890917,39.00932624554542,27.30652837188179,0.0,Lower Priority,Lower mismatch and/or FIFA relevance relative to other Harris County tracts.
48201343601,Census Tract 3436.01; Harris County; Texas,29.716844265218253,-95.06734295065151,0.0,18.855412040352796,0.0,,0.0,0.0,,0,0.0,,0.0,,0.0,,,,,20.769134867116108,0.0,0.0,,Insufficient Data,Insufficient source data to calculate a complete priority score.
48201343602,Census Tract 3436.02; Harris County; Texas,29.66471705232167,-95.00711972003337,2906.0,2.065222221929847,1407.112498181667,68409.0,1162.0,85.0,7.314974182444062,0,0.0,25.444800403025507,4.397040086164873,22.853043806121132,0.0,23.144086858163657,-18.747046771998782,0.0,0.0,24.317688856551655,0.0,0.0,0.0,Lower Priority,Lower mismatch and/or FIFA relevance relative to other Harris County tracts.
48201340201,Census Tract 3402.01; Harris County; Texas,29.609613951683155,-95.16686938856279,0.0,3.8194279581911563,0.0,,0.0,0.0,,0,0.0,,0.0,,0.0,,,,,15.558122119771289,22.209389401143554,15.546572580800486,,Insufficient Data,Insufficient source data to calculate a complete priority score.
48201324102,Census Tract 3241.02; Harris County; Texas,29.727849550311237,-95.18004062102933,0.0,6.613398313159784,0.0,,0.0,0.0,,0,0.0,,0.0,,0.0,,,,,14.187268057486145,29.06365971256928,20.344561798798495,,Insufficient Data,Insufficient source data to calculate a complete priority score.
48201340202,Census Tract 3402.02; Harris County; Texas,29.6124158018857,-95.14101239770996,8505.0,6.2943165395014535,1351.2189840826857,170807.0,2919.0,17.0,0.5823912298732443,0,0.0,90.31685804297446,4.146774640175266,1.8194749505113228,0.0,29.454157514846603,-25.307382874671337,0.0,0.0,16.97550963705567,15.12245181472165,10.585716270305154,0.0,Lower Priority,Lower mismatch and/or FIFA relevance relative to other Harris County tracts.
48201324200,Census Tract 3242; Harris County; Texas,29.715847013726993,-95.24547844564904,728.0,2.5046867876001273,290.6551045041186,50313.0,293.0,21.0,7.167235494880546,7,2.794760620231909,13.980467554214831,0.0,22.391486647539363,4.816231221132774,26.65391586053113,-26.65391586053113,0.0,0.0,10.166570658629922,49.16714670685038,35.861872061135095,0.0,Lower Priority,Lower mismatch and/or FIFA relevance relative to other Harris County tracts.
48201542108,Census Tract 5421.08; Harris County; Texas,29.872374055046393,-95.69795372500774,5180.0,0.7426555327894797,6974.9699171343445,67125.0,1278.0,10.0,0.7824726134585289,0,0.0,24.631349730066134,29.327344480572727,2.444558308267767,0.0,29.266632507519667,0.060711973053059864,0.060711973053059864,0.13380217850669526,21.571644888952505,0.0,0.0,0.0,Lower Priority,Lower mismatch and/or FIFA relevance relative to other Harris County tracts.
48201233105,Census Tract 2331.05; Harris County; Texas,29.78172783734341,-95.16245560866912,4595.0,0.6321484617887292,7268.862107167,44508.0,1071.0,70.0,6.535947712418301,0,0.0,10.302834254737265,30.64325852171056,20.419251751413114,0.0,23.874224474576064,6.769034047134497,6.769034047134497,14.918169454005914,16.35430865581079,18.228456720946053,12.759919704662236,1.9035464437366034,Lower Priority,Lower mismatch and/or FIFA relevance relative to other Harris County tracts.
48201252201,Census Tract 2522.01; Harris County; Texas,29.82657138126944,-95.1639590631354,5108.0,1.0331236615803887,4944.229030807596,64598.0,1903.0,0.0,0.0,0,0.0,23.030423055168665,20.234620900769123,0.0,0.0,30.0,-9.765379099230877,0.0,0.0,17.762909444236698,11.185452778816508,7.829816945171555,0.0,Lower Priority,Lower mismatch and/or FIFA relevance relative to other Harris County tracts.
48201232404,Census Tract 2324.04; Harris County; Texas,29.833262519347063,-95.1928461156938,3969.0,1.4592704054960641,2719.852321441946,52123.0,1188.0,85.0,7.154882154882154,0,0.0,15.127154250520498,10.274885174858957,22.352893015751473,0.0,23.294132095274556,-13.019246920415599,0.0,0.0,16.620503595221344,16.897482023893286,11.8282374167253,0.0,Lower Priority,Lower mismatch and/or FIFA relevance relative to other Harris County tracts.
48201232203,Census Tract 2322.03; Harris County; Texas,29.924534225573822,-95.23598601350429,5823.0,3.8143707921185674,1526.5951627019997,73328.0,2808.0,183.0,6.517094017094018,0,0.0,28.561127397018645,4.932028497722853,20.360350063668655,0.0,23.891894980899405,-18.95986648317655,0.0,0.0,19.575775242833195,2.1211237858340226,1.4847866500838158,0.0,Lower Priority,Lower mismatch and/or FIFA relevance relative to other Harris County tracts.
48201232306,Census Tract 2323.06; Harris County; Texas,29.8444592868722,-95.20139510894928,4202.0,1.6464936587862475,2552.0899989967807,64439.0,1092.0,66.0,6.043956043956044,0,0.0,22.929692013890982,9.523722663003996,18.88219818551004,0.0,24.335340544346987,-14.811617881342992,0.0,0.0,16.715703795523922,16.42148102238039,11.495036715666274,0.0,Lower Priority,Lower mismatch and/or FIFA relevance relative to other Harris County tracts.
48201541603,Census Tract 5416.03; Harris County; Texas,29.843024613924673,-95.65449933868375,6850.0,0.9162729321147858,7475.9384020981515,52350.0,2190.0,21.0,0.9589041095890412,0,0.0,15.270965233979824,31.570450918542953,2.995755976131979,0.0,29.101273207160407,2.469177711382546,2.469177711382546,5.441782572515317,18.270325246820466,8.648373765897666,6.053861636128366,0.3294379874790241,Established Urban Hub,High urban activity with comparatively balanced mobility capacity.
48201221701,Census Tract 2217.01; Harris County; Texas,29.876915130578283,-95.37707091089842,5311.0,1.116969606329466,4754.829468863314,67326.0,1361.0,135.0,9.919177075679647,7,6.2669565584716995,24.758688970926595,19.386576783230165,30.98895260289771,10.799891632897562,28.26323836215898,-8.876661578928815,0.0,0.0,13.396235762796811,33.01882118601595,26.35314232008043,0.0,Lower Priority,Lower mismatch and/or FIFA relevance relative to other Harris County tracts.
48201330801,Census Tract 3308.01; Harris County; Texas,29.607148043415194,-95.32865422252337,6752.0,5.6916442748023295,1186.300421108889,64430.0,2558.0,109.0,4.2611415168100075,0,0.0,22.923990256837527,3.4083451751480447,13.312426171161707,0.0,26.006272148651487,-22.59792697350344,0.0,0.0,7.275000658497327,63.62499670751336,44.53749769525935,0.0,Lower Priority,Lower mismatch and/or FIFA relevance relative to other Harris County tracts.
48201333502,Census Tract 3335.02; Harris County; Texas,29.66701184379921,-95.28478988897167,2504.0,0.35037882852762314,7146.550522251631,83269.0,748.0,88.0,11.76470588235294,6,17.124322337663653,34.85903482683888,30.095603505882906,36.754653152543604,29.510468727211887,39.63093216328524,-9.535328657402331,0.0,0.0,7.672388338709113,61.63805830645443,51.999781432681665,0.0,Lower Priority,Lower mismatch and/or FIFA relevance relative to other Harris County tracts.
48201321301,Census Tract 3213.01; Harris County; Texas,29.649426130930454,-95.21907012579345,3718.0,0.21710756036136855,17125.1521310981,32833.0,1355.0,204.0,15.055350553505534,0,0.0,2.9063882992849717,74.77519150902978,47.03510595314436,0.0,15.889468214056691,58.88572329497309,58.88572329497309,100.0,11.782937160970521,41.08531419514739,28.759719936603172,28.759719936603172,High-Intensity / Mobility Gap,"High population density and mobility mismatch, combined with strong FIFA relevance."
48201321102,Census Tract 3211.02; Harris County; Texas,29.627480786106677,-95.21311807195593,4274.0,0.9877709437315173,4326.914075700633,93553.0,1194.0,42.0,3.5175879396984926,0,0.0,41.37424255325185,17.47056848706136,10.989456595861027,0.0,26.70316302124169,-9.232594534180329,0.0,0.0,12.525472458741483,37.372637706292586,26.16084639440481,0.0,Lower Priority,Lower mismatch and/or FIFA relevance relative to other Harris County tracts.
48201321002,Census Tract 3210.02; Harris County; Texas,29.640028126619878,-95.22570179164718,5200.0,1.0263908121397254,5066.29632543136,60607.0,1794.0,242.0,13.489409141583057,0,0.0,20.502010566242745,20.78118209704069,42.142877109689074,0.0,17.357136867093278,3.4240452299474136,3.4240452299474136,7.546200329744216,11.54876740795174,42.256162960241305,29.579314072168913,2.2321142960500877,Lower Priority,Lower mismatch and/or FIFA relevance relative to other Harris County tracts.
48201333903,Census Tract 3339.03; Harris County; Texas,29.620368387460186,-95.23450980359041,3720.0,0.730441577106148,5092.809769588744,63494.0,1297.0,99.0,7.632999228989977,7,9.583244190086345,22.331007523278355,20.89989710420624,23.846600329888545,16.514874130508954,34.406431792389704,-13.506534688183464,0.0,0.0,11.491294994743898,42.54352502628051,34.73492975754904,0.0,Lower Priority,Lower mismatch and/or FIFA relevance relative to other Harris County tracts.
48201221301,Census Tract 2213.01; Harris County; Texas,29.852455934737193,-95.37825608103931,4052.0,0.7211739669946536,5618.616568878503,69180.0,1120.0,41.0,3.660714285714286,12,16.639535741989647,25.933250923938033,23.254218088490486,11.436604128269149,28.675032475259087,46.64154149420061,-23.387323405710124,0.0,0.0,11.721099038715735,41.39450480642133,37.57866310707266,0.0,Lower Priority,Lower mismatch and/or FIFA relevance relative to other Harris County tracts.
48201552401,Census Tract 5524.01; Harris County; Texas,29.931911034710993,-95.59693554165017,5253.0,0.9920709634712045,5294.984122526908,54375.0,1944.0,211.0,10.853909465020577,0,0.0,16.553860571006883,21.805140859610983,33.90919260755501,0.0,19.827242217733495,1.9778986418774878,1.9778986418774878,4.359060228817644,20.38017677879175,0.0,0.0,0.0,Lower Priority,Lower mismatch and/or FIFA relevance relative to other Harris County tracts.
48201552402,Census Tract 5524.02; Harris County; Texas,29.94486363046009,-95.59652477324826,3108.0,1.3681599486340106,2271.6642181369725,109813.0,1006.0,39.0,3.876739562624255,0,0.0,51.67541696315799,8.268105007803774,12.111498528894838,0.0,26.366550441331547,-18.098445433527772,0.0,0.0,21.118300327580943,0.0,0.0,0.0,Lower Priority,Lower mismatch and/or FIFA relevance relative to other Harris County tracts.
48201551202,Census Tract 5512.02; Harris County; Texas,29.9713668700194,-95.50482995974257,3674.0,0.6082379273145126,6040.3993815732865,89265.0,1260.0,104.0,8.253968253968253,2,3.2881869251895957,38.65767208156196,25.142767510215506,25.78659792607027,5.666556346677227,26.23061006485298,-1.0878425546374721,0.0,0.0,20.5446464842475,0.0,1.6999669040031682,0.0,Lower Priority,Lower mismatch and/or FIFA relevance relative to other Harris County tracts.
48201551201,Census Tract 5512.01; Harris County; Texas,29.976736419476676,-95.49882134570701,4843.0,0.7701243847568235,6288.594538568257,54877.0,1567.0,259.0,16.52839821314614,5,6.492457710683727,16.871891908877295,26.254071257333795,51.63712119676117,11.188499401957532,22.340813222341918,3.913258034991877,3.913258034991877,8.62436886515177,20.805737557204555,0.0,3.3565498205872597,0.2894812376700352,Lower Priority,Lower mismatch and/or FIFA relevance relative to other Harris County tracts.
48201552502,Census Tract 5525.02; Harris County; Texas,29.95540020662304,-95.57116796557472,6384.0,1.0846744773803418,5885.636781477846,94063.0,2163.0,21.0,0.9708737864077669,0,0.0,41.69734211961422,24.44981177537288,3.033150988316705,0.0,29.090054703504986,-4.640242928132107,0.0,0.0,20.995739565491753,0.0,0.0,0.0,Lower Priority,Lower mismatch and/or FIFA relevance relative to other Harris County tracts.
48201552501,Census Tract 5525.01; Harris County; Texas,29.944726093335163,-95.57652002057294,5114.0,1.0260676446330255,4984.076855701876,49431.0,1645.0,189.0,11.48936170212766,0,0.0,13.42169536297638,20.41304113126711,35.89443786599471,0.0,19.231668640201583,1.1813724910655274,1.1813724910655274,2.6036085632450434,20.499822792433815,0.0,0.0,0.0,Lower Priority,Lower mismatch and/or FIFA relevance relative to other Harris County tracts.
48201552603,Census Tract 5526.03; Harris County; Texas,29.961678817681246,-95.55665622701221,5595.0,0.5579056499269194,10028.57741399983,51952.0,1721.0,149.0,8.657757117954677,2,3.584835536729162,15.018820866504878,42.99999423966481,27.04809309569812,6.1777730477641315,26.210013204725456,16.789981034939352,16.789981034939352,37.003179547427976,21.002043295997325,0.0,1.8533319143292393,0.6857917358690324,High-Intensity / Mobility Gap,"High population density and mobility mismatch, combined with strong FIFA relevance."
48201552604,Census Tract 5526.04; Harris County; Texas,29.963902248315403,-95.57369901821089,3025.0,0.570204934187289,5305.110178170453,92869.0,1161.0,49.0,4.220499569336779,0,0.0,40.94090901718938,21.850480678954952,13.185454813121803,0.0,26.044363556063455,-4.1938828771085035,0.0,0.0,21.58620245427402,0.0,0.0,0.0,Lower Priority,Lower mismatch and/or FIFA relevance relative to other Harris County tracts.
48201552702,Census Tract 5527.02; Harris County; Texas,29.981296537146765,-95.55748203708286,6008.0,1.11031706613778,5411.066967473293,62810.0,2615.0,50.0,1.9120458891013385,3,2.7019309091910584,21.89767398721588,22.324906442980854,5.973509594581657,4.656257107669496,31.467327096994147,-9.142420654013293,0.0,0.0,22.256714907098626,0.0,1.3968771323008486,0.0,Lower Priority,Lower mismatch and/or FIFA relevance relative to other Harris County tracts.
48201552801,Census Tract 5528.01; Harris County; Texas,29.986169837140213,-95.53566133258248,5357.0,1.3854079042604188,3866.731223003785,89744.0,2553.0,59.0,2.311006658832746,0,0.0,38.96113226251799,15.4100813496272,7.219921095182381,0.0,27.834023671445284,-12.423942321818084,0.0,0.0,22.085982014215723,0.0,0.0,0.0,Lower Priority,Lower mismatch and/or FIFA relevance relative to other Harris County tracts.
48201554807,Census Tract 5548.07; Harris County; Texas,30.0362480705639,-95.59653201481288,6545.0,2.18920657487668,2989.667615249459,105436.0,2195.0,170.0,7.744874715261959,0,0.0,48.90246244949507,11.482993949697729,24.19611562889545,0.0,22.74116531133136,-11.258171361633632,0.0,0.0,26.669557592985996,0.0,0.0,0.0,Lower Priority,Lower mismatch and/or FIFA relevance relative to other Harris County tracts.
48201532101,Census Tract 5321.01; Harris County; Texas,29.844036893791397,-95.47800065911464,3746.0,0.45012793508490545,8322.078475963528,66076.0,1640.0,256.0,15.609756097560975,5,11.107953117943845,23.966778269058043,35.359076958061486,48.76714954874078,19.14241607035417,28.769546384625684,6.589530573435802,6.589530573435802,14.52256452432567,11.699705105337143,41.50147447331428,34.79375695242625,5.052945803853151,Established Urban Hub,High urban activity with comparatively balanced mobility capacity.
48201532504,Census Tract 5325.04; Harris County; Texas,29.88484422452054,-95.51218583560032,4644.0,1.0383032220372355,4472.681873112263,108854.0,1251.0,94.0,7.5139888089528375,0,0.0,51.06786307268444,18.123249632954984,23.474794459538238,0.0,22.95756166213853,-4.834312029183547,0.0,0.0,15.078401168940342,24.607994155298286,17.225595908708797,0.0,Lower Priority,Lower mismatch and/or FIFA relevance relative to other Harris County tracts.
48201532503,Census Tract 5325.03; Harris County; Texas,29.890406774191575,-95.51780392536655,5605.0,0.8183933322091659,6848.785027206781,93836.0,1604.0,0.0,0.0,0,0.0,41.55353113615489,28.762346586560426,0.0,0.0,30.0,-1.237653413439574,0.0,0.0,15.56619767989469,22.169011600526545,15.51830812036858,0.0,Lower Priority,Lower mismatch and/or FIFA relevance relative to other Harris County tracts.
48201534204,Census Tract 5342.04; Harris County; Texas,29.88480156345077,-95.53635005426842,4775.0,0.8768322105175164,5445.739723888269,72234.0,2042.0,0.0,0.0,0,0.0,27.868047150743287,22.48015509727939,0.0,0.0,30.0,-7.51984490272061,0.0,0.0,15.719596693647437,21.40201653176281,14.981411572233966,0.0,Lower Priority,Lower mismatch and/or FIFA relevance relative to other Harris County tracts.
48201534205,Census Tract 5342.05; Harris County; Texas,29.894257123058555,-95.537811504148,3760.0,0.9656384096973887,3893.797059272225,86750.0,1562.0,50.0,3.201024327784891,0,0.0,37.06434774940243,15.531269714574291,10.000465806549956,0.0,26.999860258035014,-11.468590543460722,0.0,0.0,16.33472457650466,18.32637711747671,12.828463982233696,0.0,Lower Priority,Lower mismatch and/or FIFA relevance relative to other Harris County tracts.
48201534102,Census Tract 5341.02; Harris County; Texas,29.909918144417485,-95.5159803769384,5432.0,1.9039303618116916,2853.0455256941023,100333.0,1344.0,12.0,0.8928571428571428,0,0.0,45.669566200186885,10.871263076701387,2.7894156410412556,0.0,29.16317530768762,-18.291912230986235,0.0,0.0,16.757483565500937,16.212582172495317,11.348807520746721,0.0,Lower Priority,Lower mismatch and/or FIFA relevance relative to other Harris County tracts.
48201534101,Census Tract 5341.01; Harris County; Texas,29.918365449192752,-95.53276533187832,2973.0,2.9501618055724377,1007.7413362156693,95994.0,861.0,24.0,2.7874564459930316,0,0.0,42.92068577186076,2.608839727393203,8.708419562275141,0.0,27.387474131317457,-24.778634403924254,0.0,0.0,17.691622683278908,11.541886583605464,8.079320608523824,0.0,Lower Priority,Lower mismatch and/or FIFA relevance relative to other Harris County tracts.
48201540101,Census Tract 5401.01; Harris County; Texas,29.846481470748778,-95.58731221839135,7031.0,4.621877201763312,1521.2433591523315,239125.0,2350.0,0.0,0.0,1,0.21636230396136136,100.0,4.908065583173689,0.0,0.37285872567091577,30.26100110796964,-25.352935524795953,0.0,0.0,15.393703921407011,23.031480392964944,16.233893892776734,0.0,Lower Priority,Lower mismatch and/or FIFA relevance relative to other Harris County tracts.
48201540102,Census Tract 5401.02; Harris County; Texas,29.868124169187364,-95.58268987134798,6316.0,3.8830085589448164,1626.5738033079006,71924.0,1895.0,0.0,0.0,0,0.0,27.67165329667988,5.379686861739125,0.0,0.0,30.0,-24.620313138260876,0.0,0.0,16.327504358329225,18.36247820835387,12.853734745847708,0.0,Lower Priority,Lower mismatch and/or FIFA relevance relative to other Harris County tracts.
48201540903,Census Tract 5409.03; Harris County; Texas,29.905934247749173,-95.62554234567634,3562.0,0.5520229974393667,6452.629721085568,63325.0,1599.0,57.0,3.564727954971857,0,0.0,22.223941196385727,26.98854535101812,11.136728863294168,0.0,26.65898134101175,0.32956401000637214,0.32956401000637214,0.7263210249766783,19.97643790925625,0.11781045371874743,0.0824673176031232,0.0005989774664857771,Lower Priority,Lower mismatch and/or FIFA relevance relative to other Harris County tracts.
48201522002,Census Tract 5220.02; Harris County; Texas,29.826330782619042,-95.5307745708785,3096.0,0.3502294069922672,8839.92017286075,97356.0,813.0,7.0,0.8610086100861009,3,8.565814120989097,43.78355167261673,37.67773387765495,2.689916190130805,14.7615295225193,39.526095808724264,-1.848361931069313,0.0,0.0,12.138050769584659,39.309746152076706,31.945281163209483,0.0,Established Urban Hub,High urban activity with comparatively balanced mobility capacity.
48201551101,Census Tract 5511.01; Harris County; Texas,29.987126284839736,-95.48770517938065,3765.0,0.7060654034287293,5332.367202410367,,1696.0,241.0,14.209905660377359,9,12.746694507753865,,21.972525095694813,44.39381307959055,21.966470977894197,32.05838576064877,-10.085860664953955,0.0,0.0,21.344083244319897,0.0,6.589941293368259,0.0,Lower Priority,Lower mismatch and/or FIFA relevance relative to other Harris County tracts.
48201554905,Census Tract 5549.05; Harris County; Texas,30.060826088036276,-95.52331252338526,8210.0,3.7856752935935343,2168.701582487466,129497.0,2579.0,79.0,3.06320279177976,0,0.0,64.14579316762249,7.807085686573465,9.569891272560307,0.0,27.129032618231907,-19.32194693165844,0.0,0.0,26.782761383662887,0.0,0.0,0.0,Lower Priority,Lower mismatch and/or FIFA relevance relative to other Harris County tracts.
48201541005,Census Tract 5410.05; Harris County; Texas,29.911506664027375,-95.63127201860172,4587.0,0.6320376504692276,7257.479038779717,78116.0,2623.0,25.0,0.9531071292413268,0,0.0,31.594462149455953,30.592290377506405,2.977645365960929,0.0,29.10670639021172,1.4855839872946852,1.4855839872946852,3.274055575182356,20.491768787330226,0.0,0.0,0.0,Lower Priority,Lower mismatch and/or FIFA relevance relative to other Harris County tracts.
48201541004,Census Tract 5410.04; Harris County; Texas,29.918259396974076,-95.64109420644492,5738.0,1.4271721886477966,4020.5379880871874,76413.0,1943.0,0.0,0.0,0,0.0,30.515563009230235,16.098757294955135,0.0,0.0,30.0,-13.901242705044865,0.0,0.0,21.228691884926803,0.0,0.0,0.0,Lower Priority,Lower mismatch and/or FIFA relevance relative to other Harris County tracts.
48201554804,Census Tract 5548.04; Harris County; Texas,30.054122166473555,-95.55554143022069,4671.0,3.2449944331635105,1439.4477698521941,137115.0,1768.0,0.0,0.0,0,0.0,68.9720137490902,4.541822558984328,0.0,0.0,30.0,-25.45817744101567,0.0,0.0,26.898435754231986,0.0,0.0,0.0,Lower Priority,Lower mismatch and/or FIFA relevance relative to other Harris County tracts.
48201350102,Census Tract 3501.02; Harris County; Texas,29.56457577908185,-95.23146160368304,5213.0,1.7508454891755143,2977.418642723773,120419.0,1904.0,61.0,3.2037815126050417,0,0.0,58.39462088637231,11.428148685064224,10.009079653148035,0.0,26.99727610405559,-15.569127418991366,0.0,0.0,13.597066194582647,32.01466902708676,22.410268318960732,0.0,Lower Priority,Lower mismatch and/or FIFA relevance relative to other Harris County tracts.
48201555002,Census Tract 5550.02; Harris County; Texas,30.063367667366716,-95.48753217498536,4839.0,1.3896816690533251,3482.092415665531,93409.0,1742.0,0.0,0.0,0,0.0,41.283014440396585,13.687845698224976,0.0,0.0,30.0,-16.312154301775024,0.0,0.0,26.494666394899983,0.0,0.0,0.0,Lower Priority,Lower mismatch and/or FIFA relevance relative to other Harris County tracts.
48201554906,Census Tract 5549.06; Harris County; Texas,30.05343634919944,-95.50120162762417,4743.0,0.7564420825645548,6270.142961798047,92700.0,1678.0,0.0,0.0,0,0.0,40.83384269029675,26.17145358399462,0.0,0.0,30.0,-3.8285464160053806,0.0,0.0,25.98048484418358,0.0,0.0,0.0,Lower Priority,Lower mismatch and/or FIFA relevance relative to other Harris County tracts.
48201553804,Census Tract 5538.04; Harris County; Texas,30.03369907990796,-95.52833345791367,5826.0,1.0539005909358747,5528.035613706651,69227.0,1963.0,126.0,6.4187468160978085,0,0.0,25.96302676632829,22.848638237059006,20.053099096471826,0.0,23.984070271058453,-1.1354320339994466,0.0,0.0,25.062289958390142,0.0,0.0,0.0,Lower Priority,Lower mismatch and/or FIFA relevance relative to other Harris County tracts.
48201553803,Census Tract 5538.03; Harris County; Texas,30.03730667966968,-95.51931689707622,4828.0,1.0312827264884583,4681.54840180389,118500.0,1492.0,12.0,0.8042895442359249,0,0.0,57.17887957686369,19.05845787308715,2.512717574771748,0.0,29.246184727568476,-10.187726854481326,0.0,0.0,25.154955429201287,0.0,0.0,0.0,Lower Priority,Lower mismatch and/or FIFA relevance relative to other Harris County tracts.
48201240804,Census Tract 2408.04; Harris County; Texas,30.027414093575914,-95.42531500655448,2993.0,0.3460251405878985,8649.660527309887,41701.0,1232.0,94.0,7.629870129870129,5,14.449817118793662,8.524519582621242,36.82583870135078,23.836824568898002,24.901474510334978,40.27998478656508,-3.4541460852142976,0.0,0.0,23.628564863947066,0.0,7.470442353100493,0.0,Established Urban Hub,High urban activity with comparatively balanced mobility capacity.
48201241302,Census Tract 2413.02; Harris County; Texas,30.05381334545535,-95.41898239521406,8982.0,3.677982907328558,2442.0994404576845,96767.0,3208.0,0.0,0.0,0,0.0,43.41040334989627,9.031235535809136,0.0,0.0,30.0,-20.968764464190862,0.0,0.0,25.435972412087313,0.0,0.0,0.0,Lower Priority,Lower mismatch and/or FIFA relevance relative to other Harris County tracts.
48201555704,Census Tract 5557.04; Harris County; Texas,30.012718578493025,-95.76687349044882,8211.0,3.054876958092893,2687.8332949704086,165000.0,2388.0,0.0,0.0,0,0.0,86.63795768637391,10.131518702572714,0.0,0.0,30.0,-19.868481297427287,0.0,0.0,31.12170984233513,0.0,0.0,0.0,Lower Priority,Lower mismatch and/or FIFA relevance relative to other Harris County tracts.
48201554404,Census Tract 5544.04; Harris County; Texas,29.974817789137962,-95.64010257240537,4776.0,2.3007229169198604,2075.8692691225797,189167.0,1634.0,15.0,0.9179926560587516,0,0.0,100.0,7.391425288743269,2.867942641951842,0.0,29.139617207414446,-21.748191918671175,0.0,0.0,24.27997329884708,0.0,0.0,0.0,Lower Priority,Lower mismatch and/or FIFA relevance relative to other Harris County tracts.
48201555505,Census Tract 5555.05; Harris County; Texas,30.017299204983864,-95.61744927894513,11508.0,2.8897236902871546,3982.3876721086917,132500.0,3592.0,338.0,9.409799554565701,0,0.0,66.0482794377915,15.927937728554381,29.39758310335684,0.0,21.18072506899295,-5.252787340438568,0.0,0.0,26.064830584486696,0.0,0.0,0.0,Lower Priority,Lower mismatch and/or FIFA relevance relative to other Harris County tracts.
48201250305,Census Tract 2503.05; Harris County; Texas,29.97580666944568,-95.210098828201,5769.0,0.9153636615314182,6302.413174615616,89746.0,1941.0,0.0,0.0,0,0.0,38.96239931964098,26.31594475319659,0.0,0.0,30.0,-3.6840552468034105,0.0,0.0,23.396914091084984,0.0,0.0,0.0,Lower Priority,Lower mismatch and/or FIFA relevance relative to other Harris County tracts.
48201250901,Census Tract 2509.01; Harris County; Texas,30.042393008914992,-95.16827277630186,4067.0,1.3188222704068226,3083.8120429566566,93466.0,1817.0,76.0,4.182718767198679,0,0.0,41.319125568401795,11.90452939200064,13.06742208945689,0.0,26.07977337316293,-14.17524398116229,0.0,0.0,28.62113955755803,0.0,0.0,0.0,Lower Priority,Lower mismatch and/or FIFA relevance relative to other Harris County tracts.
48201521402,Census Tract 5214.02; Harris County; Texas,29.824481979060998,-95.50347203905135,3430.0,0.3592993327985878,9546.357832851176,43276.0,994.0,62.0,6.237424547283702,5,13.915973517275766,9.522327066975619,40.8408367687752,19.48662194304877,23.981497964859287,40.941061992486866,-0.10022522371166787,0.0,0.0,11.129146505739806,44.354267471300965,38.24243661936846,0.0,Established Urban Hub,High urban activity with comparatively balanced mobility capacity.
48201520501,Census Tract 5205.01; Harris County; Texas,29.81489074520166,-95.4713170342194,4009.0,1.784185024463496,2246.964269417913,44181.0,1279.0,137.0,10.711493354182956,44,24.661119444846136,10.095670415128453,8.157509999031396,33.46426395319549,42.49868577599203,49.70980085723578,-41.55229085820438,0.0,0.0,9.681910226015836,51.59044886992083,48.86291994174219,0.0,Lower Priority,Lower mismatch and/or FIFA relevance relative to other Harris County tracts.
48201521701,Census Tract 5217.01; Harris County; Texas,29.857484996869836,-95.53123862415987,4632.0,1.5768493236326782,2937.503241799284,31588.0,1801.0,85.0,4.719600222098834,14,8.87846402961787,2.117645240223892,11.24942588018688,14.744717880462385,15.30032137478794,36.28680959821284,-25.03738371802596,0.0,0.0,13.93626419713226,30.318679014338702,25.81317172247347,0.0,Lower Priority,Lower mismatch and/or FIFA relevance relative to other Harris County tracts.
48201551901,Census Tract 5519.01; Harris County; Texas,29.90346981562252,-95.58606882132874,2362.0,0.14568174984828441,16213.424141732436,73713.0,1099.0,28.0,2.547770700636943,0,0.0,28.80503589319416,70.69289295332018,7.959606415200526,0.0,27.61211807543984,43.080774877880344,43.080774877880344,94.9450535132358,18.39228468678506,8.038576566074696,5.627003596252287,5.342561575653438,High-Intensity / Mobility Gap,"High population density and mobility mismatch, combined with strong FIFA relevance."
48201240903,Census Tract 2409.03; Harris County; Texas,30.023293813042244,-95.29619557498937,6344.0,1.2346782547913504,5138.180716620849,91250.0,1942.0,34.0,1.7507723995880538,0,0.0,39.915226276129225,21.103047335087275,5.469667745151958,0.0,28.359099676454413,-7.256052341367138,0.0,0.0,24.320000290583348,0.0,0.0,0.0,Lower Priority,Lower mismatch and/or FIFA relevance relative to other Harris County tracts.
48201240904,Census Tract 2409.04; Harris County; Texas,30.016376955620412,-95.28089106604781,9142.0,3.421408756525298,2671.9987731849965,76500.0,3286.0,52.0,1.582471089470481,1,0.2922772668108725,30.570679994080287,10.060618997650948,4.943869961480303,0.5036835310514248,28.869417483291908,-18.80879848564096,0.0,0.0,24.144172837098832,0.0,0.15110505931542745,0.0,Lower Priority,Lower mismatch and/or FIFA relevance relative to other Harris County tracts.
48201241104,Census Tract 2411.04; Harris County; Texas,30.055570328516627,-95.36492272543083,11688.0,1.8228512251307292,6411.933041415255,90348.0,3375.0,63.0,1.866666666666667,0,0.0,39.343783513660874,26.806324339293024,5.831738300203586,0.0,28.250478509938926,-1.444154170645902,0.0,0.0,25.6992122089321,0.0,0.0,0.0,Lower Priority,Lower mismatch and/or FIFA relevance relative to other Harris County tracts.
48201241001,Census Tract 2410.01; Harris County; Texas,30.036019763168262,-95.34555507026928,3587.0,1.3536096887893385,2649.9514813669766,82663.0,1360.0,16.0,1.1764705882352942,0,0.0,34.47511651857301,9.961901366300586,3.675465315254361,0.0,28.89736040542369,-18.935459039123103,0.0,0.0,24.518764655352243,0.0,0.0,0.0,Lower Priority,Lower mismatch and/or FIFA relevance relative to other Harris County tracts.
48201350804,Census Tract 3508.04; Harris County; Texas,29.5134409436969,-95.14794492788101,6520.0,4.103920769976463,1588.7246283356963,154221.0,2077.0,67.0,3.225806451612903,0,0.0,79.80915332202099,5.210215666244369,10.077888767632922,0.0,26.97663336971012,-21.766417703465752,0.0,0.0,19.734340396688236,1.3282980165588265,0.9298086115911784,0.0,Lower Priority,Lower mismatch and/or FIFA relevance relative to other Harris County tracts.
48201554808,Census Tract 5548.08; Harris County; Texas,30.037712829802754,-95.5752701698471,3205.0,0.7836198135043576,4089.993571840916,147338.0,1045.0,0.0,0.0,0,0.0,75.44857623325198,16.409747450517965,0.0,0.0,30.0,-13.590252549482035,0.0,0.0,26.254208874869878,0.0,0.0,0.0,Lower Priority,Lower mismatch and/or FIFA relevance relative to other Harris County tracts.
48201550202,Census Tract 5502.02; Harris County; Texas,29.9568577954709,-95.43150353500509,2240.0,0.6635887605588406,3375.584598680644,21576.0,887.0,284.0,32.01803833145434,5,7.534787050626437,0.0,13.21095268570301,100.0,12.98475310375695,9.089327172629863,4.1216255130731465,4.1216255130731465,9.083586727711662,18.79262897097087,6.036855145145648,8.121224532729038,0.7376984737826383,Lower Priority,Lower mismatch and/or FIFA relevance relative to other Harris County tracts.
48201550201,Census Tract 5502.01; Harris County; Texas,29.961773605457324,-95.42315770147813,1946.0,0.30398054603341884,6401.725457082578,35625.0,664.0,75.0,11.295180722891567,5,16.448421009975792,4.675200042978574,26.760619471981055,35.287788230039986,28.345683073210065,39.25564168223505,-12.495022210253996,0.0,0.0,19.104336922319142,4.478315388404286,11.638525693846018,0.0,Lower Priority,Lower mismatch and/or FIFA relevance relative to other Harris County tracts.
48201551705,Census Tract 5517.05; Harris County; Texas,29.91770920988291,-95.57717992139031,4738.0,0.920619284113498,5146.535687184105,117615.0,1617.0,100.0,6.184291898577613,0,0.0,56.618206799940765,21.140457050113255,19.32062781673597,0.0,24.20381165497921,-3.0633546048659532,0.0,0.0,18.91628066205355,5.418596689732258,3.79301768281258,0.0,Lower Priority,Lower mismatch and/or FIFA relevance relative to other Harris County tracts.
48201521702,Census Tract 5217.02; Harris County; Texas,29.845240413278606,-95.50680702794558,3159.0,0.5433206408879785,5814.246252152457,34656.0,1418.0,217.0,15.30324400564175,2,3.6810675860414417,4.061310866890071,24.13015782358497,47.809561170568884,6.3436104354159335,20.09765895362049,4.032498869964481,4.032498869964481,8.887161897299613,12.478864766097875,37.60567616951063,28.22705644928222,2.5085842054898624,Lower Priority,Lower mismatch and/or FIFA relevance relative to other Harris County tracts.
48201552304,Census Tract 5523.04; Harris County; Texas,29.96232052468379,-95.5986952714294,2079.0,0.9514059119291971,2185.18717818806,91350.0,707.0,4.0,0.5657708628005658,0,0.0,39.97857913227871,7.880900601003557,1.767550505214261,0.0,29.46973484843572,-21.588834247432164,0.0,0.0,22.213937603211196,0.0,0.0,0.0,Lower Priority,Lower mismatch and/or FIFA relevance relative to other Harris County tracts.
48201550307,Census Tract 5503.07; Harris County; Texas,30.003742640534966,-95.45173055192473,2841.0,1.0514720083586426,2701.9264206898165,45972.0,1191.0,170.0,14.273719563392106,10,9.510476665574854,11.230320068765716,10.194621236925972,44.593176998678004,16.38947332841532,28.09467823028732,-17.90005699336135,0.0,0.0,22.119191387460166,0.0,4.916841998524596,0.0,Lower Priority,Lower mismatch and/or FIFA relevance relative to other Harris County tracts.
48201550308,Census Tract 5503.08; Harris County; Texas,29.989449277363384,-95.42843199541234,2993.0,0.5454963265513652,5486.746389149464,36393.0,1349.0,142.0,10.526315789473683,4,7.332771652722305,5.161749978206613,22.663764081891912,32.88574229438112,12.636618505218522,28.97991026533863,-6.316146183446719,0.0,0.0,21.02352539830689,0.0,3.7909855515655564,0.0,Lower Priority,Lower mismatch and/or FIFA relevance relative to other Harris County tracts.
48201252001,Census Tract 2520.01; Harris County; Texas,29.940249892204008,-95.18586413402106,7718.0,2.8545841467360478,2703.7213139520927,84720.0,3118.0,97.0,3.1109685695958946,0,0.0,35.7782847695679,10.202657943331511,9.719118513236754,0.0,27.084264446028975,-16.881606502697466,0.0,0.0,22.19050493728391,0.0,0.0,0.0,Lower Priority,Lower mismatch and/or FIFA relevance relative to other Harris County tracts.
48201554908,Census Tract 5549.08; Harris County; Texas,30.088166676315424,-95.54629330090941,7681.0,2.1438986448782,3582.7253393484825,118409.0,2594.0,114.0,4.394757131842714,0,0.0,57.12122847776767,14.13843364090026,13.729860795996435,0.0,25.88104176120107,-11.742608120300812,0.0,0.0,28.966590541329932,0.0,0.0,0.0,Lower Priority,Lower mismatch and/or FIFA relevance relative to other Harris County tracts.
48201520603,Census Tract 5206.03; Harris County; Texas,29.80680403756284,-95.48703143226881,2037.0,0.13648402422748626,14924.823703943603,32691.0,747.0,206.0,27.57697456492637,2,14.653729704411981,2.8164272435527042,64.92313292902602,86.15448148608279,25.25287854620384,21.83067053651785,43.092462392508175,43.092462392508175,94.97081144597776,9.58309537482292,52.084523125885404,44.03502975198093,41.82042507593402,High-Intensity / Mobility Gap,"High population density and mobility mismatch, combined with strong FIFA relevance."
48201521201,Census Tract 5212.01; Harris County; Texas,29.807009527939865,-95.503711054388,2057.0,0.18573637387763628,11074.836646456542,59139.0,722.0,30.0,4.1551246537396125,5,26.91987517369116,19.571990637968316,47.68466181966037,12.981214063571494,46.39121588516224,58.57948690054211,-10.894825080881738,0.0,0.0,10.113624998381436,49.43187500809282,48.51967727121364,0.0,Established Urban Hub,High urban activity with comparatively balanced mobility capacity.
48201250405,Census Tract 2504.05; Harris County; Texas,29.988811428946956,-95.16929733042039,9951.0,0.9930979952129274,10020.15918667365,114458.0,2918.0,62.0,2.1247429746401645,0,0.0,54.61815713130155,42.96230128995158,6.638006241052255,0.0,28.008598127684323,14.95370316226726,14.95370316226726,32.95623514171025,25.47914655211866,0.0,0.0,0.0,High-Intensity / Mobility Gap,"High population density and mobility mismatch, combined with strong FIFA relevance."
48201250303,Census Tract 2503.03; Harris County; Texas,29.941405474416946,-95.24295389784324,3416.0,0.8054133498432859,4241.3004461183455,82586.0,1274.0,112.0,8.791208791208792,0,0.0,34.4263348193379,17.087230034727575,27.465015542560057,0.0,21.760495337231983,-4.673265302504408,0.0,0.0,20.355416844972023,0.0,0.0,0.0,Lower Priority,Lower mismatch and/or FIFA relevance relative to other Harris County tracts.
48201250201,Census Tract 2502.01; Harris County; Texas,29.947775337105362,-95.25749890027386,7894.0,1.7837830921164533,4425.42595839598,59350.0,2582.0,142.0,5.499612703330752,0,0.0,19.70566516444373,17.91165938383996,17.18159037766078,0.0,24.845522886701765,-6.933863502861804,0.0,0.0,20.327473987732287,0.0,0.0,0.0,Lower Priority,Lower mismatch and/or FIFA relevance relative to other Harris County tracts.
48201532004,Census Tract 5320.04; Harris County; Texas,29.84979091605066,-95.46680478114286,5291.0,0.6061661031317739,8728.63060580904,30318.0,2190.0,555.0,25.34246575342466,10,16.497128342107427,1.3130639671254412,37.17943038786428,79.17355079777373,28.42962077149171,26.148669300712076,11.030761087152204,11.030761087152204,24.31052377029378,11.86383397211538,40.680830139423094,37.005467329043675,8.996222931335462,High-Intensity / Mobility Gap,"High population density and mobility mismatch, combined with strong FIFA relevance."
48201532003,Census Tract 5320.03; Harris County; Texas,29.859753377424774,-95.47241041323957,4018.0,0.390279011693558,10295.198767067908,32738.0,1576.0,51.0,3.236040609137056,6,15.373616874665865,2.8462030859429617,44.19380201703537,10.109861764992166,26.493465321318045,45.51246719542498,-1.3186651783896153,0.0,0.0,12.618316293360294,36.90841853319853,33.78393256963438,0.0,Established Urban Hub,High urban activity with comparatively balanced mobility capacity.
48201541207,Census Tract 5412.07; Harris County; Texas,29.899601313601295,-95.67626783000362,4262.0,0.8748125101261808,4871.901065275415,170938.0,1440.0,0.0,0.0,0,0.0,90.39985028453029,19.91076954085325,0.0,0.0,30.0,-10.089230459146751,0.0,0.0,21.77122262491939,0.0,0.0,0.0,Lower Priority,Lower mismatch and/or FIFA relevance relative to other Harris County tracts.
48201454801,Census Tract 4548.01; Harris County; Texas,29.771416554125334,-95.74207243640022,4098.0,0.4779323098280226,8574.43599382224,67500.0,1778.0,44.0,2.4746906636670416,1,2.0923465089854174,24.868922940626696,36.48901784250646,7.731293745248205,3.6057558951748523,30.204641003047932,6.284376839458531,6.284376839458531,13.85004092918691,20.80474725985543,0.0,1.0817267685524556,0.14981960018648607,Established Urban Hub,High urban activity with comparatively balanced mobility capacity.
48201552901,Census Tract 5529.01; Harris County; Texas,29.993875790041784,-95.50870127825543,5079.0,0.7489192681075139,6781.772370250816,65574.0,2446.0,22.0,0.8994276369582993,2,2.6705148140385173,23.64874693118763,28.462294733489717,2.809942820738207,4.602117523325707,32.378499420106536,-3.916204686616819,0.0,0.0,22.100415620037378,0.0,1.380635256997712,0.0,Lower Priority,Lower mismatch and/or FIFA relevance relative to other Harris County tracts.
48201240703,Census Tract 2407.03; Harris County; Texas,30.00076056402104,-95.41269400253285,6277.0,0.8415281874468707,7459.049017768396,69746.0,1764.0,0.0,0.0,3,3.56494297487736,26.29182808974412,31.494828024367955,0.0,6.143492051830028,34.30044443628102,-2.805616411913064,0.0,0.0,21.776099590048016,0.0,1.843047615549008,0.0,Established Urban Hub,High urban activity with comparatively balanced mobility capacity.
48201240101,Census Tract 2401.01; Harris County; Texas,29.942793680126044,-95.3917008827679,2243.0,0.6342600544937979,3536.404325178787,35540.0,720.0,122.0,16.944444444444446,9,14.189763230766422,4.621350115251512,13.931029446393172,52.9369101655385,24.453321761356488,31.236252183287988,-17.305222736894816,0.0,0.0,17.818425505374208,10.907872473128965,14.971507259597221,0.0,Lower Priority,Lower mismatch and/or FIFA relevance relative to other Harris County tracts.
48201333906,Census Tract 3339.06; Harris County; Texas,29.605665552339424,-95.2580461523148,5712.0,0.7648745537071219,7467.891267026229,107406.0,1540.0,12.0,0.7792207792207793,0,0.0,50.15051371563991,31.534419549247637,2.4343991049087323,0.0,29.269680268527377,2.26473928072026,2.26473928072026,4.991223876799774,10.679037115863169,46.60481442068416,32.62337009447891,1.6283054375723882,Established Urban Hub,High urban activity with comparatively balanced mobility capacity.
48201252303,Census Tract 2523.03; Harris County; Texas,29.793679928843257,-95.14682907707898,5424.0,0.46884385111809196,11568.883727631117,102449.0,1315.0,0.0,0.0,0,0.0,47.01011263630997,49.89677739520032,0.0,0.0,30.0,19.896777395200317,19.896777395200317,43.85019999949411,17.551273621857295,12.243631890713525,8.570542323499467,3.7581999498958054,High-Intensity / Mobility Gap,"High population density and mobility mismatch, combined with strong FIFA relevance."
48201252305,Census Tract 2523.05; Harris County; Texas,29.80585663215657,-95.14974277232038,6067.0,0.9051176685501774,6702.995876456765,114609.0,1855.0,84.0,4.528301886792453,0,0.0,54.71381994408726,28.10956983023972,14.147074043620556,0.0,25.755877786913832,2.353692043325889,2.353692043325889,5.1872654946602275,17.77049207738413,11.14753961307935,7.8032777291555435,0.40477673309699164,Lower Priority,Lower mismatch and/or FIFA relevance relative to other Harris County tracts.
48201542004,Census Tract 5420.04; Harris County; Texas,29.804493214687245,-95.71250971412927,2989.0,0.5310028237239989,5628.971949786848,81719.0,1016.0,34.0,3.346456692913386,0,0.0,33.87706555652187,23.300584720884178,10.454817678233368,0.0,26.863554696529988,-3.56296997564581,0.0,0.0,19.936224522401208,0.3188773879939655,0.2232141715957758,0.0,Lower Priority,Lower mismatch and/or FIFA relevance relative to other Harris County tracts.
48201542401,Census Tract 5424.01; Harris County; Texas,29.79539164395225,-95.72452763050542,4991.0,0.47413383679228205,10526.563625507615,49947.0,1665.0,209.0,12.552552552552553,0,0.0,13.748596100707719,45.22974742889829,39.216000796092324,0.0,18.235199761172304,26.99454766772599,26.99454766772599,59.49286613676489,20.35382275240036,0.0,0.0,0.0,High-Intensity / Mobility Gap,"High population density and mobility mismatch, combined with strong FIFA relevance."
48201543004,Census Tract 5430.04; Harris County; Texas,29.95583554641565,-95.74601398216582,18217.0,13.025411531956207,1398.5738535252328,196654.0,5605.0,0.0,0.0,0,0.0,100.0,4.358807963036866,0.0,0.0,30.0,-25.641192036963133,0.0,0.0,27.475855649074923,0.0,0.0,0.0,Lower Priority,Lower mismatch and/or FIFA relevance relative to other Harris County tracts.
48201554407,Census Tract 5544.07; Harris County; Texas,29.983775767540873,-95.68701553628063,6355.0,2.4920187757783494,2550.1412998042515,114223.0,2126.0,0.0,0.0,0,0.0,54.469277919350255,9.51499728439112,0.0,0.0,30.0,-20.48500271560888,0.0,0.0,26.461188891236166,0.0,0.0,0.0,Lower Priority,Lower mismatch and/or FIFA relevance relative to other Harris County tracts.
48201423303,Census Tract 4233.03; Harris County; Texas,29.660144893762574,-95.51087999564794,1375.0,0.17487802287294707,7862.623201080957,24213.0,783.0,301.0,38.441890166028095,7,40.02789993277578,0.0,33.301847579405205,100.0,68.9803699025271,48.28625893176897,-14.984411352363765,0.0,0.0,6.26052637552091,68.69736812239545,68.78226865643494,0.0,Established Urban Hub,High urban activity with comparatively balanced mobility capacity.
48201422403,Census Tract 4224.03; Harris County; Texas,29.66177349596172,-95.49670328555773,2550.0,0.3488680107812465,7309.354601729153,81108.0,985.0,33.0,3.3502538071065993,11,31.530549262361053,33.489979605448525,30.824565286443274,10.466680415521301,54.33682394030836,64.89577263355946,-34.071207347116186,0.0,0.0,5.410283022250894,72.94858488874553,67.36505660421437,0.0,Lower Priority,Lower mismatch and/or FIFA relevance relative to other Harris County tracts.
48201541901,Census Tract 5419.01; Harris County; Texas,29.807570984541872,-95.6958895703678,2742.0,0.9767006226417883,2807.4109265779057,81125.0,883.0,33.0,3.737259343148358,0,0.0,33.500749590993934,10.666932333063636,11.675742026374271,0.0,26.49727739208772,-15.830345059024085,0.0,0.0,19.12365859582197,4.381707020890158,3.0671949146231103,0.0,Lower Priority,Lower mismatch and/or FIFA relevance relative to other Harris County tracts.
48201541301,Census Tract 5413.01; Harris County; Texas,29.872651959232027,-95.6575970365732,6232.0,1.22516585591134,5086.658242988925,87109.0,2064.0,61.0,2.955426356589147,0,0.0,37.29178450297908,20.872353397698642,9.23318200561718,0.0,27.230045398314846,-6.357692000616204,0.0,0.0,19.69617479063611,1.5191260468194523,1.0633882327736166,0.0,Lower Priority,Lower mismatch and/or FIFA relevance relative to other Harris County tracts.
48201330802,Census Tract 3308.02; Harris County; Texas,29.595392671466193,-95.38708430527387,10276.0,6.3841621256921215,1609.6082457940329,108097.0,3711.0,166.0,4.47318781999461,2,0.31327525219813795,50.588281951632844,5.303722899084148,13.974889678857187,0.5398695113715016,26.185441754302897,-20.88171885521875,0.0,0.0,6.314860802771713,68.42569598614143,48.05994804371045,0.0,Lower Priority,Lower mismatch and/or FIFA relevance relative to other Harris County tracts.
48201421602,Census Tract 4216.02; Harris County; Texas,29.702122648245343,-95.48041762655275,2868.0,0.32628489552809886,8789.864438432194,42692.0,1084.0,301.0,27.767527675276753,19,58.23131950146851,9.15234638706263,37.45360732374182,86.74979713171847,100.0,73.97506086048446,-36.52145353674264,0.0,0.0,4.362250479998599,78.188747600007,84.7321233200049,0.0,Established Urban Hub,High urban activity with comparatively balanced mobility capacity.
48201413204,Census Tract 4132.04; Harris County; Texas,29.698391237545874,-95.42426243246047,1061.0,0.08561274822656777,12393.01414775452,61635.0,713.0,195.0,27.349228611500703,5,58.4025171901721,21.153277927459442,53.58685432936009,85.44296998645305,100.0,74.36710900406409,-20.780254674704004,0.0,0.0,1.247145971806671,93.76427014096664,95.63498909867664,0.0,Established Urban Hub,High urban activity with comparatively balanced mobility capacity.
48201541703,Census Tract 5417.03; Harris County; Texas,29.80239488323747,-95.66581050966613,3705.0,4.083893264910707,907.2225348869416,76677.0,1820.0,121.0,6.648351648351649,0,0.0,30.682814549464872,2.15876277212563,20.770418004061042,0.0,23.768874598781686,-21.610111826656055,0.0,0.0,17.350946231495513,13.245268842522439,9.271688189765706,0.0,Lower Priority,Lower mismatch and/or FIFA relevance relative to other Harris County tracts.
48201555703,Census Tract 5557.03; Harris County; Texas,30.00090340252172,-95.74831717039815,6280.0,1.4847523757555485,4229.661526424085,155971.0,2124.0,10.0,0.4708097928436911,0,0.0,80.91782830463697,17.0351163060584,1.4708783041272158,0.0,29.558736508761836,-12.523620202703437,0.0,0.0,29.76591716033104,0.0,0.0,0.0,Lower Priority,Lower mismatch and/or FIFA relevance relative to other Harris County tracts.
48201542901,Census Tract 5429.01; Harris County; Texas,29.814730344988238,-95.7618657255336,9563.0,2.1845397580863777,4377.581119593372,118148.0,3632.0,122.0,3.359030837004405,0,0.0,56.95587752321751,17.69743220356228,10.494101134137587,0.0,26.85176965975872,-9.15433745619644,0.0,0.0,22.936504675945045,0.0,0.0,0.0,Lower Priority,Lower mismatch and/or FIFA relevance relative to other Harris County tracts.
48201330902,Census Tract 3309.02; Harris County; Texas,29.60635139118392,-95.40479736168635,3665.0,2.102439767298229,1743.2128411030592,37140.0,1063.0,23.0,2.1636876763875823,7,3.3294651808243967,5.634995813643261,5.901942820845764,6.759675156464981,5.7376914636182015,31.988481477593247,-26.086538656747482,0.0,0.0,5.409537862658079,72.95231068670961,52.78792491978218,0.0,Lower Priority,Lower mismatch and/or FIFA relevance relative to other Harris County tracts.
48201542902,Census Tract 5429.02; Harris County; Texas,29.84433505849739,-95.80411210044217,42523.0,18.711844585924688,2272.5178057531753,132015.0,12699.0,492.0,3.8743208126624142,0,0.0,65.74101808546651,8.271926980512125,12.103942002042471,0.0,26.368817399387257,-18.096890418875134,0.0,0.0,26.08384289649822,0.0,0.0,0.0,Lower Priority,Lower mismatch and/or FIFA relevance relative to other Harris County tracts.
48201542303,Census Tract 5423.03; Harris County; Texas,29.811193437684462,-95.72771596318651,3640.0,0.5235383106928978,6952.690807254384,117593.0,1289.0,0.0,0.0,0,0.0,56.60426917158787,29.227588874573684,0.0,0.0,30.0,-0.7724111254263164,0.0,0.0,20.95920293682483,0.0,0.0,0.0,Lower Priority,Lower mismatch and/or FIFA relevance relative to other Harris County tracts.
48201555404,Census Tract 5554.04; Harris County; Texas,30.080324349791603,-95.61588087417634,3985.0,2.812716000868022,1416.7800797415039,49883.0,1908.0,317.0,16.61425576519916,0,0.0,13.708050272772049,4.440327069452932,51.90535268319116,0.0,14.428394195042651,-9.988067125589719,0.0,0.0,29.913943215974648,0.0,0.0,0.0,Lower Priority,Lower mismatch and/or FIFA relevance relative to other Harris County tracts.
48201422501,Census Tract 4225.01; Harris County; Texas,29.674794824423085,-95.50101517606896,3734.0,0.32660574642184764,11432.744343625613,50911.0,1431.0,124.0,8.665269042627532,10,30.617954857058418,14.359317633988747,49.28720785561917,27.071561441496122,52.76414339112955,58.81343194134185,-9.526224085722674,0.0,0.0,5.476340298822954,72.61829850588522,66.66205197145851,0.0,Established Urban Hub,High urban activity with comparatively balanced mobility capacity.
48201411901,Census Tract 4119.01; Harris County; Texas,29.728906507714687,-95.40184967255757,2200.0,0.3741577021657767,5879.873612825572,239519.0,893.0,0.0,0.0,11,29.399368064127863,100.0,24.424006957115786,0.0,50.66414394384766,65.46490076069335,-41.04089380357757,0.0,0.0,3.0918171242180943,84.54091437890952,74.37788324839096,0.0,Lower Priority,Lower mismatch and/or FIFA relevance relative to other Harris County tracts.
48201541604,Census Tract 5416.04; Harris County; Texas,29.839104741373475,-95.68056959669808,10089.0,2.809073513104333,3591.5756397740383,110368.0,3439.0,72.0,2.0936318697295726,0,0.0,52.027025314787636,14.178061215205592,6.540810622086853,0.0,28.037756813373942,-13.85969559816835,0.0,0.0,19.400940576637314,2.9952971168134335,2.0967079817694034,0.0,Lower Priority,Lower mismatch and/or FIFA relevance relative to other Harris County tracts.
48201330102,Census Tract 3301.02; Harris County; Texas,29.634767780436125,-95.41651375025876,2022.0,0.5481635202625764,3688.680339456809,40818.0,712.0,73.0,10.252808988764045,6,10.945638989486081,7.965113862821295,14.612851393736134,32.03126724881082,18.862698957035047,33.59450909528129,-18.981657701545153,0.0,0.0,3.4578620886253475,82.71068955687326,63.55629237692179,0.0,Lower Priority,Lower mismatch and/or FIFA relevance relative to other Harris County tracts.
48201251505,Census Tract 2515.05; Harris County; Texas,30.056813836252996,-95.17197839180513,3839.0,1.0028629049046245,3828.040683551957,171600.0,1484.0,12.0,0.8086253369272237,1,0.9971452679218434,90.81924619223986,15.236842911007242,2.5262632220750993,1.7183876631879396,30.444992397609028,-15.208149486601785,0.0,0.0,29.371172557771867,0.0,0.5155162989563818,0.0,Lower Priority,Lower mismatch and/or FIFA relevance relative to other Harris County tracts.
48201542001,Census Tract 5420.01; Harris County; Texas,29.81928830754652,-95.71225785399044,4304.0,0.5846814485196795,7361.273409472874,88035.0,1320.0,49.0,3.7121212121212124,0,0.0,37.8784319509233,31.05703382567702,11.597206846995768,0.0,26.52083794590127,4.53619587977575,4.53619587977575,9.997251947595867,20.36475452227426,0.0,0.0,0.0,Lower Priority,Lower mismatch and/or FIFA relevance relative to other Harris County tracts.
48201542402,Census Tract 5424.02; Harris County; Texas,29.7927912437182,-95.73885987931197,5263.0,1.7063954781733153,3084.279152939391,81355.0,1994.0,41.0,2.0561685055165495,0,0.0,33.64646116013775,11.906620895640012,6.423769620692801,0.0,28.072869113792162,-16.16624821815215,0.0,0.0,21.091704329174938,0.0,0.0,0.0,Lower Priority,Lower mismatch and/or FIFA relevance relative to other Harris County tracts.
48201330901,Census Tract 3309.01; Harris County; Texas,29.62141578573588,-95.39981154642123,10349.0,1.7180163809411257,6023.807522912464,83794.0,4161.0,272.0,6.536890170632059,7,4.074466389060514,35.19163732162367,25.06847679912882,20.422196128017497,7.0215574423046645,28.788431371208013,-3.7199545720791924,0.0,0.0,4.408953223505388,77.95523388247307,56.67513095042254,0.0,Lower Priority,Lower mismatch and/or FIFA relevance relative to other Harris County tracts.
48201541402,Census Tract 5414.02; Harris County; Texas,29.853756190936323,-95.65741087516103,2374.0,0.38499790636901443,6166.2672984111205,70298.0,814.0,0.0,0.0,0,0.0,26.64153585568927,25.70634614453468,0.0,0.0,30.0,-4.293653855465319,0.0,0.0,18.857952318080343,5.710238409598278,3.9971668867187944,0.0,Lower Priority,Lower mismatch and/or FIFA relevance relative to other Harris County tracts.
48201540504,Census Tract 5405.04; Harris County; Texas,29.84645712461091,-95.64308445578823,3408.0,0.4277011912059675,7968.1798182292505,55045.0,1201.0,75.0,6.244796003330558,0,0.0,16.97832470720843,33.774481556596,19.50965144441844,0.0,24.147104566674468,9.627376989921533,9.627376989921533,21.217627261609948,17.870879421260167,10.645602893699168,7.451922025589417,1.5811210392153765,High-Intensity / Mobility Gap,"High population density and mobility mismatch, combined with strong FIFA relevance."
48201421802,Census Tract 4218.02; Harris County; Texas,29.68566097286407,-95.48086163962022,2399.0,0.33251735657129106,7214.6609871345445,89079.0,948.0,166.0,17.51054852320675,13,39.09570355679411,38.53983576912392,30.40057083787595,54.70550168590614,67.37390913528716,60.75008588892916,-30.349515051053213,0.0,0.0,4.221418089656591,78.89290955171704,75.43720942678807,0.0,Lower Priority,Lower mismatch and/or FIFA relevance relative to other Harris County tracts.
48201410705,Census Tract 4107.05; Harris County; Texas,29.736603295807956,-95.39407628387902,1123.0,0.18491474848425796,6073.068855811696,,399.0,11.0,2.756892230576441,11,59.486872140631036,,25.289046388405968,8.612932505671246,100.0,97.41612024829863,-72.12707385989266,0.0,0.0,3.7130600681040407,81.4346996594798,87.00428976163586,0.0,Lower Priority,Lower mismatch and/or FIFA relevance relative to other Harris County tracts.
48201542104,Census Tract 5421.04; Harris County; Texas,29.837111025412945,-95.71060440249032,7914.0,0.8352463053273851,9475.049395038042,87566.0,2408.0,13.0,0.5398671096345514,0,0.0,37.58130705558222,40.52155038501835,1.6866234108621543,0.0,29.494012976741352,11.027537408276999,11.027537408276999,24.303419154274604,20.865155684764396,0.0,0.0,0.0,High-Intensity / Mobility Gap,"High population density and mobility mismatch, combined with strong FIFA relevance."
48201542203,Census Tract 5422.03; Harris County; Texas,29.86235922398531,-95.73728508939708,12427.0,3.091475195598973,4019.7637741655144,91030.0,3703.0,97.0,2.619497704563867,0,0.0,39.77584999260036,16.095290721140227,8.183692013035971,0.0,27.54489239608921,-11.449601674948983,0.0,0.0,23.135339415145438,0.0,0.0,0.0,Lower Priority,Lower mismatch and/or FIFA relevance relative to other Harris County tracts.
48201541302,Census Tract 5413.02; Harris County; Texas,29.87235576538626,-95.67613916438776,7451.0,0.8238728940432003,9043.870788652626,76314.0,2049.0,25.0,1.2201073694485114,0,0.0,30.452843681642243,38.59093092106538,3.8117929697001047,0.0,28.856462109089968,9.734468811975411,9.734468811975411,21.45364527206955,20.536252939060034,0.0,0.0,0.0,High-Intensity / Mobility Gap,"High population density and mobility mismatch, combined with strong FIFA relevance."
48201423304,Census Tract 4233.04; Harris County; Texas,29.66075425111858,-95.52034994035826,3435.0,0.6148476101666008,5586.750185251989,50689.0,1372.0,201.0,14.650145772594753,8,13.011354143236074,14.21867429333689,23.111535080650928,45.769187253003466,22.42256084482429,31.965036415475964,-8.853501334825037,0.0,0.0,6.800545955792337,65.99727022103832,52.92485740817411,0.0,Lower Priority,Lower mismatch and/or FIFA relevance relative to other Harris County tracts.
48201331603,Census Tract 3316.03; Harris County; Texas,29.62676784992898,-95.34994918233386,4532.0,0.8354181207879365,5424.828462812824,52944.0,1486.0,43.0,2.8936742934051143,21,25.137113353722267,15.647281199507763,22.38652408903783,9.040259574195616,43.31896952709484,57.611200796707706,-35.22467670766987,0.0,0.0,5.412367138705338,72.93816430647331,64.05240587265976,0.0,Lower Priority,Lower mismatch and/or FIFA relevance relative to other Harris County tracts.
48201454504,Census Tract 4545.04; Harris County; Texas,29.76254366289294,-95.69823628892502,5223.0,2.7745127366888815,1882.492709776909,119083.0,2415.0,51.0,2.111801242236025,0,0.0,57.54822672821519,6.5255740061977345,6.597574385767143,0.0,28.020727684269854,-21.49515367807212,0.0,0.0,18.105280233843207,9.473598830783969,6.631519181548778,0.0,Lower Priority,Lower mismatch and/or FIFA relevance relative to other Harris County tracts.
48201542103,Census Tract 5421.03; Harris County; Texas,29.856403364836876,-95.69551655880609,9503.0,1.449835613149921,6554.53619279894,93578.0,2877.0,0.0,0.0,0,0.0,41.39008076728922,27.444835655961374,0.0,0.0,30.0,-2.5551643440386265,0.0,0.0,20.81095171876865,0.0,0.0,0.0,Lower Priority,Lower mismatch and/or FIFA relevance relative to other Harris County tracts.
48201451604,Census Tract 4516.04; Harris County; Texas,29.767044093307604,-95.63390870934893,3561.0,0.7739977616113213,4600.78849916394,120147.0,1680.0,140.0,8.333333333333332,2,2.5839868009906994,58.2223011176457,18.696852177362384,26.034545983051714,4.4530031716611616,25.3067384252473,-6.609886247884916,0.0,0.0,14.573093104618481,27.13453447690759,20.33007508533366,0.0,Lower Priority,Lower mismatch and/or FIFA relevance relative to other Harris County tracts.
48201550901,Census Tract 5509.01; Harris County; Texas,29.95391926709344,-95.48886438769529,5599.0,0.6414373075189433,8728.834344944376,76438.0,1615.0,80.0,4.953560371517028,7,10.9129916796947,30.531401223267608,37.18034263799549,15.47564343264994,18.806437611585647,38.52181329831497,-1.3414706603194801,0.0,0.0,19.134088849567927,4.329555752160363,8.672620309987948,0.0,Established Urban Hub,High urban activity with comparatively balanced mobility capacity.
48201334101,Census Tract 3341.01; Harris County; Texas,29.65779885475232,-95.40443684846515,9558.0,6.000881215622146,1592.7660716092123,79638.0,4977.0,233.0,4.681535061281897,47,7.832183026326949,32.558692620051104,5.228311390222236,14.625796778905489,13.49725774291606,35.06034138636959,-29.83202999614736,0.0,0.0,1.8912939160732967,90.54353041963353,67.42964861661828,0.0,Lower Priority,Lower mismatch and/or FIFA relevance relative to other Harris County tracts.
48201240705,Census Tract 2407.05; Harris County; Texas,30.01471917392095,-95.40979044947866,5463.0,1.1788807013495888,4634.056689320581,79178.0,1543.0,39.0,2.5275437459494494,8,6.786098025730303,32.26726948176348,18.84581183003469,7.896414465371489,11.694531883907,35.81724797912345,-16.97143614908876,0.0,0.0,22.737552259406694,0.0,3.5083595651721002,0.0,Lower Priority,Lower mismatch and/or FIFA relevance relative to other Harris County tracts.
48201250306,Census Tract 2503.06; Harris County; Texas,29.967486886805624,-95.20942716135798,3936.0,0.8302760122404682,4740.592215086226,78750.0,1406.0,6.0,0.42674253200568996,0,0.0,31.996119257443684,19.322828909731278,1.3332057686911267,0.0,29.60003826939266,-10.27720935966138,0.0,0.0,22.928997640305276,0.0,0.0,0.0,Lower Priority,Lower mismatch and/or FIFA relevance relative to other Harris County tracts.
48201553202,Census Tract 5532.02; Harris County; Texas,30.03143901813722,-95.4455173012295,4856.0,0.7412991559065202,6550.6617150557695,51086.0,1927.0,181.0,9.392838609237156,0,0.0,14.470185132250343,27.427487526826855,29.3445946420282,0.0,21.19662160739154,6.230865919435317,6.230865919435317,13.732109040089084,23.981039227629704,0.0,0.0,0.0,Lower Priority,Lower mismatch and/or FIFA relevance relative to other Harris County tracts.
48201241502,Census Tract 2415.02; Harris County; Texas,29.94665212054481,-95.29839693633436,2390.0,0.5324456874904719,4488.720739320043,30217.0,824.0,79.0,9.587378640776699,0,0.0,1.249077582414462,18.195064298204862,29.95236600962746,0.0,21.01429019711176,-2.819225898906897,0.0,0.0,19.267165370881585,3.6641731455920756,2.5649212019144527,0.0,Lower Priority,Lower mismatch and/or FIFA relevance relative to other Harris County tracts.
48201250406,Census Tract 2504.06; Harris County; Texas,29.984966525308838,-95.18667766024735,4836.0,0.8438780051837601,5730.6861540335185,127372.0,1547.0,99.0,6.399482870071105,0,0.0,62.79954497444595,23.756014140551585,19.992915725834155,0.0,24.002125282249754,-0.24611114169816872,0.0,0.0,24.67765617341654,0.0,0.0,0.0,Lower Priority,Lower mismatch and/or FIFA relevance relative to other Harris County tracts.
48201554805,Census Tract 5548.05; Harris County; Texas,30.03090638511307,-95.5820407177092,8907.0,1.5264738028033282,5835.016613873447,101542.0,2482.0,0.0,0.0,0,0.0,46.43550223103415,24.223157949328787,0.0,0.0,30.0,-5.776842050671213,0.0,0.0,25.978878055607023,0.0,0.0,0.0,Lower Priority,Lower mismatch and/or FIFA relevance relative to other Harris County tracts.
48201551704,Census Tract 5517.04; Harris County; Texas,29.90242012384953,-95.57703998805714,3988.0,0.8183856101659951,4873.008457701382,116417.0,1475.0,68.0,4.610169491525424,0,0.0,55.85923958326994,19.91572793475347,14.402840354013696,0.0,25.679147893795893,-5.763419959042423,0.0,0.0,18.02658653019526,9.867067349023696,6.906947144316587,0.0,Lower Priority,Lower mismatch and/or FIFA relevance relative to other Harris County tracts.
48201552003,Census Tract 5520.03; Harris County; Texas,29.92115249210635,-95.59347423104208,4478.0,1.0301603275135753,4346.896187322832,92610.0,1763.0,275.0,15.598411798071469,0,0.0,40.77682511976221,17.560039191445558,48.731708306336174,0.0,15.380487508099147,2.1795516833464106,2.1795516833464106,4.803480248365715,19.648131348879886,1.759343255600565,1.2315402789203955,0.05915679404860923,Lower Priority,Lower mismatch and/or FIFA relevance relative to other Harris County tracts.
48201241002,Census Tract 2410.02; Harris County; Texas,30.05449181742395,-95.33923749693264,5504.0,5.262342690149204,1045.9220016786753,83402.0,1726.0,34.0,1.9698725376593278,0,0.0,34.943294125517696,2.779795184825308,6.154168459493106,0.0,28.153749462152067,-25.37395427732676,0.0,0.0,25.836141910546413,0.0,0.0,0.0,Lower Priority,Lower mismatch and/or FIFA relevance relative to other Harris County tracts.
48201550407,Census Tract 5504.07; Harris County; Texas,29.979490424167466,-95.45923111041225,6268.0,1.1559481636429603,5422.388474796702,81477.0,1701.0,158.0,9.288653733098178,0,0.0,33.72375164464012,22.375598945058112,29.01910592819874,0.0,21.294268221540378,1.081330723517734,1.081330723517734,2.383128058882971,20.518708581025496,0.0,0.0,0.0,Lower Priority,Lower mismatch and/or FIFA relevance relative to other Harris County tracts.
48201550405,Census Tract 5504.05; Harris County; Texas,29.993947554489825,-95.4715365910139,7219.0,1.4695685222687083,4912.326230869021,51005.0,2365.0,169.0,7.145877378435518,6,4.082831054884904,14.418869318769262,20.091774837435093,22.324760783775428,7.035972331510607,28.227752396924792,-8.1359775594897,0.0,0.0,21.617810848192363,0.0,2.110791699453182,0.0,Lower Priority,Lower mismatch and/or FIFA relevance relative to other Harris County tracts.
48201550303,Census Tract 5503.03; Harris County; Texas,29.97640222254524,-95.42703274028877,3375.0,0.5679852328778285,5942.055892720629,38340.0,1713.0,252.0,14.711033274956216,4,7.04243661359482,6.395230087437073,24.702430603605936,45.95940867060618,12.136282029202707,24.70757481926004,-0.005144215654102169,0.0,0.0,20.121523205024733,0.0,3.640884608760812,0.0,Lower Priority,Lower mismatch and/or FIFA relevance relative to other Harris County tracts.
48201240706,Census Tract 2407.06; Harris County; Texas,29.97965754789371,-95.3989204507336,11268.0,2.022343646712916,5571.753355724099,86116.0,3153.0,78.0,2.47383444338725,5,2.4723790183369267,36.6626906414147,23.044386176332956,7.728618788498702,4.260668671365427,30.663882433406187,-7.61949625707323,0.0,0.0,20.33403446722617,0.0,1.278200601409628,0.0,Lower Priority,Lower mismatch and/or FIFA relevance relative to other Harris County tracts.
48201454503,Census Tract 4545.03; Harris County; Texas,29.77165686136037,-95.70905824581035,2700.0,0.5603106802724803,4818.755192542438,151397.0,1077.0,11.0,1.021355617455896,0,0.0,78.02006866435956,19.67280676902839,3.1908635745244447,0.0,29.042740927642665,-9.369934158614274,0.0,0.0,18.91658912919709,5.417054354014561,3.7919380478101923,0.0,Lower Priority,Lower mismatch and/or FIFA relevance relative to other Harris County tracts.
48201555101,Census Tract 5551.01; Harris County; Texas,30.077362177326094,-95.48233169152856,5214.0,1.3467922829759544,3871.4210542392084,79000.0,2022.0,13.0,0.6429277942631058,0,0.0,32.15450139781739,15.431080256650128,2.008599986822981,0.0,29.3974200039531,-13.966339747302973,0.0,0.0,27.39383420451977,0.0,0.0,0.0,Lower Priority,Lower mismatch and/or FIFA relevance relative to other Harris County tracts.
48201521401,Census Tract 5214.01; Harris County; Texas,29.82925905021228,-95.50241514196011,3298.0,0.22760490584782056,14490.02159120895,46444.0,931.0,57.0,6.122448979591836,1,4.393578408492708,11.529345549791282,62.97628907039764,19.12742153856861,7.571485496930154,29.561813386280523,33.41447568411712,33.41447568411712,73.64164620850737,11.384183719692077,43.07908140153962,32.42680263015678,23.87963126963102,High-Intensity / Mobility Gap,"High population density and mobility mismatch, combined with strong FIFA relevance."
48201530101,Census Tract 5301.01; Harris County; Texas,29.8150191418762,-95.4510016978911,3296.0,0.3395146859905558,9707.974753385732,43353.0,1561.0,212.0,13.581037796284434,11,32.39918758714899,9.571108766210722,41.564482997663575,42.429138360591665,55.83375465753343,56.3548867520959,-14.790403754432326,0.0,0.0,9.299821746044588,53.500891269777064,54.20075028610397,0.0,Established Urban Hub,High urban activity with comparatively balanced mobility capacity.
48201453902,Census Tract 4539.02; Harris County; Texas,29.678442188847725,-95.6223660544245,3752.0,0.36660979106843045,10234.314771204954,53021.0,1108.0,0.0,0.0,0,0.0,15.696062898742866,43.921191489250546,0.0,0.0,30.0,13.921191489250546,13.921191489250546,30.680698633244464,12.74202578342324,36.28987108288379,25.40290975801865,7.793790186932752,High-Intensity / Mobility Gap,"High population density and mobility mismatch, combined with strong FIFA relevance."
48201550403,Census Tract 5504.03; Harris County; Texas,29.97018966578781,-95.43374729344342,2928.0,0.6321430563585096,4631.8629470786,13491.0,1177.0,339.0,28.802039082412918,12,18.98304486507623,0.0,18.83598926136235,89.98176130760783,32.71361872265029,25.905004713572854,-7.069015452210504,0.0,0.0,19.718254966787438,1.4087251660628075,10.800193233039051,0.0,Lower Priority,Lower mismatch and/or FIFA relevance relative to other Harris County tracts.
48201541802,Census Tract 5418.02; Harris County; Texas,29.79158197461479,-95.70018892064519,4140.0,1.3580460025909913,3048.4976150302487,61139.0,1932.0,131.0,6.780538302277432,0,0.0,20.839047760958,11.746407627832813,21.18338834645823,0.0,23.64498349606253,-11.898575868229717,0.0,0.0,18.901206383823506,5.493968080882472,3.84577765661773,0.0,Lower Priority,Lower mismatch and/or FIFA relevance relative to other Harris County tracts.
48201250102,Census Tract 2501.02; Harris County; Texas,29.970969426766988,-95.24722981963801,5534.0,2.331413019195924,2373.6677947816424,79890.0,1538.0,0.0,0.0,0,0.0,32.7183418175478,8.724830103962624,0.0,0.0,30.0,-21.275169896037376,0.0,0.0,22.031715313835292,0.0,0.0,0.0,Lower Priority,Lower mismatch and/or FIFA relevance relative to other Harris County tracts.
48201543007,Census Tract 5430.07; Harris County; Texas,29.94726103073004,-95.70313859080036,23471.0,8.662897682989465,2709.370566166081,173796.0,6862.0,117.0,1.7050422617312737,0,0.0,92.21047491328255,10.227952696177748,5.3268001399307225,0.0,28.401959958020782,-18.174007261843034,0.0,0.0,25.219864184654597,0.0,0.0,0.0,Lower Priority,Lower mismatch and/or FIFA relevance relative to other Harris County tracts.
48201543008,Census Tract 5430.08; Harris County; Texas,29.887812735801102,-95.69019027600218,5255.0,0.908625020558377,5783.463894457415,93657.0,1528.0,105.0,6.871727748691099,0,0.0,41.440129523647315,23.99232858523151,21.46827744675731,0.0,23.559516765972806,0.4328118192587027,0.4328118192587027,0.9538672750702468,21.864063090014355,0.0,0.0,0.0,Lower Priority,Lower mismatch and/or FIFA relevance relative to other Harris County tracts.
48201553101,Census Tract 5531.01; Harris County; Texas,30.02257061444709,-95.46639554327989,3508.0,0.7209415334952112,4865.859209127257,95049.0,1475.0,53.0,3.593220338983051,0,0.0,42.322001281248134,19.88371688818149,11.22574321709891,0.0,26.632277034870327,-6.748560146688838,0.0,0.0,23.51790861403749,0.0,0.0,0.0,Lower Priority,Lower mismatch and/or FIFA relevance relative to other Harris County tracts.
48201541009,Census Tract 5410.09; Harris County; Texas,29.912337796155978,-95.65922889749008,4861.0,0.852528237943745,5701.863919164116,106029.0,1694.0,63.0,3.71900826446281,0,0.0,49.27814488646151,23.62696143058537,11.618723000700767,0.0,26.514383099789768,-2.8874216692043966,0.0,0.0,21.658100339178773,0.0,0.0,0.0,Lower Priority,Lower mismatch and/or FIFA relevance relative to other Harris County tracts.
48201240906,Census Tract 2409.06; Harris County; Texas,30.02398893767719,-95.317805213614,8525.0,1.4231806645327847,5990.103865554321,90283.0,2632.0,41.0,1.5577507598784195,0,0.0,39.302604157163714,24.917567324636316,4.866640054582616,0.0,28.540007983625213,-3.6224406589888964,0.0,0.0,24.032087021498963,0.0,0.0,0.0,Lower Priority,Lower mismatch and/or FIFA relevance relative to other Harris County tracts.
48201540904,Census Tract 5409.04; Harris County; Texas,29.888611520142565,-95.63512172289708,3804.0,1.1934599188561517,3187.3713896029867,95553.0,1831.0,0.0,0.0,0,0.0,42.64129967624154,12.368220510596966,0.0,0.0,30.0,-17.631779489403034,0.0,0.0,19.476274530550764,2.618627347246183,1.8330391430723278,0.0,Lower Priority,Lower mismatch and/or FIFA relevance relative to other Harris County tracts.
48201452701,Census Tract 4527.01; Harris County; Texas,29.696307287499582,-95.6189990338067,4022.0,0.5514874737454684,7293.003361770462,73542.0,1262.0,35.0,2.77337559429477,5,9.066389062370042,28.69670250917854,30.75135195522388,8.66442893255287,15.624173944994224,38.33759308173009,-7.586241126506213,0.0,0.0,12.556526616405234,37.21736691797383,30.739409026079944,0.0,Lower Priority,Lower mismatch and/or FIFA relevance relative to other Harris County tracts.
48201522102,Census Tract 5221.02; Harris County; Texas,29.81577811561962,-95.5314944545228,4532.0,0.5438017241775224,8333.919880181444,92833.0,1260.0,47.0,3.7301587301587302,9,16.55014980618557,40.91810198897556,35.412097319287874,11.653558678127911,28.52099304460687,46.46862752778644,-11.056530208498565,0.0,0.0,11.588931243196514,42.05534378401743,37.99503856219426,0.0,Established Urban Hub,High urban activity with comparatively balanced mobility capacity.
48201522001,Census Tract 5220.01; Harris County; Texas,29.82809364554321,-95.53940961568327,2213.0,0.431790013064932,5125.176435396647,91411.0,1103.0,160.0,14.505893019038984,5,11.579702746038517,40.01722437452989,21.04482014553205,45.31852065952792,19.95538562164218,30.37321373729115,-9.328393591759099,0.0,0.0,12.549165350230075,37.25417324884963,32.06453696068739,0.0,Lower Priority,Lower mismatch and/or FIFA relevance relative to other Harris County tracts.
48201554410,Census Tract 5544.10; Harris County; Texas,29.96226687855061,-95.65148549943777,4586.0,1.3645228663005406,3360.8817508741686,102424.0,1578.0,25.0,1.5842839036755387,0,0.0,46.9942744222726,13.145120096306526,4.949533456853939,0.0,28.515139962943817,-15.370019866637291,0.0,0.0,23.97993961009231,0.0,0.0,0.0,Lower Priority,Lower mismatch and/or FIFA relevance relative to other Harris County tracts.
48201555503,Census Tract 5555.03; Harris County; Texas,30.038371732898405,-95.65507586955049,13991.0,8.989952852323857,1556.2929227580319,141206.0,4610.0,0.0,0.0,0,0.0,71.5637790941656,5.065001406746848,0.0,0.0,30.0,-24.93499859325315,0.0,0.0,28.447134467362964,0.0,0.0,0.0,Lower Priority,Lower mismatch and/or FIFA relevance relative to other Harris County tracts.
48201232405,Census Tract 2324.05; Harris County; Texas,29.819660812127438,-95.19585516377795,6431.0,4.122122784036629,1560.1184964467218,61615.0,1994.0,66.0,3.3099297893681046,0,0.0,21.140607356229545,5.08213056602051,10.340702316237193,0.0,26.89778930512884,-21.81565873910833,0.0,0.0,15.914024610992692,20.42987694503654,14.300913861525578,0.0,Lower Priority,Lower mismatch and/or FIFA relevance relative to other Harris County tracts.
48201220701,Census Tract 2207.01; Harris County; Texas,29.841311539599396,-95.35070202878104,3498.0,0.7909406965324809,4422.581889306477,59821.0,989.0,163.0,16.48129423660263,7,8.850221047783116,20.0040571169078,17.898924950684638,51.489961519564375,15.251650039609638,25.229166571857434,-7.330241621172796,0.0,0.0,11.376626109693206,43.116869451533965,34.75730362795667,0.0,Lower Priority,Lower mismatch and/or FIFA relevance relative to other Harris County tracts.
48201320202,Census Tract 3202.02; Harris County; Texas,29.68952933639613,-95.27082293064268,3033.0,0.7562420816464299,4010.620505799934,39617.0,1347.0,60.0,4.4543429844097995,18,23.80190211157231,7.204246060465988,16.05435137116015,13.916015670228091,41.01799032168566,54.537788524111534,-38.48343715295138,0.0,0.0,8.420879818181822,57.895600909090895,52.83231773286933,0.0,Lower Priority,Lower mismatch and/or FIFA relevance relative to other Harris County tracts.
48201320201,Census Tract 3202.01; Harris County; Texas,29.701034710445736,-95.26766778511379,2983.0,0.7840124793995953,3804.7863757020955,36592.0,775.0,115.0,14.838709677419354,4,5.101959605366538,5.287822161944087,15.132720817074855,46.358288331111446,8.79224394477319,22.2470842620078,-7.114363444932945,0.0,0.0,8.676890328505477,56.61554835747261,42.26855703366278,0.0,Lower Priority,Lower mismatch and/or FIFA relevance relative to other Harris County tracts.
48201313802,Census Tract 3138.02; Harris County; Texas,29.68750626126149,-95.37475243353396,2707.0,0.504728957937344,5363.274600020159,43348.0,1063.0,80.0,7.525870178739416,22,43.58775072051847,9.567941123403248,22.110914205270117,23.51191358770428,75.1150865513819,75.52698650965604,-53.41607230438592,0.0,0.0,2.1711340611740484,89.14432969412975,84.9355567513054,0.0,Lower Priority,Lower mismatch and/or FIFA relevance relative to other Harris County tracts.
48201430102,Census Tract 4301.02; Harris County; Texas,29.77429590947177,-95.46951696236182,3009.0,1.111989274586427,2705.9613512181695,135739.0,1393.0,16.0,1.148600143575018,26,23.38152048244347,68.1002784484733,10.212687799826762,3.5883939904852333,40.29354361510763,57.12896233342977,-46.91627453360301,0.0,0.0,7.1143749491016095,64.42812525449196,57.18775076267666,0.0,Lower Priority,Lower mismatch and/or FIFA relevance relative to other Harris County tracts.
48201510602,Census Tract 5106.02; Harris County; Texas,29.774321960231163,-95.41755696119418,4592.0,0.46157045865546936,9948.64362285285,164076.0,2691.0,48.0,1.7837235228539576,14,30.3312305574782,86.05257729555267,42.642087491207135,5.572611849215084,52.2700293287305,64.91723697534682,-22.27514948413969,0.0,0.0,6.188388916334288,69.05805541832855,64.02164759144914,0.0,Established Urban Hub,High urban activity with comparatively balanced mobility capacity.
48201510801,Census Tract 5108.01; Harris County; Texas,29.766696394933774,-95.41672194229349,4526.0,0.3364374517869725,13452.723458581539,128269.0,2356.0,0.0,0.0,9,26.75088624110337,63.36782009410682,58.3317451734714,0.0,46.09999603353585,62.269997223475094,-3.9382520500036975,0.0,0.0,5.6608529993364485,71.69573500331776,64.01701331238318,0.0,Established Urban Hub,High urban activity with comparatively balanced mobility capacity.
48201510901,Census Tract 5109.01; Harris County; Texas,29.780884158754958,-95.42084218279665,6490.0,0.5402217849635168,12013.584384491814,216490.0,2706.0,0.0,0.0,5,9.255457923337298,100.0,51.887942381249054,0.0,15.94999768264906,41.164998377854346,10.722944003394709,10.722944003394709,23.632130459762834,6.65476152892433,66.72619235537836,51.493333953559564,12.168971857986547,High-Intensity / Mobility Gap,"High population density and mobility mismatch, combined with strong FIFA relevance."
48201511004,Census Tract 5110.04; Harris County; Texas,29.794733985881322,-95.42586226999282,1842.0,0.39964700836627337,4609.0674055836325,89028.0,966.0,21.0,2.1739130434782608,17,42.537538488013986,38.50752581248768,18.733921312141806,6.791620691230883,73.30524820372982,79.2761875352416,-60.5422662230998,0.0,0.0,7.635600533896181,61.821997330519096,65.26697259248232,0.0,Lower Priority,Lower mismatch and/or FIFA relevance relative to other Harris County tracts.
48201221302,Census Tract 2213.02; Harris County; Texas,29.852320283019925,-95.36623812982634,3464.0,0.6039066332999835,5735.986010074671,52739.0,903.0,0.0,0.0,22,36.429472350358765,15.51740784440132,23.779744458052658,0.0,62.77917358397298,73.94542150878108,-50.16567705072842,0.0,0.0,11.853547666842275,40.73226166578863,47.34633524124393,0.0,Lower Priority,Lower mismatch and/or FIFA relevance relative to other Harris County tracts.
48201311501,Census Tract 3115.01; Harris County; Texas,29.70523766568382,-95.28683042550304,2464.0,0.2962056068668496,8318.546114178107,61212.0,976.0,97.0,9.938524590163935,6,20.256199953355782,20.885295345947124,35.34326066681776,31.049397053557588,34.907656108581115,45.1205401599395,-9.777279493121739,0.0,0.0,7.583982380219367,62.08008809890316,53.92835850180655,0.0,Established Urban Hub,High urban activity with comparatively balanced mobility capacity.
48201311502,Census Tract 3115.02; Harris County; Texas,29.709964972266402,-95.27956475343741,2610.0,0.6089827183783411,4285.8359050814515,35455.0,1038.0,96.0,9.248554913294797,14,22.989158111548015,4.567500187524451,17.286639334347132,28.893831380034275,39.61738269920508,49.06401847543327,-31.77737914108614,0.0,0.0,8.077427970673886,59.61286014663057,53.61421691240292,0.0,Lower Priority,Lower mismatch and/or FIFA relevance relative to other Harris County tracts.
48201511502,Census Tract 5115.02; Harris County; Texas,29.80868830064426,-95.39036778700202,5455.0,0.7089677333544928,7694.285287412976,205553.0,2253.0,0.0,0.0,30,42.31504282720243,100.0,32.548107834817465,0.0,72.92181981977103,81.04527387383972,-48.497166039022254,0.0,0.0,8.629332170650063,56.85333914674968,61.67388334865609,0.0,Established Urban Hub,High urban activity with comparatively balanced mobility capacity.
48201333203,Census Tract 3332.03; Harris County; Texas,29.65979429839142,-95.2630572616512,2171.0,0.7485822009231062,2900.1491049651654,45907.0,951.0,263.0,27.655099894847528,3,4.007575916580145,11.189140712268552,11.082171237764642,86.39855638539561,6.906284606547611,8.914832308964645,2.167338928799998,2.167338928799998,4.776564747489974,9.046939154307893,54.76530422846053,40.407598341886654,1.9300950977059015,Lower Priority,Lower mismatch and/or FIFA relevance relative to other Harris County tracts.
48201341203,Census Tract 3412.03; Harris County; Texas,29.542327208136324,-95.0969477625036,2698.0,0.47858443637380077,5637.458711450268,61250.0,1218.0,37.0,3.037766830870279,0,0.0,20.909369431283928,23.33858453583484,9.490425629289788,0.0,27.152872311213063,-3.8142877753782223,0.0,0.0,21.28149272484708,0.0,0.0,0.0,Lower Priority,Lower mismatch and/or FIFA relevance relative to other Harris County tracts.
48201311701,Census Tract 3117.01; Harris County; Texas,29.699209160188953,-95.31281785742948,3554.0,0.6251248774226836,5685.264062202618,65024.0,1174.0,99.0,8.432708688245315,4,6.3987215106388495,23.300306222365467,23.55263490678735,26.345009052696287,11.02696312942732,29.815371474790236,-6.262736568002886,0.0,0.0,5.9721329962979866,70.13933501851007,52.405623451785246,0.0,Lower Priority,Lower mismatch and/or FIFA relevance relative to other Harris County tracts.
48201313202,Census Tract 3132.02; Harris County; Texas,29.70716979036974,-95.36856975094224,2629.0,0.6533883276323077,4023.6409020754068,85802.0,1120.0,159.0,14.196428571428571,6,9.182900499221164,36.463762673105315,16.11265071650229,44.35170869255597,15.824958948088637,27.771958655895254,-11.659307939392964,0.0,0.0,2.9696155091392065,85.15192245430396,64.35383340243936,0.0,Lower Priority,Lower mismatch and/or FIFA relevance relative to other Harris County tracts.
48201313101,Census Tract 3131.01; Harris County; Texas,29.70718138879104,-95.37980918441208,2555.0,0.26307302233584673,9712.132309554006,87639.0,1137.0,29.0,2.550571679859279,9,34.2110335757284,37.62755464057134,41.58309862177405,7.968357081883903,58.95612197404307,68.87877825726497,-27.29567963549092,0.0,0.0,2.419013895375398,87.90493052312301,79.22028795839903,0.0,Established Urban Hub,High urban activity with comparatively balanced mobility capacity.
48201312601,Census Tract 3126.01; Harris County; Texas,29.72179048737309,-95.38459871482569,3366.0,0.1779764926952502,18912.610025210543,88269.0,1964.0,117.0,5.957230142566192,11,61.80591511506714,38.026677634313096,82.77860575608365,18.611253849391353,100.0,94.4166238451826,-11.63801808909895,0.0,0.0,2.999095209333084,85.00452395333457,89.50316676733419,0.0,Established Urban Hub,High urban activity with comparatively balanced mobility capacity.
48201312603,Census Tract 3126.03; Harris County; Texas,29.726781272097924,-95.37844899469135,4160.0,0.39350837014760703,10571.566745682087,78186.0,2351.0,217.0,9.230114844746916,25,63.53105015433946,31.638809148760593,45.43125070030547,28.836221922529425,100.0,91.34913342324117,-45.9178827229357,0.0,0.0,3.488277644884014,82.55861177557992,87.79102824290594,0.0,Established Urban Hub,High urban activity with comparatively balanced mobility capacity.
48201232901,Census Tract 2329.01; Harris County; Texas,29.80019807754781,-95.19963513592708,4348.0,0.9282888173907852,4683.887081847293,53601.0,1655.0,110.0,6.646525679758309,3,3.231752816361978,16.063509464409876,19.06892940656513,20.764713412464214,5.56930303814527,27.669098102962423,-8.600168696397294,0.0,0.0,14.977777975089154,25.111110124554227,19.24856799863154,0.0,Lower Priority,Lower mismatch and/or FIFA relevance relative to other Harris County tracts.
48201232802,Census Tract 2328.02; Harris County; Texas,29.78463761416911,-95.20829516170458,2832.0,0.4079605600440093,6941.847515099239,63429.0,948.0,61.0,6.434599156118144,0,0.0,22.28982816678119,29.179037600048392,20.102624113495633,0.0,23.96921276595131,5.209824834097084,5.209824834097084,11.48185238241634,13.98229839529017,30.088508023549142,21.061955616484397,2.418302652734786,Lower Priority,Lower mismatch and/or FIFA relevance relative to other Harris County tracts.
48201541206,Census Tract 5412.06; Harris County; Texas,29.886436932593035,-95.67669401760597,4980.0,0.8591942917109804,5796.127893358019,111477.0,1587.0,0.0,0.0,0,0.0,52.729608489485415,24.049032147066228,0.0,0.0,30.0,-5.950967852933772,0.0,0.0,21.18486814974834,0.0,0.0,0.0,Lower Priority,Lower mismatch and/or FIFA relevance relative to other Harris County tracts.
48201251504,Census Tract 2515.04; Harris County; Texas,30.06587346123889,-95.17529156326258,5612.0,1.0996390248411299,5103.49294015897,149901.0,1800.0,8.0,0.4444444444444444,0,0.0,77.07230993636327,20.9477314279277,1.3885091190960916,0.0,29.58344726427117,-8.635715836343472,0.0,0.0,29.822436639076706,0.0,0.0,0.0,Lower Priority,Lower mismatch and/or FIFA relevance relative to other Harris County tracts.
48201253501,Census Tract 2535.01; Harris County; Texas,29.77534579088104,-94.98968227243523,8875.0,0.9360587372292933,9481.242626151583,75425.0,3094.0,124.0,4.0077569489334195,0,0.0,29.88963679047333,40.54928082515497,12.52081590910826,0.0,26.24375522726752,14.305525597887453,14.305525597887453,31.527726631578563,26.072528991445445,0.0,0.0,0.0,High-Intensity / Mobility Gap,"High population density and mobility mismatch, combined with strong FIFA relevance."
48201253201,Census Tract 2532.01; Harris County; Texas,29.79484244510168,-94.93439397266918,6367.0,6.728757916089096,946.2370439536695,103438.0,2275.0,59.0,2.5934065934065935,0,0.0,47.63667238362837,2.333451797660136,8.102179585055216,0.0,27.569346124483435,-25.2358943268233,0.0,0.0,29.62293751938664,0.0,0.0,0.0,Lower Priority,Lower mismatch and/or FIFA relevance relative to other Harris County tracts.
48201253602,Census Tract 2536.02; Harris County; Texas,29.755647178078274,-94.98805452863073,4180.0,0.9263822449319026,4512.176288857164,36542.0,1670.0,250.0,14.97005988023952,0,0.0,5.256145733869346,18.300087459844754,46.76864547853602,0.0,15.969406356439192,2.3306811034055617,2.3306811034055617,5.136552040031836,25.879735803895706,0.0,0.0,0.0,Lower Priority,Lower mismatch and/or FIFA relevance relative to other Harris County tracts.
48201423204,Census Tract 4232.04; Harris County; Texas,29.66906562665861,-95.53202435764351,4070.0,0.2434455191063415,16718.319626257526,28481.0,1677.0,472.0,28.14549791293977,8,32.86156191893371,0.1492719996594143,72.95358268896723,87.930631155638,56.630567692779074,43.26220803825395,29.69137465071328,29.69137465071328,65.43636141839536,7.378587113355278,63.10706443322361,61.16411541109025,40.02357161876547,High-Intensity / Mobility Gap,"High population density and mobility mismatch, combined with strong FIFA relevance."
48201433602,Census Tract 4336.02; Harris County; Texas,29.6729652708348,-95.55251085353981,4053.0,0.3010882547637774,13461.169394268909,42141.0,1662.0,156.0,9.386281588447654,8,26.570282544818966,8.803272149678971,58.36956218848061,29.32410955491746,45.788760375497716,53.25489939637316,5.1146627921074455,5.1146627921074455,11.272126229747391,8.570223441590828,57.14888279204586,53.740846067081414,6.057736005615653,Established Urban Hub,High urban activity with comparatively balanced mobility capacity.
48201251702,Census Tract 2517.02; Harris County; Texas,30.023068743822925,-95.0765702147943,3949.0,23.677287843628143,166.7843051146893,79271.0,1417.0,37.0,2.611150317572336,0,0.0,32.32618763798249,0.0,8.15761356137965,0.0,27.552715931586103,-27.552715931586103,0.0,0.0,30.757134189822114,0.0,0.0,0.0,Lower Priority,Lower mismatch and/or FIFA relevance relative to other Harris County tracts.
48201252202,Census Tract 2522.02; Harris County; Texas,29.83916734552811,-95.14833175689073,6921.0,7.41905529346511,932.8680979229512,73500.0,2000.0,92.0,4.6,0,0.0,28.670094309595758,2.273591806841457,14.371069382644547,0.0,25.688679185206635,-23.41508737836518,0.0,0.0,19.025028499659705,4.874857501701479,3.412400251191035,0.0,Lower Priority,Lower mismatch and/or FIFA relevance relative to other Harris County tracts.
48201333205,Census Tract 3332.05; Harris County; Texas,29.663038130430127,-95.27499891858515,1384.0,0.0521693514579382,26528.986106255452,35451.0,660.0,89.0,13.484848484848486,3,57.50502768696991,4.564966073278471,100.0,42.12862895439279,99.09883075964736,86.7305928454353,13.269407154564703,13.269407154564703,29.244241217813666,8.299454289849363,58.50272855075318,70.68155921342142,20.67028567288476,High-Intensity / Mobility Gap,"High population density and mobility mismatch, combined with strong FIFA relevance."
48201253202,Census Tract 2532.02; Harris County; Texas,29.79159686066942,-94.99135623637274,5206.0,7.301198767876504,713.0335942783987,53176.0,2177.0,274.0,12.586127698667893,1,0.13696380988828252,15.794259825774567,1.2892740199676773,39.320894438343615,0.23603072569932745,18.368953176486443,-17.079679156518765,0.0,0.0,26.264506996171075,0.0,0.07080921770979823,0.0,Lower Priority,Lower mismatch and/or FIFA relevance relative to other Harris County tracts.
48201452703,Census Tract 4527.03; Harris County; Texas,29.697029748443132,-95.63910546531253,4034.0,0.5484141005634705,7355.755433449374,50966.0,1297.0,85.0,6.553585196607556,13,23.704715080525997,14.394161704870964,31.032326867226782,20.474353818591176,40.85050720709403,52.45304889938847,-21.420722032161688,0.0,0.0,13.766880572636236,31.165597136818825,34.07107015790139,0.0,Lower Priority,Lower mismatch and/or FIFA relevance relative to other Harris County tracts.
48201422405,Census Tract 4224.05; Harris County; Texas,29.659491178599364,-95.50702873093425,1698.0,0.0811922646134153,20913.322323065753,18494.0,956.0,313.0,32.74058577405858,4,49.265776968352775,0.0,91.73687512939453,100.0,84.90007031394892,59.430049219764236,32.3068259096303,32.3068259096303,71.20051400021526,6.0505362105191205,69.74731894740441,74.29314435736777,52.89710064936778,High-Intensity / Mobility Gap,"High population density and mobility mismatch, combined with strong FIFA relevance."
48201251904,Census Tract 2519.04; Harris County; Texas,29.935401411932585,-95.10583655123001,7486.0,7.259105524450049,1031.2565335750703,109583.0,2253.0,12.0,0.5326231691078562,0,0.0,51.52970539401418,2.7141299645441963,1.6639922865332657,0.0,29.500802314040016,-26.78667234949582,0.0,0.0,25.17468731450234,0.0,0.0,0.0,Lower Priority,Lower mismatch and/or FIFA relevance relative to other Harris County tracts.
48201253101,Census Tract 2531.01; Harris County; Texas,29.811773453361578,-94.99117937504685,6234.0,1.1065436897423444,5633.758574369142,89524.0,2086.0,71.0,3.4036433365292424,0,0.0,38.821755978989124,23.32201702399096,10.633477074573378,0.0,26.809956877627986,-3.4879398536370267,0.0,0.0,26.695245568121972,0.0,0.0,0.0,Lower Priority,Lower mismatch and/or FIFA relevance relative to other Harris County tracts.
48201252902,Census Tract 2529.02; Harris County; Texas,29.814039955224498,-95.04652988833648,6326.0,3.853508423521381,1641.6209087248415,82860.0,1919.0,62.0,3.2308494007295465,0,0.0,34.599921645187486,5.447060878362136,10.093643674513016,0.0,26.971906897646093,-21.524846019283956,0.0,0.0,23.635659367324305,0.0,0.0,0.0,Lower Priority,Lower mismatch and/or FIFA relevance relative to other Harris County tracts.
48201433506,Census Tract 4335.06; Harris County; Texas,29.679479653287075,-95.55417475208591,1562.0,0.05001605971974698,31229.969108968064,36833.0,682.0,131.0,19.208211143695014,2,39.98715634951096,5.440502545264344,100.0,60.009246752723314,68.9101561903543,60.23433530743101,39.76566469256899,39.76566469256899,87.6389334436948,8.639324994027119,56.80337502986441,60.43540937801137,52.96494820121987,High-Intensity / Mobility Gap,"High population density and mobility mismatch, combined with strong FIFA relevance."
48201321001,Census Tract 3210.01; Harris County; Texas,29.633347560611398,-95.22862992281392,2805.0,0.5036899570287062,5568.901981978842,36717.0,1055.0,110.0,10.42654028436019,0,0.0,5.367013232130943,23.031619036289193,32.57402909727798,0.0,20.227791270816603,2.8038277654725903,2.8038277654725903,6.179312651392808,11.512410463347242,42.437947683263786,29.70656337828465,1.835661429128366,Lower Priority,Lower mismatch and/or FIFA relevance relative to other Harris County tracts.
48201314004,Census Tract 3140.04; Harris County; Texas,29.687201626379398,-95.39762203110455,2183.0,0.07218141243735171,30243.24304951344,44831.0,1202.0,396.0,32.945091514143094,5,69.26991078679212,10.5074639801001,100.0,100.0,100.0,70.0,30.0,30.0,66.11653605282642,0.805398741796299,95.9730062910185,97.18110440371295,64.25277992961576,High-Intensity / Mobility Gap,"High population density and mobility mismatch, combined with strong FIFA relevance."
48201432302,Census Tract 4323.02; Harris County; Texas,29.73083016910699,-95.54629554635426,2116.0,0.09729504123758655,21748.28206129129,47712.0,949.0,90.0,9.483667017913593,3,30.83404829105571,12.332659765766744,95.47544076869808,29.628355807898686,53.13653877124378,58.307070397501036,37.16837037119704,37.16837037119704,81.91479665573515,8.753124099950888,56.23437950024556,55.30502728154502,45.303000638076455,High-Intensity / Mobility Gap,"High population density and mobility mismatch, combined with strong FIFA relevance."
48201551102,Census Tract 5511.02; Harris County; Texas,29.974064836135746,-95.48017767487585,6546.0,1.073664774329504,6096.875073588896,87565.0,1807.0,199.0,11.01272827891533,5,4.656947046737622,37.58067352702072,25.395639681123004,34.405365693153016,8.025350578969677,25.296135697332865,0.09950398379013947,0.09950398379013947,0.21929529105535372,20.369042765785437,0.0,2.407605173690903,0.005279764773109221,Lower Priority,Lower mismatch and/or FIFA relevance relative to other Harris County tracts.
48201240707,Census Tract 2407.07; Harris County; Texas,29.981286856529007,-95.41501041842375,5251.0,1.9473629936261312,2696.466974666216,86902.0,1508.0,0.0,0.0,5,2.5675747235442925,37.16064409074964,10.170176348892399,0.0,4.42472011971431,33.09730408380002,-22.92712773490762,0.0,0.0,20.435707288453884,0.0,1.327416035914293,0.0,Lower Priority,Lower mismatch and/or FIFA relevance relative to other Harris County tracts.
48201411802,Census Tract 4118.02; Harris County; Texas,29.728188595881583,-95.41876891984681,2196.0,0.3589290608285456,6118.200613042566,113250.0,1305.0,334.0,25.593869731800766,18,50.14918535280792,53.852854629015766,25.49112563738066,79.95897341001631,86.42245438198772,66.50802604438651,-41.01690040700585,0.0,0.0,3.035252545321592,84.82373727339204,85.30335240597074,0.0,Lower Priority,Lower mismatch and/or FIFA relevance relative to other Harris County tracts.
48201533401,Census Tract 5334.01; Harris County; Texas,29.891488673280634,-95.43301443566236,4205.0,0.7921796983592436,5308.139060757759,48534.0,1415.0,153.0,10.812720848056538,3,3.787019543941326,12.853420243315504,21.864042621942108,33.78051337447559,6.526198211944438,24.43418473601843,-2.5701421140763223,0.0,0.0,14.310161974071058,28.44919012964471,21.872292554334628,0.0,Lower Priority,Lower mismatch and/or FIFA relevance relative to other Harris County tracts.
48201421203,Census Tract 4212.03; Harris County; Texas,29.723980626347814,-95.48710237555126,2358.0,0.0855803156452502,27553.06500357447,38185.0,975.0,163.0,16.71794871794872,1,11.684930026961183,6.297033160405372,100.0,52.229304556768376,20.136724557086534,28.42691582293006,71.57308417706994,71.57308417706994,100.0,5.3331659988388465,73.33417000580576,57.37493637118999,57.37493637118999,High-Intensity / Mobility Gap,"High population density and mobility mismatch, combined with strong FIFA relevance."
48201452002,Census Tract 4520.02; Harris County; Texas,29.733085263865156,-95.5992846190701,3643.0,0.3379185396671413,10780.704733124294,56033.0,1915.0,306.0,15.979112271540469,9,26.63363782545118,17.604250925965335,46.367674407855944,49.92107198421196,45.89794098953514,47.152237097411,-0.7845626895550595,0.0,0.0,11.822655984619008,40.88672007690496,42.390086350694006,0.0,Established Urban Hub,High urban activity with comparatively balanced mobility capacity.
48201451404,Census Tract 4514.04; Harris County; Texas,29.750537566478855,-95.62192103740082,3643.0,0.21711837122180774,16778.8657380739,61348.0,2051.0,244.0,11.89663578742077,4,18.423130099449793,20.971455230310422,73.22468032741286,37.16682137414697,31.74871355121578,41.074053073606954,32.1506272538059,32.1506272538059,70.85627019824138,13.489032769471235,32.55483615264383,32.312999372215415,22.89578614433299,High-Intensity / Mobility Gap,"High population density and mobility mismatch, combined with strong FIFA relevance."
48201541007,Census Tract 5410.07; Harris County; Texas,29.922894196988523,-95.67438040044595,7383.0,1.7232194936296437,4284.422284736968,127321.0,2324.0,13.0,0.5593803786574871,0,0.0,62.76723501780971,17.28030979268787,1.747585702821028,0.0,29.47572428915369,-12.195414496465819,0.0,0.0,22.812821206756617,0.0,0.0,0.0,Lower Priority,Lower mismatch and/or FIFA relevance relative to other Harris County tracts.
48201250407,Census Tract 2504.07; Harris County; Texas,29.97074871180945,-95.1906465313654,10145.0,1.632380080482887,6214.851627568825,193974.0,3272.0,0.0,0.0,0,0.0,100.0,25.92388442246844,0.0,0.0,30.0,-4.07611557753156,0.0,0.0,23.729469085452934,0.0,0.0,0.0,Lower Priority,Lower mismatch and/or FIFA relevance relative to other Harris County tracts.
48201240505,Census Tract 2405.05; Harris County; Texas,29.952050388900563,-95.3944208428562,1556.0,0.13246083973547398,11746.868003459378,26810.0,606.0,26.0,4.29042904290429,5,37.74700515250443,0.0,50.69370911236548,13.403924664541481,65.04968740566622,71.5136037846039,-20.81989467223842,0.0,0.0,18.44555464086073,7.772226795696346,24.955464978687306,0.0,Established Urban Hub,High urban activity with comparatively balanced mobility capacity.
48201554904,Census Tract 5549.04; Harris County; Texas,30.070043985570926,-95.52116912946109,3847.0,0.7028673192495222,5473.294738056091,115211.0,1266.0,0.0,0.0,0,0.0,55.09520413810716,22.6035337758457,0.0,0.0,30.0,-7.396466224154299,0.0,0.0,27.366209153652537,0.0,0.0,0.0,Lower Priority,Lower mismatch and/or FIFA relevance relative to other Harris County tracts.
48201554907,Census Tract 5549.07; Harris County; Texas,30.07810469902972,-95.53292421105967,4476.0,1.2307292019137783,3636.8682834857905,88157.0,1611.0,10.0,0.6207324643078833,0,0.0,37.95572243542567,14.380860839836398,1.9392585462235916,0.0,29.41822243613292,-15.03736159629652,0.0,0.0,28.081534677762836,0.0,0.0,0.0,Lower Priority,Lower mismatch and/or FIFA relevance relative to other Harris County tracts.
48201543006,Census Tract 5430.06; Harris County; Texas,29.909820703238506,-95.70662418350221,17618.0,4.670783989981566,3771.957777921032,145722.0,5800.0,487.0,8.39655172413793,0,0.0,74.42479407787633,14.985729456854745,26.23204943533694,0.0,22.13038516939892,-7.144655712544175,0.0,0.0,23.59824061597083,0.0,0.0,0.0,Lower Priority,Lower mismatch and/or FIFA relevance relative to other Harris County tracts.
48201555305,Census Tract 5553.05; Harris County; Texas,30.147668467155263,-95.52935704974907,12588.0,4.659444941789491,2701.6093455898836,203088.0,3986.0,52.0,1.3045659809332664,0,0.0,100.0,10.193201520478079,4.075653962223851,0.0,28.777303811332843,-18.584102290854766,0.0,0.0,32.684118510329306,0.0,0.0,0.0,Lower Priority,Lower mismatch and/or FIFA relevance relative to other Harris County tracts.
48201542107,Census Tract 5421.07; Harris County; Texas,29.872242692892765,-95.68785988752005,3822.0,0.5315769576337515,7189.927902468076,90175.0,1033.0,0.0,0.0,0,0.0,39.234183072522264,30.289827461573093,0.0,0.0,30.0,0.28982746157309336,0.28982746157309336,0.6387462604065529,21.083556296807668,0.0,0.0,0.0,Lower Priority,Lower mismatch and/or FIFA relevance relative to other Harris County tracts.
48201542201,Census Tract 5422.01; Harris County; Texas,29.87026180322344,-95.72616102871565,7542.0,0.7484953279374342,10076.215199342469,87004.0,1845.0,52.0,2.8184281842818426,0,0.0,37.225264004022115,43.21329432979011,8.80517977963375,0.0,27.358446066109874,15.854848263680235,15.854848263680235,34.94225489459022,22.869906120800852,0.0,0.0,0.0,High-Intensity / Mobility Gap,"High population density and mobility mismatch, combined with strong FIFA relevance."
48201233501,Census Tract 2335.01; Harris County; Texas,29.764227053410046,-95.23326647484754,3729.0,0.5497615970967836,6782.940132036037,42727.0,1072.0,18.0,1.6791044776119404,0,0.0,9.17451988671495,28.467523433611714,5.2457667279283315,0.0,28.426269981621502,0.04125345199021169,0.04125345199021169,0.09091784486047916,11.993958536784676,40.03020731607661,28.021145121253628,0.025476221249471097,Lower Priority,Lower mismatch and/or FIFA relevance relative to other Harris County tracts.
48201440101,Census Tract 4401.01; Harris County; Texas,29.65062273956777,-95.55958698399346,1842.0,0.867832169201892,2122.5302142164287,25323.0,818.0,187.0,22.860635696821515,10,11.522965332336748,0.0,7.600351537565787,71.4199525500832,19.85760962562356,22.474340972911534,-14.873989435345747,0.0,0.0,9.261297201251237,53.693513993743814,43.542742683307736,0.0,Lower Priority,Lower mismatch and/or FIFA relevance relative to other Harris County tracts.
48201323602,Census Tract 3236.02; Harris County; Texas,29.640029416945563,-95.18675241001064,4299.0,0.8518749530914912,5046.515318238601,76691.0,1613.0,47.0,2.913825170489771,0,0.0,30.6916839493258,20.692611845786626,9.103213846522735,0.0,27.269035846043177,-6.5764240002565515,0.0,0.0,13.821524251198312,30.892378744008443,21.624665120805908,0.0,Lower Priority,Lower mismatch and/or FIFA relevance relative to other Harris County tracts.
48201312501,Census Tract 3125.01; Harris County; Texas,29.743103699418224,-95.36996117753318,3348.0,0.3788137080956401,8838.117334324981,132250.0,1658.0,119.0,7.177322074788902,23,60.71585982361845,65.88989729741779,37.669661595969416,22.42299859095166,100.0,93.27310042271449,-55.60343882674508,0.0,0.0,4.710979826725561,76.4451008663722,83.51157060646054,0.0,Established Urban Hub,High urban activity with comparatively balanced mobility capacity.
48201510702,Census Tract 5107.02; Harris County; Texas,29.768218437082844,-95.40370472837952,2059.0,0.19799550351351747,10399.22606050207,244293.0,913.0,21.0,2.3001095290251916,8,40.40495798155248,100.0,44.659588386099365,7.1858768759354135,69.63015676926312,76.58534667570356,-31.925758289604197,0.0,0.0,5.76945683907762,71.1527158046119,70.69594809400726,0.0,Established Urban Hub,High urban activity with comparatively balanced mobility capacity.
48201431204,Census Tract 4312.04; Harris County; Texas,29.745187992197998,-95.5037723366385,3195.0,0.33557142464536177,9521.072908328046,78818.0,1663.0,205.0,12.32711966325917,4,11.919966082413827,32.03919919962534,40.727622507431946,38.51171564540422,20.541763893968625,32.82572003215677,7.901902475275179,7.901902475275179,17.414880663081654,6.978609735885058,65.10695132057471,51.737395092592884,9.010005613562114,Established Urban Hub,High urban activity with comparatively balanced mobility capacity.
48201533301,Census Tract 5333.01; Harris County; Texas,29.872141892514346,-95.41910507556032,3154.0,0.733971323039543,4297.170612795286,39754.0,1123.0,204.0,18.165627782724844,30,40.87353151041807,7.291039473390781,17.337390941700733,56.75206461844221,70.4376529257431,62.280737662487496,-44.943346720786764,0.0,0.0,12.924055427620202,35.37972286189899,45.89710188105222,0.0,Lower Priority,Lower mismatch and/or FIFA relevance relative to other Harris County tracts.
48201221501,Census Tract 2215.01; Harris County; Texas,29.86432473285121,-95.39295680077944,4845.0,0.6713953601024103,7216.314392254625,42054.0,1472.0,170.0,11.548913043478262,21,31.278142876645433,8.74815516482892,30.407974025463076,36.08048492216407,53.90185018745937,56.907149654572336,-26.49917562910926,0.0,0.0,12.421369051675969,37.89315474162016,42.69576337537192,0.0,Lower Priority,Lower mismatch and/or FIFA relevance relative to other Harris County tracts.
48201410801,Census Tract 4108.01; Harris County; Texas,29.736464401539596,-95.4049911434036,2664.0,0.20347969857345438,13092.215187444459,83026.0,1552.0,285.0,18.363402061855673,6,29.486971142892926,34.70508738639563,56.71755496350735,57.36994024615779,50.815110964050135,48.35959560098776,8.357959362519587,8.357959362519587,18.419977384002813,3.5828528668745885,82.08573566562706,72.70454825515397,13.39216134574077,Established Urban Hub,High urban activity with comparatively balanced mobility capacity.
48201432705,Census Tract 4327.05; Harris County; Texas,29.72539761958275,-95.49627564422589,5242.0,0.18243983364800087,28732.760248586426,34030.0,1653.0,526.0,31.820931639443433,3,16.443777326546982,3.664721987394299,100.0,99.41322095887625,28.337680579919944,20.012410118281082,79.98758988171892,79.98758988171892,100.0,5.861401428509137,70.69299285745431,57.986399174194,57.986399174194005,High-Intensity / Mobility Gap,"High population density and mobility mismatch, combined with strong FIFA relevance."
48201313901,Census Tract 3139.01; Harris County; Texas,29.69452537316694,-95.38317590207372,3964.0,0.8192257684629835,4838.714982607524,80819.0,2077.0,0.0,0.0,19,23.192629835908917,33.306889851176514,19.7621775277474,0.0,39.968026995675594,57.97761889697291,-38.215441369225516,0.0,0.0,1.7887536793855014,91.05623160307249,75.72977022085341,0.0,Lower Priority,Lower mismatch and/or FIFA relevance relative to other Harris County tracts.
48201314003,Census Tract 3140.03; Harris County; Texas,29.691931356886517,-95.39780887117134,2689.0,0.3387436399799465,7938.156418698187,52500.0,1444.0,163.0,11.28808864265928,9,26.568764510332347,15.365994518204051,33.640050583791904,35.26563153936923,45.78614433567081,51.47061157315879,-17.830560989366887,0.0,0.0,0.9217305865116941,95.39134706744153,80.50978624791031,0.0,Established Urban Hub,High urban activity with comparatively balanced mobility capacity.
48201314402,Census Tract 3144.02; Harris County; Texas,29.688190813604187,-95.40819434641729,2037.0,0.7331265315166522,2778.510819661601,84961.0,1269.0,98.0,7.722616233254531,13,17.732273272263534,35.930965152888156,10.537530947891327,24.12657689209521,30.55815497659586,44.15273541598853,-33.615204468097204,0.0,0.0,0.28383510231568587,98.58082448842157,78.17402363487385,0.0,Lower Priority,Lower mismatch and/or FIFA relevance relative to other Harris County tracts.
48201412201,Census Tract 4122.01; Harris County; Texas,29.70924963319235,-95.40825028742114,2331.0,0.37313646195643196,6247.044279130704,135417.0,1163.0,190.0,16.33705932932072,16,42.87975481170797,67.89628225167196,26.0680283080444,51.03935068044533,73.89499207324928,66.4146892471409,-40.346660939096495,0.0,0.0,1.6977779376733688,91.51111031163316,86.226274840118,0.0,Lower Priority,Lower mismatch and/or FIFA relevance relative to other Harris County tracts.
48201411902,Census Tract 4119.02; Harris County; Texas,29.726602091471673,-95.39296455780499,2391.0,0.3245451192017066,7367.234503113819,113125.0,1215.0,132.0,10.864197530864198,19,58.54347785828631,53.77366355882892,31.083724860990973,33.941334022348904,100.0,89.81759979329533,-58.73387493230436,0.0,0.0,3.0776518854867683,84.61174057256615,89.2282184007963,0.0,Lower Priority,Lower mismatch and/or FIFA relevance relative to other Harris County tracts.
48201313801,Census Tract 3138.01; Harris County; Texas,29.68873474944706,-95.36953446864747,1549.0,0.34672437159701885,4467.525581963787,19330.0,720.0,252.0,35.0,17,49.03030012484466,0.0,18.100162133005696,100.0,84.4942713638179,59.14598995467253,-41.04582782166683,0.0,0.0,2.4919411561640676,87.54029421917966,86.62648736257113,0.0,Lower Priority,Lower mismatch and/or FIFA relevance relative to other Harris County tracts.
48201350604,Census Tract 3506.04; Harris County; Texas,29.541488152228204,-95.1843769988863,3684.0,0.5617782545771002,6557.747598780359,111250.0,1381.0,33.0,2.389572773352643,0,0.0,52.58579750602609,27.459214854749455,7.465373069723737,0.0,27.760388079082876,-0.30117322433342153,0.0,0.0,16.8212576978887,15.893711510556496,11.125598057389547,0.0,Lower Priority,Lower mismatch and/or FIFA relevance relative to other Harris County tracts.
48201222504,Census Tract 2225.04; Harris County; Texas,29.923075182247945,-95.40483903789966,3340.0,0.1136843056633963,29379.60504319113,36968.0,940.0,54.0,5.74468085106383,2,17.59257787017433,5.526028901066148,100.0,17.947218932997355,30.31741687826997,45.83802613488977,54.16197386511023,54.16197386511023,100.0,16.42709622953088,17.86451885234561,21.60038826012292,21.60038826012292,High-Intensity / Mobility Gap,"High population density and mobility mismatch, combined with strong FIFA relevance."
48201333501,Census Tract 3335.01; Harris County; Texas,29.663252257563514,-95.28128222749564,3311.0,0.3800951811598425,8710.975997897789,41558.0,1186.0,162.0,13.659359190556492,8,21.04735970497805,8.433924998327479,37.10038117448227,42.67382579346757,36.27106743944159,42.587599469568836,-5.487218295086564,0.0,0.0,7.925126379827736,60.37436810086132,53.1433779024354,0.0,Established Urban Hub,High urban activity with comparatively balanced mobility capacity.
48201333302,Census Tract 3333.02; Harris County; Texas,29.639678338024524,-95.2568873035004,3515.0,2.0941961001111893,1678.4483553442653,53783.0,1023.0,99.0,9.67741935483871,28,13.37028561867409,16.178811662601937,5.611957244272265,30.233666302898772,23.041110056423094,37.05867714862653,-31.446719904354264,0.0,0.0,9.760770430420495,51.19614784789752,42.74963651045519,0.0,Lower Priority,Lower mismatch and/or FIFA relevance relative to other Harris County tracts.
48201552902,Census Tract 5529.02; Harris County; Texas,29.993482620604347,-95.51769659114994,5286.0,1.1163777117204206,4734.956587277153,90000.0,1686.0,97.0,5.753262158956109,3,2.6872625353445816,39.12331557426067,19.297595160703235,17.974028187587308,4.630978992767195,27.84947683866084,-8.551881677957606,0.0,0.0,22.224562192289284,0.0,1.3892936978301587,0.0,Lower Priority,Lower mismatch and/or FIFA relevance relative to other Harris County tracts.
48201431505,Census Tract 4315.05; Harris County; Texas,29.754608972094232,-95.4842533878258,1480.0,0.12180094524027558,12150.973024720111,89904.0,905.0,138.0,15.248618784530388,1,8.210116908594669,39.06249683235716,52.50310551555746,47.638904030865916,14.148553939851405,25.61231654863621,26.89078896692125,26.89078896692125,59.26419394067985,6.539578829783458,67.30210585108271,51.35604027771332,30.435743310437683,High-Intensity / Mobility Gap,"High population density and mobility mismatch, combined with strong FIFA relevance."
48201520302,Census Tract 5203.02; Harris County; Texas,29.798727750958044,-95.48025658599474,2591.0,0.3115462178300581,8316.58306766329,78026.0,992.0,44.0,4.435483870967742,8,25.67837303794146,31.537444578921413,35.33447104749522,13.85709705549527,44.25172626160923,56.81907926647787,-21.48460821898265,0.0,0.0,8.900069115162845,55.49965442418577,52.125275975412805,0.0,Established Urban Hub,High urban activity with comparatively balanced mobility capacity.
48201520301,Census Tract 5203.01; Harris County; Texas,29.79868559082414,-95.47193567771583,2443.0,0.2599455948516529,9398.12040821151,67930.0,991.0,75.0,7.568113017154389,6,23.08175294689687,25.14134022206948,40.17709776814448,23.643886362004586,39.77695204968698,50.75070052617951,-10.57360275803503,0.0,0.0,8.67357345752388,56.6321327123806,51.57557851357251,0.0,Established Urban Hub,High urban activity with comparatively balanced mobility capacity.
48201410704,Census Tract 4107.04; Harris County; Texas,29.74223839400209,-95.3854300426573,2087.0,0.19472174331123607,10717.858029158131,74537.0,1524.0,361.0,23.68766404199475,5,25.677666576804338,29.32706342786591,46.0862757760001,74.00370944788716,44.250508812014274,38.774243334043845,7.312032441956255,7.312032441956255,16.114875218934568,4.245486695763934,78.77256652118034,68.41594920843052,11.025144844788231,Established Urban Hub,High urban activity with comparatively balanced mobility capacity.
48201511003,Census Tract 5110.03; Harris County; Texas,29.79544454127005,-95.43397389097188,1889.0,0.4115744762479666,4589.691803098863,73507.0,1106.0,71.0,6.419529837251356,9,21.86724522386965,28.67452900952622,18.647166276690264,20.055545368499153,37.683982093116896,50.36212385463208,-31.714957577941817,0.0,0.0,7.75721862144585,61.21390689277075,54.15492945287459,0.0,Lower Priority,Lower mismatch and/or FIFA relevance relative to other Harris County tracts.
48201511202,Census Tract 5112.02; Harris County; Texas,29.804212484574915,-95.41728828790191,3510.0,0.382196735208789,9183.751917929214,172860.0,1741.0,32.0,1.8380241240666284,12,31.39744245445885,91.61749217972337,39.217254274825905,5.742254829116519,54.10744001407045,66.15253156111436,-26.935277286288454,0.0,0.0,8.243527734677546,58.782361326612275,57.37988493284972,0.0,Established Urban Hub,High urban activity with comparatively balanced mobility capacity.
48201432706,Census Tract 4327.06; Harris County; Texas,29.729173317198633,-95.49379561449486,2243.0,0.2595336238484881,8642.425465878865,34085.0,730.0,223.0,30.547945205479454,7,26.9714570936924,3.6995660582765155,36.7934434242782,95.4362260967759,46.480107381542105,33.90520733804671,2.888236086231494,2.888236086231494,6.365338844146627,5.8624396740014015,70.687801629993,63.42549335545773,4.037247565646589,Established Urban Hub,High urban activity with comparatively balanced mobility capacity.
48201511501,Census Tract 5115.01; Harris County; Texas,29.80832328370875,-95.40581781107613,3757.0,0.4804767230528173,7819.317398206208,123696.0,1992.0,0.0,0.0,12,24.97519530968179,60.4706939823909,33.10794411412667,0.0,43.039934988921125,60.12795449224478,-27.020010378118116,0.0,0.0,8.522257281325775,57.38871359337112,53.08408001203612,0.0,Established Urban Hub,High urban activity with comparatively balanced mobility capacity.
48201350803,Census Tract 3508.03; Harris County; Texas,29.53052789747751,-95.14803565991248,3059.0,1.582160544925588,1933.4321095359323,60489.0,1421.0,65.0,4.574243490499648,0,0.0,20.427254195986354,6.753657206988419,14.29060229893057,0.0,25.71281931032083,-18.95916210333241,0.0,0.0,19.04834803954267,4.758259802286647,3.3307818616006526,0.0,Lower Priority,Lower mismatch and/or FIFA relevance relative to other Harris County tracts.
48201221601,Census Tract 2216.01; Harris County; Texas,29.892647014280456,-95.40551300191184,3264.0,0.45419938234673557,7186.271331184383,69133.0,772.0,8.0,1.0362694300518136,11,24.21843892249639,25.90347508154778,30.273455017330537,3.237456495301769,41.735811225200884,58.24383090905008,-27.970375891719545,0.0,0.0,14.330276480741459,28.3486175962927,32.36477568496515,0.0,Lower Priority,Lower mismatch and/or FIFA relevance relative to other Harris County tracts.
48201432003,Census Tract 4320.03; Harris County; Texas,29.734701320293606,-95.48700183650867,1763.0,0.13847592526340674,12731.454920026343,38774.0,1066.0,255.0,23.921200750469044,5,36.10735938748254,6.670181483125835,55.102236430111176,74.73331210894771,62.22407398177259,51.13685815455649,3.9653782755546843,3.9653782755546843,8.73923585729353,5.738330139460469,71.30834930269765,68.58306670642013,5.9936359576390075,Established Urban Hub,High urban activity with comparatively balanced mobility capacity.
48201431303,Census Tract 4313.03; Harris County; Texas,29.740549148150958,-95.49886042006888,1615.0,0.10708736418254007,15081.144375232607,55164.0,1041.0,101.0,9.702209414024976,3,28.014509675354688,17.053714606026315,65.62306498998497,30.31111405519566,48.277607451035784,54.70099099916635,10.922073990818618,10.922073990818618,24.070989959519892,6.551369685978325,67.24315157010837,61.553488334386586,14.816533996704443,High-Intensity / Mobility Gap,"High population density and mobility mismatch, combined with strong FIFA relevance."
48201432102,Census Tract 4321.02; Harris County; Texas,29.733752633750573,-95.50799756148025,4822.0,0.3976798178684996,12125.332449217944,54754.0,1987.0,297.0,14.947156517362858,15,37.71878613402512,16.793967895813427,52.38829881272399,46.69709204005854,65.00105736671193,61.491612544680784,-9.103313731956796,0.0,0.0,6.757826406517224,66.21086796741388,65.8479247872033,0.0,Established Urban Hub,High urban activity with comparatively balanced mobility capacity.
48201551501,Census Tract 5515.01; Harris County; Texas,29.946781968122128,-95.5565347223231,4311.0,1.4918361920583267,2889.7274532882843,70223.0,1581.0,46.0,2.90955091714105,3,2.0109446439027727,26.594021213577157,11.035507875352964,9.089860457080677,3.465475471430747,29.698874692877318,-18.663366817524356,0.0,0.0,20.071047498882923,0.0,1.0396426414292241,0.0,Lower Priority,Lower mismatch and/or FIFA relevance relative to other Harris County tracts.
48201250601,Census Tract 2506.01; Harris County; Texas,29.99308891275051,-95.2642167958481,3429.0,1.6771826027558352,2044.5001005648965,52180.0,1591.0,276.0,17.347580138277813,0,0.0,15.163265378525704,7.25096858127075,54.19636473656021,0.0,13.741090579031935,-6.490121997761185,0.0,0.0,22.996054675162664,0.0,0.0,0.0,Lower Priority,Lower mismatch and/or FIFA relevance relative to other Harris County tracts.
48201241201,Census Tract 2412.01; Harris County; Texas,30.04197495775549,-95.3917049631835,3062.0,0.6619601816541085,4625.655870038381,76841.0,1049.0,39.0,3.7178265014299336,0,0.0,30.786713233550028,18.808196825534974,11.615031001018309,0.0,26.515490699694507,-7.707293874159532,0.0,0.0,24.64168019776928,0.0,0.0,0.0,Lower Priority,Lower mismatch and/or FIFA relevance relative to other Harris County tracts.
48201241105,Census Tract 2411.05; Harris County; Texas,30.043915884055618,-95.36527594274241,5514.0,0.7229399982678268,7627.18899661329,78936.0,1636.0,16.0,0.9779951100244498,0,0.0,32.113955569881725,32.24768150786484,3.0553990395757515,0.0,29.083380288127273,3.164301219737567,3.164301219737567,6.97375452255938,24.898680075955657,0.0,0.0,0.0,Established Urban Hub,High urban activity with comparatively balanced mobility capacity.
48201554809,Census Tract 5548.09; Harris County; Texas,30.055019868731055,-95.57152586318979,10919.0,2.875887719435786,3796.740716338597,92083.0,3588.0,145.0,4.041248606465998,0,0.0,40.442955567854426,15.096696055323061,12.625448720877925,0.0,26.21236538373662,-11.11566932841356,0.0,0.0,27.281924584856544,0.0,0.0,0.0,Lower Priority,Lower mismatch and/or FIFA relevance relative to other Harris County tracts.
48201532102,Census Tract 5321.02; Harris County; Texas,29.846952611497894,-95.48245020753754,3308.0,0.278166527917588,11892.156920404372,37267.0,1245.0,73.0,5.863453815261044,8,28.75975071439993,5.715453940953107,51.344246051807055,18.31828295674964,49.56188673189287,59.19783582530011,-7.853589773493056,0.0,0.0,11.98205786622341,40.08971066888295,42.93136348778592,0.0,Established Urban Hub,High urban activity with comparatively balanced mobility capacity.
48201532302,Census Tract 5323.02; Harris County; Texas,29.855129674173913,-95.49638428688226,4414.0,1.4907616697511032,2960.9025302729706,63657.0,1410.0,27.0,1.9148936170212765,15,10.061970537855586,22.434272678802014,11.354197130663929,5.982406310999118,17.339866713349114,40.34318480604464,-28.988987675380713,0.0,0.0,12.822212416014665,35.888937919926676,30.324216557953406,0.0,Lower Priority,Lower mismatch and/or FIFA relevance relative to other Harris County tracts.
48201350104,Census Tract 3501.04; Harris County; Texas,29.591998589159495,-95.25876890800693,5653.0,2.1754435773332763,2598.5505020220367,99877.0,1925.0,54.0,2.8051948051948052,0,0.0,45.380677176145234,9.731751424443583,8.763836777671436,0.0,27.37084896669857,-17.639097542254987,0.0,0.0,11.15328117918492,44.2335941040754,30.963515872852778,0.0,Lower Priority,Lower mismatch and/or FIFA relevance relative to other Harris County tracts.
48201551601,Census Tract 5516.01; Harris County; Texas,29.929784864291854,-95.55654674410533,3000.0,0.530376566022843,5656.358504856702,68002.0,937.0,6.0,0.6403415154749199,0,0.0,25.186954278497108,23.423209117098352,2.000520075538659,0.0,29.3998439773384,-5.976634860240047,0.0,0.0,19.024964711046287,4.875176444768559,3.412623511337991,0.0,Lower Priority,Lower mismatch and/or FIFA relevance relative to other Harris County tracts.
48201411504,Census Tract 4115.04; Harris County; Texas,29.735392886061135,-95.4329529390367,2669.0,0.35994644001630494,7414.992074596151,126806.0,1728.0,89.0,5.150462962962963,10,27.78191110751649,62.44096780863987,31.29756129835006,16.090795781191687,47.87676865421599,58.68649932359368,-27.38893802524362,0.0,0.0,3.740225436006924,81.29887281996537,71.27224157024055,0.0,Established Urban Hub,High urban activity with comparatively balanced mobility capacity.
48201411506,Census Tract 4115.06; Harris County; Texas,29.73306761685129,-95.43945947723128,2971.0,0.1446385018159027,20540.865417574067,99901.0,1918.0,170.0,8.86339937434828,6,41.48273056393282,45.39588186162111,90.06918443097621,27.690549429314654,71.48749006749401,71.7340782184514,18.335106212524806,18.335106212524806,40.40845703109326,3.7545520612228915,81.22723969388555,78.30531480596808,31.641969486431922,High-Intensity / Mobility Gap,"High population density and mobility mismatch, combined with strong FIFA relevance."
48201411505,Census Tract 4115.05; Harris County; Texas,29.73557089902229,-95.4447356480827,3303.0,0.3294181145446708,10026.771006705207,101736.0,1714.0,204.0,11.90198366394399,11,33.39221346465555,46.55840677196415,42.99190597871869,37.183528918617625,57.54504334537926,59.126471666180194,-16.134565687461503,0.0,0.0,4.058856538548368,79.70571730725815,73.05751511869448,0.0,Established Urban Hub,High urban activity with comparatively balanced mobility capacity.
48201220702,Census Tract 2207.02; Harris County; Texas,29.827461917608467,-95.34850714682337,3805.0,0.8056407640146674,4722.948701154261,29853.0,1202.0,73.0,6.0732113144758735,13,16.136224208937026,1.018473186030339,19.24382937008545,18.97359590778145,27.807672064533435,43.773291672838965,-24.529462302753515,0.0,0.0,10.522259060772997,47.38870469613501,41.51439490665453,0.0,Lower Priority,Lower mismatch and/or FIFA relevance relative to other Harris County tracts.
48201341001,Census Tract 3410.01; Harris County; Texas,29.552004492968027,-95.13649069061434,3973.0,0.47902768165180754,8293.883949044657,62356.0,2277.0,350.0,15.371102327624067,0,0.0,21.610052020297225,35.23283483556188,48.02156044304665,0.0,15.593531867086003,19.639302968475878,19.639302968475878,43.28275609225387,18.868058489749284,5.659707551253579,3.9617952858775047,1.714774190460772,High-Intensity / Mobility Gap,"High population density and mobility mismatch, combined with strong FIFA relevance."
48201251903,Census Tract 2519.03; Harris County; Texas,29.965089407247753,-95.10552435632552,4395.0,9.059573249143597,485.12218833436333,120078.0,1635.0,8.0,0.4892966360856269,0,0.0,58.17858764690256,0.26879157984602786,1.528633892582853,0.0,29.541409832225142,-29.272618252379115,0.0,0.0,26.630528273741938,0.0,0.0,0.0,Lower Priority,Lower mismatch and/or FIFA relevance relative to other Harris County tracts.
48201322702,Census Tract 3227.02; Harris County; Texas,29.70603319477595,-95.16680944301274,4356.0,0.49101962859397735,8871.335780350164,90929.0,1298.0,14.0,1.078582434514638,0,0.0,39.71186360788938,37.818398517302576,3.3696484785459857,0.0,28.989105456436203,8.829293060866373,8.829293060866373,19.458742432658056,14.743066934505432,26.284665327472844,18.39926572923099,3.580265727751382,Established Urban Hub,High urban activity with comparatively balanced mobility capacity.
48201431902,Census Tract 4319.02; Harris County; Texas,29.736481458937387,-95.46412583552062,2469.0,0.35743445937282775,6907.560072221995,111667.0,1580.0,167.0,10.569620253164556,17,47.56116696143132,52.84997891616944,29.025514202533596,33.02103174052889,81.96250354141108,77.46744295682909,-48.44192875429549,0.0,0.0,4.801327978371368,75.99336010814316,77.78410313812354,0.0,Lower Priority,Lower mismatch and/or FIFA relevance relative to other Harris County tracts.
48201431803,Census Tract 4318.03; Harris County; Texas,29.74585496602775,-95.46540368968265,2339.0,0.13126469524830947,17818.957302840525,74530.0,1555.0,145.0,9.32475884244373,6,45.70916794230148,29.322628727935445,77.88173192852325,29.131903543736332,78.77094021649911,76.40008708842848,1.4816448400947735,1.4816448400947735,3.2653741495870103,5.345712550879318,73.27143724560341,74.92128813687212,2.4464603753590217,Established Urban Hub,High urban activity with comparatively balanced mobility capacity.
48201431701,Census Tract 4317.01; Harris County; Texas,29.76155700160478,-95.4620761603267,2075.0,0.3537471837587474,5865.771079650863,107698.0,1299.0,34.0,2.617397998460354,7,19.788143401231828,50.3355040555964,24.36086230050497,8.177132225623634,34.10105086186482,51.41759593561828,-27.05673363511331,0.0,0.0,6.130670408672243,69.34664795663879,58.772968828206594,0.0,Lower Priority,Lower mismatch and/or FIFA relevance relative to other Harris County tracts.
48201431702,Census Tract 4317.02; Harris County; Texas,29.75674640847296,-95.47047877197951,2848.0,0.7626718408926372,3734.240399732968,175787.0,1283.0,63.0,4.910366328916601,13,17.045338903275486,93.47183027921878,14.816848386734899,15.340698958056976,29.374356002601854,45.9598395144042,-31.142991127669305,0.0,0.0,6.12889724946927,69.35551375265365,57.3611664276381,0.0,Lower Priority,Lower mismatch and/or FIFA relevance relative to other Harris County tracts.
48201431804,Census Tract 4318.04; Harris County; Texas,29.748426770897314,-95.4598548802526,2598.0,0.41703898009781787,6229.633497066942,126458.0,1426.0,45.0,3.155680224403927,16,38.36571822674021,62.22049986923967,25.990070834651352,9.85880422920612,66.115920128242,73.32350282100755,-47.3334319863562,0.0,0.0,5.293056391943537,73.53471804028231,71.30907866667022,0.0,Lower Priority,Lower mismatch and/or FIFA relevance relative to other Harris County tracts.
48201430101,Census Tract 4301.01; Harris County; Texas,29.78024895466175,-95.46387384858409,2796.0,0.5758389368847404,4855.52438521476,79038.0,1460.0,101.0,6.917808219178082,17,29.522143973051115,32.1785754831542,19.837442300559303,21.612239542094986,50.87572455704167,59.12933532730068,-39.29189302674138,0.0,0.0,7.3184871851678075,63.40756407416096,59.64801221902517,0.0,Lower Priority,Lower mismatch and/or FIFA relevance relative to other Harris County tracts.
48201510902,Census Tract 5109.02; Harris County; Texas,29.785352512219557,-95.43445346121416,5731.0,1.5599619874223487,3673.8074685203032,118750.0,2798.0,60.0,2.1443888491779846,27,17.308114055147126,57.33726171723741,14.546257518971364,6.699382811936112,29.8271983252753,48.86922398411187,-34.3229664651405,0.0,0.0,7.080199143837464,64.59900428081268,54.167462494151465,0.0,Lower Priority,Lower mismatch and/or FIFA relevance relative to other Harris County tracts.
48201510802,Census Tract 5108.02; Harris County; Texas,29.767985921266195,-95.44068379442135,2817.0,2.763504578046678,1019.3578191902741,,1481.0,21.0,1.4179608372721135,14,5.066031050288902,,2.6608529947523065,4.429915994415283,8.73032800555377,34.782254805563056,-32.12140181081075,0.0,0.0,6.014755116404449,69.92622441797775,51.56745549425055,0.0,Lower Priority,Lower mismatch and/or FIFA relevance relative to other Harris County tracts.
48201232704,Census Tract 2327.04; Harris County; Texas,29.787108827378795,-95.21151527911006,1906.0,1.4301501945966344,1332.7271549528239,50417.0,773.0,67.0,8.667529107373868,8,5.593818069056973,14.046354524610294,4.063976735285032,27.078622212643705,9.639867198104882,28.624320374880305,-24.560343639595274,0.0,0.0,13.89963577681728,30.501821115913597,24.24323494057098,0.0,Lower Priority,Lower mismatch and/or FIFA relevance relative to other Harris County tracts.
48201232703,Census Tract 2327.03; Harris County; Texas,29.77325595266318,-95.22173040769418,2693.0,0.2533633252528213,10629.00479898881,51250.0,850.0,72.0,8.470588235294118,4,15.787604603028308,14.574083816335499,45.68843188240337,26.46335026983139,27.206893372390116,41.10582027972366,4.582611602679712,4.582611602679712,10.099546841489127,12.8968659113005,35.515670443497505,33.02303732216529,3.33517712283452,Established Urban Hub,High urban activity with comparatively balanced mobility capacity.
48201341102,Census Tract 3411.02; Harris County; Texas,29.54674670139473,-95.11782075076863,2143.0,0.793910980438148,2699.2950756485434,50529.0,1347.0,35.0,2.5983667409057167,0,0.0,14.117309723497717,10.182839284208873,8.117675807633054,0.0,27.564697257710083,-17.381857973501212,0.0,0.0,20.02825226356037,0.0,0.0,0.0,Lower Priority,Lower mismatch and/or FIFA relevance relative to other Harris County tracts.
48201431901,Census Tract 4319.01; Harris County; Texas,29.729583318674177,-95.4646225547785,2492.0,0.13707051340631224,18180.423623373114,41967.0,1535.0,68.0,4.429967426710098,7,51.06860568363234,8.693038179978869,79.5002118429926,13.839862880892642,88.0068980980629,87.45286980437623,-7.952657961383636,0.0,0.0,4.481197810392694,77.59401094803653,80.71787709304444,0.0,Established Urban Hub,High urban activity with comparatively balanced mobility capacity.
48201431506,Census Tract 4315.06; Harris County; Texas,29.756272882874747,-95.47990660259264,2849.0,0.2773302306421851,10272.95146801293,87988.0,1805.0,60.0,3.32409972299169,14,50.481333995149534,37.84865610853305,44.09418884527811,10.384971250857197,86.99484854330585,87.78090260505692,-43.68671375977881,0.0,0.0,6.452817017174726,67.73591491412637,73.51359500288021,0.0,Established Urban Hub,High urban activity with comparatively balanced mobility capacity.
48201232902,Census Tract 2329.02; Harris County; Texas,29.800392016420883,-95.18720509216506,4665.0,0.33328145274304655,13997.178545655894,69922.0,1589.0,56.0,3.524229074889868,1,3.0004669979969765,26.40332911656721,60.76956461253322,11.010204468603371,5.1707265120017425,30.316447217820205,30.45311739471302,30.45311739471302,67.1151544716166,15.622702699532127,21.886486502339363,16.871758505238077,11.323506782868648,High-Intensity / Mobility Gap,"High population density and mobility mismatch, combined with strong FIFA relevance."
48201510601,Census Tract 5106.01; Harris County; Texas,29.77359336934341,-95.40348789195305,3417.0,0.3431417296679035,9957.984426164116,130616.0,2062.0,62.0,3.0067895247332688,12,34.97097252384237,64.85471162793523,42.683911311811,9.39364801716318,60.26573026806491,69.36791678249648,-26.684005470685477,0.0,0.0,6.139751290050208,69.30124354974896,66.59058956524373,0.0,Established Urban Hub,High urban activity with comparatively balanced mobility capacity.
48201510302,Census Tract 5103.02; Harris County; Texas,29.78689834011062,-95.38248435091435,3482.0,0.35910435120852385,9696.345890217523,157159.0,1449.0,11.0,0.759144237405107,20,55.69411769223161,81.67046023569284,41.512414297492214,2.371677066779039,95.97807644810412,96.47315039363917,-54.96073609614696,0.0,0.0,7.2425514154799036,63.787242922600484,73.44449298025157,0.0,Established Urban Hub,High urban activity with comparatively balanced mobility capacity.
48201333204,Census Tract 3332.04; Harris County; Texas,29.65968183550917,-95.27455143351952,2338.0,0.06333465367866864,36915.01988566881,39831.0,843.0,116.0,13.76037959667853,0,0.0,7.339821172625884,100.0,42.98942824247686,0.0,17.10317152725694,82.89682847274307,82.89682847274307,100.0,8.370608101982002,58.14695949008999,40.70287164306299,40.70287164306299,High-Intensity / Mobility Gap,"High population density and mobility mismatch, combined with strong FIFA relevance."
48201312902,Census Tract 3129.02; Harris County; Texas,29.714765634455887,-95.36522461248616,2391.0,0.3725129069703859,6418.5695455381365,,1279.0,31.0,2.4237685691946833,12,32.213648911107335,,26.836039552066797,7.572205712036935,55.51401451313234,66.58814844558155,-39.75210889351476,0.0,0.0,3.431103389446131,82.84448305276935,74.64534249087824,0.0,Lower Priority,Lower mismatch and/or FIFA relevance relative to other Harris County tracts.
48201312901,Census Tract 3129.01; Harris County; Texas,29.713883821862183,-95.3578858755895,1869.0,0.17705293633201669,10556.164945466802,14302.0,747.0,370.0,49.531459170013385,9,50.83225495409375,0.0,45.36228852352956,100.0,87.59959317380545,61.319715221663806,-15.957426698134249,0.0,0.0,3.7595449558982565,81.20227522050871,83.12147060649772,0.0,Established Urban Hub,High urban activity with comparatively balanced mobility capacity.
48201410202,Census Tract 4102.02; Harris County; Texas,29.755007072633504,-95.39186687499492,3900.0,0.2535463376759704,15381.803719776697,130972.0,2025.0,79.0,3.901234567901234,20,78.88104471680357,65.08024779582739,66.96927923623936,12.18802448984347,100.0,96.34359265304695,-29.374313416807595,0.0,0.0,4.974514229384011,75.12742885307995,82.58920019715596,0.0,Established Urban Hub,High urban activity with comparatively balanced mobility capacity.
48201350101,Census Tract 3501.01; Harris County; Texas,29.569693115612235,-95.20795815923,4367.0,2.095066374376544,2084.4208343038986,79605.0,1286.0,0.0,0.0,1,0.477311846646187,32.537786177521774,7.429715264038471,0.0,0.822554962808638,30.575788473966046,-23.146073209927575,0.0,0.0,14.549444178975646,27.25277910512177,19.32371186242783,0.0,Lower Priority,Lower mismatch and/or FIFA relevance relative to other Harris County tracts.
48201411507,Census Tract 4115.07; Harris County; Texas,29.73816707120982,-95.4385028470671,2167.0,0.11733914869615908,18467.834683301513,85782.0,1325.0,38.0,2.8679245283018866,5,42.611524419246685,36.45109210187542,80.78710636474243,8.959813560959686,73.43274869495183,78.71498001817837,2.072126346564062,2.072126346564062,4.566727209953809,4.045464439857701,79.77267780071149,77.87069906898358,3.5561424029645208,Established Urban Hub,High urban activity with comparatively balanced mobility capacity.
48201411301,Census Tract 4113.01; Harris County; Texas,29.752198248724206,-95.45236344718099,1918.0,0.33974480287704706,5645.413804001942,114402.0,1289.0,44.0,3.4134988363072147,10,29.433857163722323,54.582679531857835,23.3742037810626,10.664267090032046,50.723579259006,62.30722535429459,-38.93302157323198,0.0,0.0,5.282478716292654,73.58760641853674,66.7283982706775,0.0,Lower Priority,Lower mismatch and/or FIFA relevance relative to other Harris County tracts.
48201410502,Census Tract 4105.02; Harris County; Texas,29.74910000051405,-95.38508231658587,3032.0,0.211717574228116,14320.96513978173,154261.0,1655.0,23.0,1.3897280966767371,1,4.723273462988697,79.83449446448078,62.21933204424022,4.341712804424335,8.139651372540957,34.39524211945137,27.82408992478885,27.82408992478885,61.32108148831287,4.696751653245307,76.51624173377347,56.003264625403716,34.34180753705931,High-Intensity / Mobility Gap,"High population density and mobility mismatch, combined with strong FIFA relevance."
48201350103,Census Tract 3501.03; Harris County; Texas,29.573236950372564,-95.24626510008525,8504.0,1.6963460111907724,5013.128184874562,116571.0,2816.0,39.0,1.3849431818181819,0,0.0,55.956802981740154,20.543119620143617,4.32676403411513,0.0,28.70197078976546,-8.158851169621844,0.0,0.0,12.526809106488912,37.36595446755544,26.156168127288808,0.0,Lower Priority,Lower mismatch and/or FIFA relevance relative to other Harris County tracts.
48201210500,Census Tract 2105; Harris County; Texas,29.79525485795029,-95.36039173265092,4767.0,0.831788374395479,5731.025038026679,55337.0,1932.0,290.0,15.010351966873706,25,30.05572182728487,17.16331504716492,23.757531507191597,46.89452382040372,51.79524313829761,52.188313050687206,-28.43078154349561,0.0,0.0,8.195357199552513,59.02321400223743,56.85482274305548,0.0,Lower Priority,Lower mismatch and/or FIFA relevance relative to other Harris County tracts.
48201221400,Census Tract 2214; Harris County; Texas,29.853435681487955,-95.39156704865867,5666.0,0.7796927684498224,7266.964924229176,32690.0,1841.0,405.0,21.998913633894624,23,29.49879866877357,2.815793714991209,30.634763809189568,68.72780742945756,50.835493425074795,44.96650316871509,-14.331739359525525,0.0,0.0,11.6820198611233,41.58990069438351,44.363578513590895,0.0,Lower Priority,Lower mismatch and/or FIFA relevance relative to other Harris County tracts.
48201210600,Census Tract 2106; Harris County; Texas,29.807040356942423,-95.36535986413695,5415.0,0.9010767233588721,6009.477172837108,83618.0,2375.0,375.0,15.789473684210526,32,35.51306916542705,35.08013629480058,25.004312083229134,49.328613441571676,61.19992933726988,58.04136650361741,-33.03705442038827,0.0,0.0,8.858548513584816,55.70725743207592,57.355059003634096,0.0,Lower Priority,Lower mismatch and/or FIFA relevance relative to other Harris County tracts.
48201210700,Census Tract 2107; Harris County; Texas,29.806730505044705,-95.3535207782282,2208.0,0.4376560631596674,5045.057491170798,61161.0,973.0,35.0,3.597122302158273,18,41.128186069327164,20.852985389310888,20.68608436675474,11.237933517864052,70.8765009717414,76.24217062485975,-55.55608625810501,0.0,0.0,9.083013114168672,54.58493442915664,59.47240439193206,0.0,Lower Priority,Lower mismatch and/or FIFA relevance relative to other Harris County tracts.
48201313000,Census Tract 3130; Harris County; Texas,29.719068836353397,-95.3734456043976,2401.0,0.4628662174995378,5187.243979417006,56516.0,1359.0,163.0,11.99411331861663,26,56.17173821942614,17.910245221167344,21.322730057552018,37.47135536633493,96.80116336233769,86.5194077437359,-65.19667768618388,0.0,0.0,3.260029529763875,83.69985235118062,87.63024565452774,0.0,Lower Priority,Lower mismatch and/or FIFA relevance relative to other Harris County tracts.
48201543100,Census Tract 5431; Harris County; Texas,29.964024811351422,-95.85219981001136,4613.0,49.230365765446926,93.70233042708172,112981.0,1437.0,47.0,3.2707028531663185,0,0.0,53.68243544597367,0.0,10.218151659318837,0.0,26.93455450220435,-26.93455450220435,0.0,0.0,32.773704082966304,0.0,0.0,0.0,Lower Priority,Lower mismatch and/or FIFA relevance relative to other Harris County tracts.
48201420400,Census Tract 4204; Harris County; Texas,29.657514681031284,-95.45590034976502,3714.0,0.9812106819557226,3785.119820136238,94625.0,1691.0,153.0,9.04790065050266,10,10.19149116891825,42.05338517117432,15.044663027560091,28.26695826427141,17.563070555062417,33.814061909262264,-18.769398881702173,0.0,0.0,3.30215871739029,83.48920641304855,63.711365655652706,0.0,Lower Priority,Lower mismatch and/or FIFA relevance relative to other Harris County tracts.
48201511100,Census Tract 5111; Harris County; Texas,29.8084275415069,-95.4266541710383,4485.0,0.7248512039526119,6187.476789088995,162212.0,2239.0,105.0,4.689593568557392,12,16.555121843716375,84.87168005692628,25.801312487754945,14.650972728291723,28.529561392899446,45.57540115654209,-19.774088668787147,0.0,0.0,8.578229743854013,57.10885128072994,48.53506431438078,0.0,Lower Priority,Lower mismatch and/or FIFA relevance relative to other Harris County tracts.
48201540200,Census Tract 5402; Harris County; Texas,29.822287952284075,-95.56976838369157,2433.0,0.9669924699673971,2516.048548011993,57045.0,896.0,37.0,4.129464285714286,11,11.375476378188212,18.245381830198117,9.362345624000023,12.901047339815808,19.603440842580007,39.852094387861264,-30.489748763861243,0.0,0.0,13.465574229830787,32.67212885084606,28.75152244836624,0.0,Lower Priority,Lower mismatch and/or FIFA relevance relative to other Harris County tracts.
48201231100,Census Tract 2311; Harris County; Texas,29.828956422691768,-95.25255578481786,5489.0,4.270045470813094,1285.4664048705774,41360.0,1406.0,285.0,20.27027027027027,31,7.259875851883385,8.3084863431515,3.852364835625419,63.327274012828504,12.510996643600638,19.759515446671895,-15.907150611046475,0.0,0.0,13.752998863527852,31.23500568236074,25.61780297073271,0.0,Lower Priority,Lower mismatch and/or FIFA relevance relative to other Harris County tracts.
48201231300,Census Tract 2313; Harris County; Texas,29.857697995671476,-95.27165898412109,5360.0,1.8569633508379544,2886.4328407888615,45417.0,1811.0,260.0,14.356709000552181,18,9.69324461458946,10.878711717136078,11.02075611605097,44.85244807682019,16.70443865886051,28.2373726381563,-17.216616522105333,0.0,0.0,14.55649915866164,27.2175042066918,24.06358454234241,0.0,Lower Priority,Lower mismatch and/or FIFA relevance relative to other Harris County tracts.
48201231500,Census Tract 2315; Harris County; Texas,29.859840981057157,-95.29654687654978,3193.0,0.44772251863718604,7131.649329855267,50104.0,925.0,84.0,9.08108108108108,18,40.2034725766974,13.848060084862407,30.028882820648324,28.370618757747167,69.28293551158524,69.98686923078552,-39.957986410137195,0.0,0.0,13.880554267031322,30.59722866484339,42.202940718865946,0.0,Lower Priority,Lower mismatch and/or FIFA relevance relative to other Harris County tracts.
48201231600,Census Tract 2316; Harris County; Texas,29.861744404345533,-95.3074845737923,2767.0,0.6427878928695249,4304.685932473925,36912.0,1099.0,83.0,7.552320291173794,24,37.337355395509285,5.490551301622437,17.371041086291726,23.594547587915844,64.34373501207418,67.96225023207717,-50.59120914578544,0.0,0.0,13.684412413830467,31.577937930847668,41.407677055215615,0.0,Lower Priority,Lower mismatch and/or FIFA relevance relative to other Harris County tracts.
48201231700,Census Tract 2317; Harris County; Texas,29.87612012213612,-95.31986038018069,4756.0,1.633341860959816,2911.8215320858717,53157.0,1123.0,67.0,5.966162065894924,14,8.571383820269597,15.782222783106164,11.134434997276554,18.639158477625628,14.771127825634375,34.74804193465637,-23.613606937379817,0.0,0.0,14.27328771098499,28.633561445075053,24.47483135924285,0.0,Lower Priority,Lower mismatch and/or FIFA relevance relative to other Harris County tracts.
48201340900,Census Tract 3409; Harris County; Texas,29.56632764691549,-95.15534385850681,4640.0,1.5352680516684494,3022.2735339001483,48052.0,2303.0,82.0,3.560573165436387,0,0.0,12.54805947667499,11.628988255200957,11.123748696188835,0.0,26.66287539114335,-15.033887135942392,0.0,0.0,17.399192856755892,13.00403571622054,9.102825001354377,0.0,Lower Priority,Lower mismatch and/or FIFA relevance relative to other Harris County tracts.
48201230300,Census Tract 2303; Harris County; Texas,29.834733175212172,-95.31271978665573,2155.0,0.6735308911413086,3199.556291097976,50521.0,756.0,41.0,5.423280423280423,25,37.117822402528724,14.112241495005758,12.422778894626688,16.943117227065404,63.96541221504909,69.69285338241474,-57.27007448778805,0.0,0.0,11.896773970927,40.51613014536499,47.55091476627022,0.0,Lower Priority,Lower mismatch and/or FIFA relevance relative to other Harris County tracts.
48201423500,Census Tract 4235; Harris County; Texas,29.65094472900083,-95.5411795186482,2254.0,0.4798906199761499,4696.903640483787,105291.0,762.0,0.0,0.0,4,8.33523272490468,48.81060080807831,19.12721156872518,0.0,14.364166932394495,40.05491685267614,-20.927705283950964,0.0,0.0,8.188305431150404,59.05847284424798,45.65018107069193,0.0,Lower Priority,Lower mismatch and/or FIFA relevance relative to other Harris County tracts.
48201420100,Census Tract 4201; Harris County; Texas,29.673415157349822,-95.4357400826225,2769.0,0.44812599539286285,6179.065772724197,50725.0,1637.0,296.0,18.08185705558949,19,42.39879006202952,14.241481321550706,25.763651825409863,56.49035267672553,73.06614203618477,64.19919362231168,-38.435541796901816,0.0,0.0,1.6952721606643735,91.52363919667813,85.98639004853011,0.0,Lower Priority,Lower mismatch and/or FIFA relevance relative to other Harris County tracts.
48201241400,Census Tract 2414; Harris County; Texas,30.084111148612333,-95.40075594216432,10417.0,4.198850935492977,2480.9168413064813,92575.0,3883.0,55.0,1.41643059490085,0,0.0,40.75465162010989,9.205042001410453,4.425135294569698,0.0,28.672459411629088,-19.467417410218637,0.0,0.0,27.52495728427922,0.0,0.0,0.0,Lower Priority,Lower mismatch and/or FIFA relevance relative to other Harris County tracts.
48201343100,Census Tract 3431; Harris County; Texas,29.658266790701937,-95.0793268230589,3900.0,0.7927325966502764,4919.6917301995745,82344.0,1391.0,43.0,3.0913012221423437,0,0.0,34.27302090745615,20.124754155422377,9.657674857839458,0.0,27.102697542648162,-6.977943387225785,0.0,0.0,20.01883227103405,0.0,0.0,0.0,Lower Priority,Lower mismatch and/or FIFA relevance relative to other Harris County tracts.
48201310400,Census Tract 3104; Harris County; Texas,29.751003622775414,-95.32951867772115,3018.0,0.6591605549025172,4578.5506695653685,57163.0,1457.0,136.0,9.334248455730954,19,28.824540331922464,18.320138200454505,18.597281405475115,29.161550476554844,49.67353914908321,56.023012261391784,-37.42573085591667,0.0,0.0,6.685861906699662,66.57069046650169,61.50154507127614,0.0,Lower Priority,Lower mismatch and/or FIFA relevance relative to other Harris County tracts.
48201320100,Census Tract 3201; Harris County; Texas,29.694669093024856,-95.28126986817254,2253.0,0.3800573431483053,5928.052807338703,54083.0,1025.0,123.0,12.0,8,21.049455152556423,16.36887023105039,24.63973122846677,37.48974621559448,36.274678539432095,44.14535111292412,-19.50561988445735,0.0,0.0,7.815926830277374,60.92036584861313,53.526659655858815,0.0,Lower Priority,Lower mismatch and/or FIFA relevance relative to other Harris County tracts.
48201210800,Census Tract 2108; Harris County; Texas,29.79438269371718,-95.34508935410706,2250.0,1.4155501275735103,1589.4880415551772,40561.0,970.0,164.0,16.90721649484536,52,36.734834738164096,7.80229702251712,5.213633879483018,52.82060463365544,63.30540679881829,58.467603369076166,-53.253969489593146,0.0,0.0,8.524322711417543,57.37838644291229,59.15649254968408,0.0,Lower Priority,Lower mismatch and/or FIFA relevance relative to other Harris County tracts.
48201210900,Census Tract 2109; Harris County; Texas,29.80415853826684,-95.33124265938702,1812.0,0.48672269767155846,3722.859050273307,45599.0,673.0,135.0,20.059435364041605,13,26.709253671938736,10.99401391532814,14.765887939097963,62.6685950855034,46.028250325522386,43.41919670221465,-28.653308763116684,0.0,0.0,9.516053251757087,52.41973374121456,50.502288716506904,0.0,Lower Priority,Lower mismatch and/or FIFA relevance relative to other Harris County tracts.
48201231800,Census Tract 2318; Harris County; Texas,29.87710461270828,-95.30647082387613,3251.0,1.084231232102335,2998.437882753367,57136.0,906.0,3.0,0.33112582781456956,10,9.223124831600638,18.303032929294144,11.522263173393824,1.0344852708497374,15.894277831449449,40.81564890075969,-29.293385727365866,0.0,0.0,14.661260857260912,26.69369571369544,23.453870349021642,0.0,Lower Priority,Lower mismatch and/or FIFA relevance relative to other Harris County tracts.
48201231900,Census Tract 2319; Harris County; Texas,29.88244033500854,-95.27895340073096,5744.0,3.407003284990079,1685.939084739311,35976.0,1953.0,227.0,11.623143881208398,31,9.098905227527618,4.897568568063264,5.645497284884468,36.312392861153555,15.68020928794622,30.082428643216282,-24.436931358331815,0.0,0.0,15.756920081403784,21.215399592981075,19.554842501470617,0.0,Lower Priority,Lower mismatch and/or FIFA relevance relative to other Harris County tracts.
48201232000,Census Tract 2320; Harris County; Texas,29.90430111517258,-95.27038588336575,4849.0,6.2433761512141555,776.6631198501487,43594.0,1379.0,35.0,2.5380710659898478,0,0.0,9.723789149530978,1.5741777668875963,7.929303345091894,0.0,27.62120899647243,-26.04703122958483,0.0,0.0,17.320118496505316,13.399407517473417,9.37958526223139,0.0,Lower Priority,Lower mismatch and/or FIFA relevance relative to other Harris County tracts.
48201232100,Census Tract 2321; Harris County; Texas,29.905323989962646,-95.30628090865943,3460.0,1.2399952676166384,2790.333229779476,42262.0,1118.0,93.0,8.318425760286226,9,7.258092216189388,8.879929105619848,10.590466262274717,25.987972555532846,12.507922891289128,30.959154257242535,-20.368687994967818,0.0,0.0,16.44408491843171,17.779575407841453,16.198079652875755,0.0,Lower Priority,Lower mismatch and/or FIFA relevance relative to other Harris County tracts.
48201230400,Census Tract 2304; Harris County; Texas,29.830587308802073,-95.32520096867432,4227.0,1.108890804764124,3811.9172616812707,59952.0,1293.0,92.0,7.11523588553751,32,28.857665572226324,20.087049358463624,15.164649644393155,22.229032301074323,49.730624115646734,58.14272719063041,-42.97807754623726,0.0,0.0,11.288794484246639,43.55602757876681,45.408406539830786,0.0,Lower Priority,Lower mismatch and/or FIFA relevance relative to other Harris County tracts.
48201511400,Census Tract 5114; Harris County; Texas,29.795787730517166,-95.38312405766108,2686.0,0.4425240391745705,6069.72675430273,161607.0,1322.0,98.0,7.413010590015129,21,47.45504908427302,84.48839527722191,25.27408199516344,23.15932380943179,81.77962983502269,80.29794374168634,-55.0238617465229,0.0,0.0,7.831022878095925,60.844885609520375,67.12530887717107,0.0,Lower Priority,Lower mismatch and/or FIFA relevance relative to other Harris County tracts.
48201313902,Census Tract 3139.02; Harris County; Texas,29.683203552546267,-95.38629546511102,2706.0,0.24476483018208103,11055.509886722703,66013.0,1573.0,39.0,2.479338842975207,5,20.427771409317632,23.926865969683867,47.59812547958058,7.745815333800513,35.203326441444936,52.318583908871304,-4.720458429290723,0.0,0.0,1.471762481850356,92.64118759074822,75.40982924595723,0.0,Established Urban Hub,High urban activity with comparatively balanced mobility capacity.
48201341304,Census Tract 3413.04; Harris County; Texas,29.569369628419945,-95.08808566458364,1543.0,4.020339305205987,383.7984515391401,80500.0,732.0,116.0,15.846994535519126,0,0.0,33.10479424005966,0.0,49.50831695137704,0.0,15.147504914586888,-15.147504914586888,0.0,0.0,20.98003713089881,0.0,0.0,0.0,Lower Priority,Lower mismatch and/or FIFA relevance relative to other Harris County tracts.
48201211102,Census Tract 2111.02; Harris County; Texas,29.78706748562581,-95.32752019153043,2401.0,0.4315815178993191,5563.25954755114,29750.0,731.0,82.0,11.21751025991792,22,50.97530614165976,0.9532197441963702,23.00635481035387,35.04513440126251,87.84611432155167,80.97873970470741,-57.97238489435354,0.0,0.0,8.645946733292742,56.77026633353629,66.0930207299409,0.0,Lower Priority,Lower mismatch and/or FIFA relevance relative to other Harris County tracts.
48201341204,Census Tract 3412.04; Harris County; Texas,29.546372251807707,-95.08263463386389,3504.0,0.8453231855631844,4145.160170503913,71861.0,1843.0,146.0,7.921866521975041,0,0.0,27.63174099730571,16.65675810355501,24.749063788554864,0.0,22.57528086343354,-5.918522759878531,0.0,0.0,21.926739723033748,0.0,0.0,0.0,Lower Priority,Lower mismatch and/or FIFA relevance relative to other Harris County tracts.
48201211501,Census Tract 2115.01; Harris County; Texas,29.763863155274183,-95.29295255919922,3129.0,1.4190501436406977,2204.99607714515,38641.0,979.0,194.0,19.816138917262514,24,16.912721588841034,6.585922184447021,7.969595738748521,61.9085015817614,29.145815624002637,31.829520462273425,-23.859924723524905,0.0,0.0,8.937482222954017,55.31258888522992,47.46255690686173,0.0,Lower Priority,Lower mismatch and/or FIFA relevance relative to other Harris County tracts.
48201211502,Census Tract 2115.02; Harris County; Texas,29.770594529656766,-95.30318485571121,2805.0,0.921574500853732,3043.7040059175815,57063.0,859.0,72.0,8.381839348079161,38,41.23377975931127,18.256785344305023,11.724944051211796,26.186085831614303,71.05847134257547,71.88510419031853,-60.160160139106736,0.0,0.0,8.764422056726316,56.177889716368426,60.642064204230536,0.0,Lower Priority,Lower mismatch and/or FIFA relevance relative to other Harris County tracts.
48201311002,Census Tract 3110.02; Harris County; Texas,29.74466469420393,-95.29500886114681,3516.0,0.5766902921443264,6096.860044108497,52092.0,1106.0,183.0,16.54611211573237,9,15.606297041233354,15.107514865114155,25.395572386023108,51.69246200613162,26.8944447378191,33.31837271463388,-7.922800328610773,0.0,0.0,8.09161803357549,59.541909832122556,49.74767030383151,0.0,Lower Priority,Lower mismatch and/or FIFA relevance relative to other Harris County tracts.
48201211301,Census Tract 2113.01; Harris County; Texas,29.776421322802687,-95.33350410746367,2676.0,0.4443692213902449,6022.019238028949,35208.0,928.0,261.0,28.125,23,51.758760267064964,4.4110186328352246,25.06046968200362,87.86659269279954,89.19624649093537,66.07739473581489,-41.01692505381127,0.0,0.0,7.840770117173797,60.796149414131015,69.31617853717232,0.0,Lower Priority,Lower mismatch and/or FIFA relevance relative to other Harris County tracts.
48201211101,Census Tract 2111.01; Harris County; Texas,29.787057429509993,-95.33594083616964,2954.0,0.4940655885227187,5978.963256341351,41784.0,933.0,223.0,23.90139335476956,28,56.67263750086588,8.577102453225313,24.867684801087297,74.67143092245058,97.66436672238535,75.96362742893457,-51.09594262784728,0.0,0.0,8.362707387666447,58.18646306166777,70.02983415988304,0.0,Lower Priority,Lower mismatch and/or FIFA relevance relative to other Harris County tracts.
48201340701,Census Tract 3407.01; Harris County; Texas,29.558407540823545,-95.13052524160837,3918.0,0.7351910197583786,5329.227227622632,69716.0,1448.0,33.0,2.2790055248618786,1,1.3601907165958735,26.27282223289927,21.95846573293482,7.11994489591746,2.3440265146645745,29.504835091489966,-7.546369358555147,0.0,0.0,18.976228764854124,5.1188561757293805,4.286407277409938,0.0,Lower Priority,Lower mismatch and/or FIFA relevance relative to other Harris County tracts.
48201510701,Census Tract 5107.01; Harris County; Texas,29.76376533197275,-95.4040693175777,2165.0,0.21817822164700676,9923.080239891131,84615.0,1313.0,0.0,0.0,6,27.50045332071445,35.71176427061094,42.52762642106243,0.0,47.39173041143639,63.17421128800547,-20.646584866943044,0.0,0.0,5.46187250691069,72.69063746544656,65.1009653492435,0.0,Established Urban Hub,High urban activity with comparatively balanced mobility capacity.
48201552701,Census Tract 5527.01; Harris County; Texas,29.97030997389223,-95.54806772566562,3266.0,0.8079681878263614,4042.238356916459,65875.0,1594.0,218.0,13.676286072772898,9,11.139052422611185,23.839439028197578,16.195921564741056,42.7267078366771,19.196009727360092,30.619194458148932,-14.423272893407876,0.0,0.0,21.338856460609314,0.0,5.758802918208027,0.0,Lower Priority,Lower mismatch and/or FIFA relevance relative to other Harris County tracts.
48201552802,Census Tract 5528.02; Harris County; Texas,29.976744757595764,-95.52941364907474,4051.0,1.0999594896327203,3682.8629037535197,103073.0,1670.0,80.0,4.790419161676647,7,6.363870729764167,47.405434458682755,14.58680359258659,14.96596655313153,10.96690452629888,33.18704320246976,-18.600239609883168,0.0,0.0,21.34816908242752,0.0,3.290071357889664,0.0,Lower Priority,Lower mismatch and/or FIFA relevance relative to other Harris County tracts.
48201453901,Census Tract 4539.01; Harris County; Texas,29.685336038211958,-95.62866048383975,6103.0,0.8919021638675866,6842.6787681906135,85130.0,1699.0,110.0,6.474396703943497,6,6.727195249736798,36.03803147978078,28.73500556747004,20.226957444160256,11.59302430336589,32.047029779108044,-3.312024211638004,0.0,0.0,13.113077855693001,34.434610721534995,27.58213479608426,0.0,Lower Priority,Lower mismatch and/or FIFA relevance relative to other Harris County tracts.
48201250802,Census Tract 2508.02; Harris County; Texas,30.02162385030131,-95.16339099989605,4597.0,1.4859909914801528,3093.558457861888,140201.0,1557.0,159.0,10.211946050096339,0,0.0,70.92708288986329,11.948169354747268,31.903605482121183,0.0,20.428918355363646,-8.480749000616377,0.0,0.0,27.556487519166296,0.0,0.0,0.0,Lower Priority,Lower mismatch and/or FIFA relevance relative to other Harris County tracts.
48201251701,Census Tract 2517.01; Harris County; Texas,30.034315719383248,-95.10807310493647,4631.0,3.908134929116283,1184.9642051757853,86486.0,1426.0,109.0,7.643758765778401,0,0.0,36.89709620916779,3.402362214838117,23.88021468852149,0.0,22.83593559344355,-19.433573378605434,0.0,0.0,30.172219834900513,0.0,0.0,0.0,Lower Priority,Lower mismatch and/or FIFA relevance relative to other Harris County tracts.
48201250902,Census Tract 2509.02; Harris County; Texas,30.045420567440658,-95.14358862714926,5784.0,3.127934050225819,1849.1438461058437,190950.0,2007.0,0.0,0.0,0,0.0,100.0,6.376253134636399,0.0,0.0,30.0,-23.6237468653636,0.0,0.0,29.577447184650875,0.0,0.0,0.0,Lower Priority,Lower mismatch and/or FIFA relevance relative to other Harris County tracts.
48201553601,Census Tract 5536.01; Harris County; Texas,30.026852790303824,-95.49734892591363,5173.0,1.1403021458723448,4536.516938712409,115833.0,1712.0,140.0,8.177570093457943,0,0.0,55.489258903356955,18.409073693576847,25.547918955331124,0.0,22.33562431340066,-3.9265506198238143,0.0,0.0,24.141609270212733,0.0,0.0,0.0,Lower Priority,Lower mismatch and/or FIFA relevance relative to other Harris County tracts.
48201240803,Census Tract 2408.03; Harris County; Texas,30.030915451989205,-95.41531997127159,2325.0,0.7753668798655129,2998.5804918611825,49066.0,968.0,68.0,7.024793388429752,5,6.44856019755093,13.190457438030762,11.522901711380653,21.946476779101452,11.112850499597258,31.195052315987642,-19.67215060460699,0.0,0.0,23.855046050887587,0.0,3.3338551498791773,0.0,Lower Priority,Lower mismatch and/or FIFA relevance relative to other Harris County tracts.
48201232201,Census Tract 2322.01; Harris County; Texas,29.92958641191638,-95.29018510783273,6726.0,1.7100812093787614,3933.146544802643,46602.0,1833.0,150.0,8.183306055646481,5,2.923837752603808,11.629443062507468,15.70745861062925,25.56583893589367,5.038670778339731,25.85731786406971,-10.14985925344046,0.0,0.0,18.359623880225914,8.201880598870426,7.252917652711217,0.0,Lower Priority,Lower mismatch and/or FIFA relevance relative to other Harris County tracts.
48201222701,Census Tract 2227.01; Harris County; Texas,29.934987179551314,-95.30380181116975,2706.0,0.4141073064080051,6534.538169519461,19739.0,938.0,238.0,25.37313432835821,5,12.07416513214978,0.0,27.355293706494994,79.26936388869478,20.807496233343606,20.78443819673209,6.570855509762904,6.570855509762904,14.48140684030507,18.400843117695395,7.995784411523021,11.839297958069196,1.7144969043439309,Lower Priority,Lower mismatch and/or FIFA relevance relative to other Harris County tracts.
48201410101,Census Tract 4101.01; Harris County; Texas,29.75489970904312,-95.38215680525884,2246.0,0.16671813985431103,13471.839368905497,92813.0,1103.0,0.0,0.0,11,65.9796229109352,40.90543141774566,58.41733742688117,0.0,100.0,100.0,-41.58266257311883,0.0,0.0,5.132031093032321,74.33984453483839,82.03789117438687,0.0,Established Urban Hub,High urban activity with comparatively balanced mobility capacity.
48201410602,Census Tract 4106.02; Harris County; Texas,29.749380443439904,-95.37788888514396,2647.0,0.14611881749175445,18115.394344396274,93715.0,1780.0,19.0,1.0674157303370786,9,61.593709520047774,41.47687418021401,79.20904064418944,3.334762069739209,100.0,98.99957137907823,-19.79053073488879,0.0,0.0,4.873532019337289,75.63233990331355,82.94263793231949,0.0,Established Urban Hub,High urban activity with comparatively balanced mobility capacity.
48201980700,Census Tract 9807; Harris County; Texas,29.762099708025502,-95.36521512958524,2067.0,0.48479141467452913,4263.689367081112,90972.0,1303.0,117.0,8.979278587874138,90,185.6468519774069,39.73910533603366,17.18747732424404,28.052572954876915,100.0,91.58422811353692,-74.39675078929288,0.0,0.0,5.993068530837523,70.03465734581238,79.02426014206867,0.0,Lower Priority,Lower mismatch and/or FIFA relevance relative to other Harris County tracts.
48201510202,Census Tract 5102.02; Harris County; Texas,29.771615916824743,-95.38658309876911,6566.0,1.0162648969297912,6460.91390132273,112284.0,3815.0,174.0,4.560943643512451,29,28.53586706341139,53.240866038611756,27.0256380995263,14.249051641575882,49.17606641440796,60.14853099761281,-33.122892898086505,0.0,0.0,6.1612511684920985,69.1937441575395,63.18844083460004,0.0,Lower Priority,Lower mismatch and/or FIFA relevance relative to other Harris County tracts.
48201410102,Census Tract 4101.02; Harris County; Texas,29.758554492169623,-95.37919294744968,3956.0,0.2984056169662245,13257.123107195956,73029.0,2577.0,513.0,19.90686845168801,7,23.45800347582702,28.371702357131685,57.455936773080815,62.19195385008397,40.42534731162206,39.64015696311025,17.815779809970564,17.815779809970564,39.26392160383786,5.429574155580435,72.85212922209783,63.124094648955094,24.784995036098135,High-Intensity / Mobility Gap,"High population density and mobility mismatch, combined with strong FIFA relevance."
48201410201,Census Tract 4102.01; Harris County; Texas,29.75990930906096,-95.39227255113447,1734.0,0.24168489326338793,7174.631300228966,80037.0,1285.0,92.0,7.1595330739299605,10,41.37618973603787,32.811470516087546,30.221336312945056,22.367423163649104,71.30388748703744,73.20249429183147,-42.981157978886415,0.0,0.0,5.2987862796314475,73.50606860184277,72.84541426740117,0.0,Lower Priority,Lower mismatch and/or FIFA relevance relative to other Harris County tracts.
48201510201,Census Tract 5102.01; Harris County; Texas,29.764905707317418,-95.38502459576192,2450.0,0.3500112592726907,6999.7748217900225,118015.0,1419.0,23.0,1.620859760394644,9,25.71345852902457,56.8716182245387,29.438409433751183,5.063801755688706,44.31218934254002,59.4993920130714,-30.060982579320218,0.0,0.0,5.737484993912676,71.31257503043662,63.21245932406764,0.0,Lower Priority,Lower mismatch and/or FIFA relevance relative to other Harris County tracts.
48201341600,Census Tract 3416; Harris County; Texas,29.592417964346826,-95.01469475508071,6841.0,7.352322940791268,930.4542326406247,120704.0,2781.0,34.0,1.222581805106077,0,0.0,58.57517652639833,2.2627836284476195,3.819523466769185,0.0,28.854142959969245,-26.591359331521627,0.0,0.0,24.664884832960176,0.0,0.0,0.0,Lower Priority,Lower mismatch and/or FIFA relevance relative to other Harris County tracts.
48201310800,Census Tract 3108; Harris County; Texas,29.73024302512426,-95.3107424736447,3124.0,0.7334334827326934,4259.418302475524,53281.0,1242.0,218.0,17.55233494363929,18,24.542102895185476,15.860780324731524,17.168353461563385,54.836048544012314,42.293583693846756,43.15469402248903,-25.986340560925647,0.0,0.0,6.78133815180657,66.09330924096714,58.953391576831024,0.0,Lower Priority,Lower mismatch and/or FIFA relevance relative to other Harris County tracts.
48201233300,Census Tract 2333; Harris County; Texas,29.754935832127824,-95.19970340616497,4436.0,4.160463114482052,1066.2274554385156,61282.0,1326.0,198.0,14.93212669683258,7,1.6825050018191183,20.92964234525176,2.870713666569514,46.650136693613035,2.899473057123897,18.034590131902814,-15.1638764653333,0.0,0.0,13.579471625931776,32.10264187034112,23.34169122637595,0.0,Lower Priority,Lower mismatch and/or FIFA relevance relative to other Harris County tracts.
48201232500,Census Tract 2325; Harris County; Texas,29.80557924890485,-95.24581352627382,4397.0,4.419537662864033,994.900447833399,44481.0,992.0,160.0,16.129032258064516,27,6.109236318285598,10.285728983576906,2.551344135825984,50.38944383816462,10.528091200513543,22.252830688910095,-19.70148655308411,0.0,0.0,12.946770448226538,35.26614775886732,27.844730791361187,0.0,Lower Priority,Lower mismatch and/or FIFA relevance relative to other Harris County tracts.
48201454400,Census Tract 4544; Harris County; Texas,29.749293756821412,-95.67227001279181,1013.0,12.612582995897295,80.31661716949775,60242.0,654.0,0.0,0.0,1,0.0792859004634726,20.27077264129713,0.0,0.0,0.1366339665885644,30.095643776611993,-30.095643776611993,0.0,0.0,16.349293098564765,18.253534507176173,12.818464344999889,0.0,Lower Priority,Lower mismatch and/or FIFA relevance relative to other Harris County tracts.
48201432402,Census Tract 4324.02; Harris County; Texas,29.7238350745954,-95.5519750656351,2960.0,0.4254884397353607,6956.7107436362285,39861.0,1449.0,159.0,10.973084886128365,9,21.152161044839886,7.35882702947073,29.24558830058348,34.28151396526065,36.451672347570444,45.23171645372111,-15.986128153137631,0.0,0.0,8.91515156799891,55.424242160005456,49.73247121627495,0.0,Lower Priority,Lower mismatch and/or FIFA relevance relative to other Harris County tracts.
48201432401,Census Tract 4324.01; Harris County; Texas,29.723175807569156,-95.54327046377232,3781.0,0.2745715307193993,13770.5463858306,42297.0,1642.0,56.0,3.41047503045067,14,50.988534620901454,8.902102605272168,59.754810048098015,10.654820280518122,87.86891105565145,88.31179165480057,-28.556981606702557,0.0,0.0,8.40314890327606,57.9842554836197,66.94965215522922,0.0,Established Urban Hub,High urban activity with comparatively balanced mobility capacity.
48201452401,Census Tract 4524.01; Harris County; Texas,29.713936877506068,-95.57957525177919,3187.0,0.3405965442387917,9357.111966954073,45917.0,1284.0,0.0,0.0,14,41.10435128250926,11.1954759978835,39.99348083143772,0.0,70.83542631096708,79.58479841767695,-39.59131758623923,0.0,0.0,10.356140009246326,48.21929995376837,55.004137860927976,0.0,Established Urban Hub,High urban activity with comparatively balanced mobility capacity.
48201450401,Census Tract 4504.01; Harris County; Texas,29.77332260468532,-95.60977683993654,2020.0,0.16711119185170722,12087.7601171831,63102.0,1073.0,43.0,4.007455731593663,7,41.88827763380282,22.082664327172377,52.22006719255929,12.519874862306327,72.18637227064482,76.77449813075947,-24.554430938200177,0.0,0.0,13.438918012558311,32.80540993720844,44.61969863723935,0.0,Established Urban Hub,High urban activity with comparatively balanced mobility capacity.
48201452204,Census Tract 4522.04; Harris County; Texas,29.73302008072021,-95.56838178417384,2414.0,0.2186917375178682,11038.368561147694,51145.0,1319.0,172.0,13.040181956027293,9,41.153818165007976,14.50756331737854,47.52137450839839,40.73942601138646,70.92067294789824,67.42264326011282,-19.901268751714433,0.0,0.0,10.051448853602666,49.74275573198666,56.09613089676013,0.0,Established Urban Hub,High urban activity with comparatively balanced mobility capacity.
48201432301,Census Tract 4323.01; Harris County; Texas,29.732459206419918,-95.54132742833539,3510.0,0.16532276665333862,21231.195624496388,43515.0,1808.0,243.0,13.440265486725664,8,48.390189457541624,9.673740393172887,93.16016555643492,41.989345180629876,83.39116401411252,75.7770112556898,17.38315430074512,17.38315430074512,38.310464934568635,8.518049774078431,57.40975112960784,65.20417499495925,24.980022597318634,High-Intensity / Mobility Gap,"High population density and mobility mismatch, combined with strong FIFA relevance."
48201452203,Census Tract 4522.03; Harris County; Texas,29.731708630453774,-95.56198178087864,2195.0,0.3074936895739966,7138.357873428117,50395.0,1122.0,253.0,22.54901960784314,7,22.76469481275482,14.032416896257407,30.058920592942023,70.44641854237524,39.23056347045964,36.32746886660918,-6.268548273667157,0.0,0.0,9.658438045977439,51.7078097701128,47.96463588021685,0.0,Lower Priority,Lower mismatch and/or FIFA relevance relative to other Harris County tracts.
48201454305,Census Tract 4543.05; Harris County; Texas,29.726910188772184,-95.6489918744432,3546.0,0.6497886972082165,5457.158635161253,46644.0,1509.0,18.0,1.1928429423459244,11,16.928580086512632,11.65605126209025,22.53128372943854,3.7266149319676414,29.173144687913616,49.30321680194923,-26.77193307251069,0.0,0.0,14.625399298235662,26.87300350882169,27.563045862549266,0.0,Lower Priority,Lower mismatch and/or FIFA relevance relative to other Harris County tracts.
48201454304,Census Tract 4543.04; Harris County; Texas,29.723901745418473,-95.65710419412584,5934.0,0.32166286658818727,18447.886331862715,65549.0,2058.0,320.0,15.54907677356657,5,15.544225085829723,23.632908717150258,80.69778682293035,48.57757851065044,26.787475687444072,34.17795942801571,46.51982739491464,46.51982739491464,100.0,15.065637747897405,24.67181126051298,25.306510588592303,25.306510588592303,High-Intensity / Mobility Gap,"High population density and mobility mismatch, combined with strong FIFA relevance."
48201452702,Census Tract 4527.02; Harris County; Texas,29.696058014877313,-95.62869676183787,4187.0,0.681948690401851,6139.758106336024,49904.0,1506.0,452.0,30.0132802124834,4,5.865543927715332,13.721354372563441,25.587650176237727,93.76585485529385,10.108134338619731,8.945937580445655,16.64171259579207,16.64171259579207,36.67641302734873,13.13781825771278,34.31090871143609,27.05007639959118,9.920997744527444,Lower Priority,Lower mismatch and/or FIFA relevance relative to other Harris County tracts.
48201452103,Census Tract 4521.03; Harris County; Texas,29.731550182182115,-95.57544616252845,2559.0,0.24865172061212784,10291.503287008369,84556.0,757.0,35.0,4.623513870541611,6,24.130136663560066,35.67438608548274,44.177255357191996,14.44453013590716,41.58363930274464,54.7751884711491,-10.597933113957104,0.0,0.0,10.421591433324082,47.89204283337959,45.999521774189105,0.0,Established Urban Hub,High urban activity with comparatively balanced mobility capacity.
48201451004,Census Tract 4510.04; Harris County; Texas,29.738755769831876,-95.5848866457504,1700.0,0.14004967766162574,12138.549894469395,51826.0,857.0,26.0,3.0338389731621938,3,21.420970402004816,14.938996267756528,52.44748045274111,9.478154430235865,36.91491345993552,52.996993092884104,-0.5495126401429928,0.0,0.0,11.118884543474291,44.40557728262855,42.15837813582064,0.0,Established Urban Hub,High urban activity with comparatively balanced mobility capacity.
48201451407,Census Tract 4514.07; Harris County; Texas,29.739206163022846,-95.61635130082936,1785.0,0.10280549124430434,17362.885760237958,29990.0,968.0,139.0,14.359504132231404,0,0.0,1.1052665989551327,75.8396533465527,44.861180474927956,0.0,16.541645857521612,59.29800748903108,59.29800748903108,100.0,12.926656265045594,35.36671867477204,24.756703072340425,24.756703072340425,High-Intensity / Mobility Gap,"High population density and mobility mismatch, combined with strong FIFA relevance."
48201450803,Census Tract 4508.03; Harris County; Texas,29.753087275307852,-95.5683386115062,4179.0,0.4182084835360429,9992.62369014051,71755.0,1614.0,178.0,11.028500619578686,6,14.346911256483144,27.564586969787253,42.839010002375566,34.45464078054428,24.7241360924005,36.970503030517065,5.868506971858501,5.868506971858501,12.933511759371525,10.586887596859832,47.06556201570085,40.36313423871074,5.220370713214567,Established Urban Hub,High urban activity with comparatively balanced mobility capacity.
48201422304,Census Tract 4223.04; Harris County; Texas,29.65108647147418,-95.50364197691391,4382.0,0.20183374507158794,21710.938368833016,48780.0,1040.0,132.0,12.692307692307692,4,19.818291527916948,13.009268269443236,95.30823289138661,39.65261618957108,34.15300534696397,42.01131888600345,53.29691400538316,53.29691400538316,100.0,6.052910351616232,69.73544824191885,59.06071537343238,59.06071537343237,High-Intensity / Mobility Gap,"High population density and mobility mismatch, combined with strong FIFA relevance."
48201331501,Census Tract 3315.01; Harris County; Texas,29.634201794940086,-95.35970712823772,4551.0,0.8588448692574995,5298.977921279886,75553.0,1462.0,116.0,7.934336525307797,12,13.972255560395217,29.97072844634467,21.823023253341617,24.788021893575916,24.078489217454845,39.41853588414561,-17.595512630803995,0.0,0.0,4.638844070838241,76.8057796458088,60.9875925173026,0.0,Lower Priority,Lower mismatch and/or FIFA relevance relative to other Harris County tracts.
48201412902,Census Tract 4129.02; Harris County; Texas,29.683656949967826,-95.44615842153854,3184.0,0.47155428827105994,6752.138786976242,95781.0,1125.0,156.0,13.866666666666665,14,29.68905245529755,42.785744188262356,28.329609178572777,43.32148451579806,51.16335915352472,52.81790605272789,-24.488296874155115,0.0,0.0,2.134376217499073,89.32811891250464,77.87869098481066,0.0,Lower Priority,Lower mismatch and/or FIFA relevance relative to other Harris County tracts.
48201412901,Census Tract 4129.01; Harris County; Texas,29.686353170448253,-95.45422691722267,1916.0,0.311568225653095,6149.535935456091,85773.0,1031.0,63.0,6.110572259941804,13,41.72440874787536,36.445390344821966,25.631430797388333,19.09031693810582,71.90397583251602,74.60568800132947,-48.974257203941136,0.0,0.0,2.621010833404536,86.89494583297733,82.39765483283892,0.0,Lower Priority,Lower mismatch and/or FIFA relevance relative to other Harris County tracts.
48201543202,Census Tract 5432.02; Harris County; Texas,29.81013360691954,-95.61230503912434,3905.0,13.684416487688832,285.3610896389428,73839.0,1770.0,119.0,6.723163841807909,10,0.7307582321099688,28.88486049194251,0.0,21.00414218293664,1.259320954757039,24.580282013448933,-24.580282013448933,0.0,0.0,14.886949075922606,25.565254620386966,18.273474520697988,0.0,Lower Priority,Lower mismatch and/or FIFA relevance relative to other Harris County tracts.
48201554408,Census Tract 5544.08; Harris County; Texas,29.998482846930564,-95.67759641600773,9287.0,2.992712193954608,3103.2051858378136,111601.0,3041.0,21.0,0.6905623150279513,0,0.0,52.80816603111078,11.991362965278894,2.157417161370941,0.0,29.352774851588716,-17.361411886309824,0.0,0.0,26.916170472312007,0.0,0.0,0.0,Lower Priority,Lower mismatch and/or FIFA relevance relative to other Harris County tracts.
48201554406,Census Tract 5544.06; Harris County; Texas,30.006561685897818,-95.71276130023502,5054.0,2.6143062097383885,1933.2088877629028,124500.0,1644.0,0.0,0.0,0,0.0,60.98005094583275,6.752657722567329,0.0,0.0,30.0,-23.247342277432672,0.0,0.0,28.65387569739069,0.0,0.0,0.0,Lower Priority,Lower mismatch and/or FIFA relevance relative to other Harris County tracts.
48201320902,Census Tract 3209.02; Harris County; Texas,29.64876904764821,-95.23122844330224,3685.0,0.4935381729741497,7466.494390481546,85656.0,1160.0,52.0,4.482758620689655,0,0.0,36.37126750312707,31.528164978621998,14.00479025295196,0.0,25.79856292411441,5.729602054507588,5.729602054507588,12.627381360173306,11.07826991708684,44.6086504145658,31.226055290196058,3.9430330852316273,Established Urban Hub,High urban activity with comparatively balanced mobility capacity.
48201342801,Census Tract 3428.01; Harris County; Texas,29.68475105206788,-95.10296904203321,5306.0,0.8789028763937795,6037.072061671948,126488.0,1972.0,0.0,0.0,0,0.0,62.23950572608451,25.12786930221263,0.0,0.0,30.0,-4.8721306977873695,0.0,0.0,18.511176989374693,7.4441150531265325,5.210880537188572,0.0,Lower Priority,Lower mismatch and/or FIFA relevance relative to other Harris County tracts.
48201232801,Census Tract 2328.01; Harris County; Texas,29.78774786029812,-95.19881516408488,2807.0,0.3565244165851432,7873.233555462947,69635.0,1035.0,73.0,7.053140096618357,4,11.219427937959312,26.22150641941819,33.349355865730054,22.035036020437975,19.334521435172174,36.92365419848913,-3.574298332759078,0.0,0.0,14.584004338780117,27.079978306099417,24.756341244821243,0.0,Established Urban Hub,High urban activity with comparatively balanced mobility capacity.
48201322701,Census Tract 3227.01; Harris County; Texas,29.695047711981864,-95.16625019905499,2882.0,0.3077597139612323,9364.448526758892,71145.0,914.0,99.0,10.831509846827133,0,0.0,27.178134547275402,40.0263305715405,33.839212940771816,0.0,19.848236117768455,20.178094453772044,20.178094453772044,44.47019031433853,14.721337479327447,26.393312603362762,18.475318822353934,8.216009441481603,High-Intensity / Mobility Gap,"High population density and mobility mismatch, combined with strong FIFA relevance."
48201253502,Census Tract 2535.02; Harris County; Texas,29.779077641425836,-95.01520824155547,3665.0,1.3239219077168514,2768.290167748956,69403.0,1250.0,128.0,10.24,0,0.0,26.074527793151386,10.491767569967136,31.991250103973957,0.0,20.402624968807814,-9.910857398840678,0.0,0.0,24.651479252478794,0.0,0.0,0.0,Lower Priority,Lower mismatch and/or FIFA relevance relative to other Harris County tracts.
48201533302,Census Tract 5333.02; Harris County; Texas,29.87930858338957,-95.42491413801332,3938.0,0.6321198902289971,6229.830860999148,47569.0,1151.0,139.0,12.076455256298871,5,7.9098919007099395,12.24206518147298,25.990954539555432,37.728603561885556,13.631174009036693,28.223240737760015,-2.2322861982045836,0.0,0.0,13.435157828131995,32.82421085934002,27.06629980424902,0.0,Lower Priority,Lower mismatch and/or FIFA relevance relative to other Harris County tracts.
48201252601,Census Tract 2526.01; Harris County; Texas,29.79111549841918,-95.11595944345498,3589.0,1.4938419927719548,2402.5298641794743,41075.0,1276.0,144.0,11.285266457680251,0,0.0,8.127930703125468,8.854061174623881,35.25681462281612,0.0,19.422955613155164,-10.568894438531283,0.0,0.0,19.177049541109064,4.114752294454682,2.8803266061182775,0.0,Lower Priority,Lower mismatch and/or FIFA relevance relative to other Harris County tracts.
48201252602,Census Tract 2526.02; Harris County; Texas,29.831012958322773,-95.10342523719784,3860.0,11.412623819406397,338.2219602679211,47609.0,1116.0,0.0,0.0,1,0.08762226949946142,12.267406323932773,0.0,0.0,0.15100009173408124,30.105700064213856,-30.105700064213856,0.0,0.0,21.041668764874267,0.0,0.04530002752022437,0.0,Lower Priority,Lower mismatch and/or FIFA relevance relative to other Harris County tracts.
48201252901,Census Tract 2529.01; Harris County; Texas,29.8120903608828,-95.07162172764359,2268.0,1.581537762143859,1434.0473267774553,49063.0,907.0,13.0,1.4332965821389196,0,0.0,13.188556852346276,4.51764185901532,4.477827093005589,0.0,28.656651872098323,-24.139010013083002,0.0,0.0,22.192705119214303,0.0,0.0,0.0,Lower Priority,Lower mismatch and/or FIFA relevance relative to other Harris County tracts.
48201533402,Census Tract 5334.02; Harris County; Texas,29.88500310341279,-95.44308605456048,6434.0,1.8118272363000252,3551.111204807265,53581.0,2044.0,272.0,13.307240704500977,19,10.486651055539017,16.05083889317998,13.996880088434008,41.57375640346419,18.07172172571294,30.1780782869598,-16.18119819852579,0.0,0.0,13.936963285211885,30.315183573940573,26.64214501947228,0.0,Lower Priority,Lower mismatch and/or FIFA relevance relative to other Harris County tracts.
48201533903,Census Tract 5339.03; Harris County; Texas,29.921865641507853,-95.48614313753933,4135.0,0.6454110709346622,6406.769555427419,73625.0,1167.0,78.0,6.683804627249357,9,13.944601208910948,28.749285379782613,26.783204624162604,20.88117826918287,24.03083227322337,40.557229110501495,-13.774024486338892,0.0,0.0,16.95754078014968,15.212296099251589,17.85785695144312,0.0,Lower Priority,Lower mismatch and/or FIFA relevance relative to other Harris County tracts.
48201541701,Census Tract 5417.01; Harris County; Texas,29.823234732434884,-95.66566484408006,6879.0,3.0823647290660054,2231.7281063894156,94661.0,1709.0,0.0,0.0,0,0.0,42.07619219938813,8.08928946938739,0.0,0.0,30.0,-21.91071053061261,0.0,0.0,18.057918350874004,9.710408245629976,6.797285771940983,0.0,Lower Priority,Lower mismatch and/or FIFA relevance relative to other Harris County tracts.
48201541902,Census Tract 5419.02; Harris County; Texas,29.8227994506871,-95.69464129804024,4756.0,1.1441963722434039,4156.6291550767655,102899.0,1507.0,23.0,1.5262110152621102,0,0.0,47.29520048898265,16.708110940918033,4.768105302801775,0.0,28.56956840915947,-11.861457468241436,0.0,0.0,19.544030086992326,2.279849565038372,1.5958946955268605,0.0,Lower Priority,Lower mismatch and/or FIFA relevance relative to other Harris County tracts.
48201241503,Census Tract 2415.03; Harris County; Texas,29.953621465952335,-95.33504507020882,2644.0,6.835809372770892,386.78667818500855,51519.0,736.0,100.0,13.586956521739129,19,2.77948066774401,14.744502999377612,0.0,42.447629320193016,4.789899168327643,20.618640621771444,-20.618640621771444,0.0,0.0,19.076904674750228,4.61547662624886,4.667803388872494,0.0,Lower Priority,Lower mismatch and/or FIFA relevance relative to other Harris County tracts.
48201240503,Census Tract 2405.03; Harris County; Texas,29.94972156195657,-95.3889543764462,2731.0,0.08345791207974237,32723.080795390422,37138.0,1195.0,109.0,9.121338912133892,1,11.982087438810114,5.633728756520272,100.0,28.49639008019385,20.64881807743214,35.90525563014434,64.09474436985566,64.09474436985566,100.0,18.305807786624946,8.47096106687527,12.124318170042331,12.124318170042331,High-Intensity / Mobility Gap,"High population density and mobility mismatch, combined with strong FIFA relevance."
48201222702,Census Tract 2227.02; Harris County; Texas,29.93511651885677,-95.341561623844,3218.0,2.3246261154530647,1384.308632948838,22941.0,1476.0,116.0,7.8590785907859075,16,6.882827261398822,0.0,4.294934867074975,24.55290515474796,11.861226076407958,30.93698670706118,-26.642051839986205,0.0,0.0,17.745695287929788,11.27152356035106,11.448434315168129,0.0,Lower Priority,Lower mismatch and/or FIFA relevance relative to other Harris County tracts.
48201550102,Census Tract 5501.02; Harris County; Texas,29.94281261784146,-95.4298023167539,2295.0,1.0209490883172283,2247.9083690477814,45634.0,1046.0,127.0,12.1414913957935,5,4.8974038541346,11.01618741498046,8.161737242902827,37.931785925593516,8.439731536943507,24.5282762981824,-16.366539055279574,0.0,0.0,17.820314176841038,10.898429115794816,10.160819842139421,0.0,Lower Priority,Lower mismatch and/or FIFA relevance relative to other Harris County tracts.
48201250403,Census Tract 2504.03; Harris County; Texas,29.999918229177364,-95.14016411760367,4543.0,0.7966619583177629,5702.544162637101,82480.0,1689.0,65.0,3.8484310242747193,0,0.0,34.35918079181945,23.630007247956,12.02305853568996,0.0,26.393082439293014,-2.7630751913370126,0.0,0.0,27.12197761289186,0.0,0.0,0.0,Lower Priority,Lower mismatch and/or FIFA relevance relative to other Harris County tracts.
48201250801,Census Tract 2508.01; Harris County; Texas,30.011429822387665,-95.15036490996546,3576.0,1.1697258330683888,3057.1266350675924,132574.0,1357.0,12.0,0.8843036109064112,0,0.0,66.09516055134212,11.785044410345268,2.7626931625345965,0.0,29.17119205123962,-17.38614764089435,0.0,0.0,27.40652476188949,0.0,0.0,0.0,Lower Priority,Lower mismatch and/or FIFA relevance relative to other Harris County tracts.
48201555001,Census Tract 5550.01; Harris County; Texas,30.067077840316788,-95.4648733090261,2483.0,0.7526304820554238,3299.0957172222948,134444.0,646.0,0.0,0.0,0,0.0,67.27985896133748,12.868470658226252,0.0,0.0,30.0,-17.13152934177375,0.0,0.0,26.545419605540598,0.0,0.0,0.0,Lower Priority,Lower mismatch and/or FIFA relevance relative to other Harris County tracts.
48201533804,Census Tract 5338.04; Harris County; Texas,29.912758308823932,-95.45915633618402,6437.0,1.9397228041128933,3318.515401453909,91601.0,1423.0,70.0,4.919184820801124,11,5.67091337828072,40.13759480121391,12.955423071463242,15.368249209953227,9.772726102942137,32.23043350907353,-19.275010437610284,0.0,0.0,15.980270154999468,20.098649225002664,17.000872288384503,0.0,Lower Priority,Lower mismatch and/or FIFA relevance relative to other Harris County tracts.
48201333801,Census Tract 3338.01; Harris County; Texas,29.612473927573085,-95.28992000203407,4084.0,1.9858067994500441,2056.5948314463603,52550.0,1278.0,0.0,0.0,0,0.0,15.397670946278794,7.305123222770184,0.0,0.0,30.0,-22.694876777229815,0.0,0.0,8.808411913552204,55.957940432238985,39.17055830256729,0.0,Lower Priority,Lower mismatch and/or FIFA relevance relative to other Harris County tracts.
48201252002,Census Tract 2520.02; Harris County; Texas,29.89140993305466,-95.17907096880222,6630.0,9.488409580695679,698.7472393148838,135174.0,1820.0,28.0,1.5384615384615385,0,0.0,67.74233481122872,1.225306293941751,4.80637771994801,0.0,28.558086684015596,-27.332780390073843,0.0,0.0,19.91350639244545,0.43246803777275966,0.30272762644093176,0.0,Lower Priority,Lower mismatch and/or FIFA relevance relative to other Harris County tracts.
48201240400,Census Tract 2404; Harris County; Texas,29.98685218422942,-95.38080638312815,7620.0,8.067957500117313,944.4769633316984,62357.0,2752.0,185.0,6.722383720930232,24,2.9747305931707033,21.61068554885872,2.325570966244612,21.001704971793174,5.126374779138939,27.287950853859304,-24.96237988761469,0.0,0.0,20.894615027022297,0.0,1.5379124337416819,0.0,Lower Priority,Lower mismatch and/or FIFA relevance relative to other Harris County tracts.
48201532200,Census Tract 5322; Harris County; Texas,29.856638734981395,-95.48222504320414,3566.0,0.7182071580084135,4965.14126911309,36058.0,1328.0,162.0,12.198795180722891,7,9.746491554624686,4.9495179101058415,20.32825628459733,38.11081128844318,16.79619949632578,30.32409626089509,-9.99583997629776,0.0,0.0,12.602280486151416,36.98859756924292,30.930878147367775,0.0,Lower Priority,Lower mismatch and/or FIFA relevance relative to other Harris County tracts.
48201555200,Census Tract 5552; Harris County; Texas,30.095678220368626,-95.47197569977956,12804.0,7.207692161018536,1776.4354683803028,101702.0,4026.0,41.0,1.0183805265772479,0,0.0,46.53686680087332,6.050698463902341,3.181568957690374,0.0,29.045529312692885,-22.994830848790542,0.0,0.0,28.553981712696714,0.0,0.0,0.0,Lower Priority,Lower mismatch and/or FIFA relevance relative to other Harris County tracts.
48201431600,Census Tract 4316; Harris County; Texas,29.76452707880753,-95.48379873997636,3582.0,1.1353492273825623,3154.9763840135374,118409.0,1846.0,253.0,13.705308775731313,17,14.973366423291496,57.12122847776767,12.22317057676525,42.8173789840439,25.803710819187643,35.21738387821817,-22.994213301452923,0.0,0.0,7.040786035108274,64.79606982445863,53.09836212287733,0.0,Lower Priority,Lower mismatch and/or FIFA relevance relative to other Harris County tracts.
48201340400,Census Tract 3404; Harris County; Texas,29.579755866558944,-95.11254171562338,1070.0,0.6125916152542372,1746.6775146047821,147115.0,460.0,0.0,0.0,0,0.0,75.30729936403864,5.91745603509065,0.0,0.0,30.0,-24.08254396490935,0.0,0.0,19.346304897274354,3.268475513628233,2.287932859539763,0.0,Lower Priority,Lower mismatch and/or FIFA relevance relative to other Harris County tracts.
48201310900,Census Tract 3109; Harris County; Texas,29.73579023749234,-95.30132511561291,4145.0,0.6718969068063569,6169.10117908104,45763.0,1844.0,226.0,12.25596529284165,35,52.0913247932054,11.097912599413293,25.719034958633625,38.28941903798062,89.76935734781651,81.35172443207736,-55.63268947344373,0.0,0.0,7.4605000890266036,62.69749955486699,70.81905689275183,0.0,Lower Priority,Lower mismatch and/or FIFA relevance relative to other Harris County tracts.
48201252500,Census Tract 2525; Harris County; Texas,29.762550077145523,-95.1252115720646,4545.0,11.702219743421159,388.3878528733954,47298.0,1447.0,87.0,6.012439530062197,1,0.08545387301944893,12.070378941307878,0.0,18.78373600988666,0.14726327837295555,24.46796349189507,-24.46796349189507,0.0,0.0,17.984949284740146,10.07525357629927,7.096856486921375,0.0,Lower Priority,Lower mismatch and/or FIFA relevance relative to other Harris County tracts.
48201452300,Census Tract 4523; Harris County; Texas,29.710942119300817,-95.56434456422161,2216.0,0.7755958384455285,2857.1581874928197,71384.0,833.0,48.0,5.762304921968788,13,16.761307056591452,27.32954787347267,10.889677684475695,18.0022790951234,28.88488186378201,44.81873357611038,-33.92905589163469,0.0,0.0,9.417457727303544,52.91271136348228,45.70436251357219,0.0,Lower Priority,Lower mismatch and/or FIFA relevance relative to other Harris County tracts.
48201412500,Census Tract 4125; Harris County; Texas,29.708939458106023,-95.43670997690276,1706.0,0.2492389819952709,6844.836174272169,162885.0,690.0,33.0,4.782608695652174,8,32.09770773398438,85.29804477881231,28.74466543953006,14.941565520707945,55.31421224275823,64.23747891371838,-35.49281347418832,0.0,0.0,2.288398598390245,88.55800700804878,78.58486857846161,0.0,Lower Priority,Lower mismatch and/or FIFA relevance relative to other Harris County tracts.
48201531000,Census Tract 5310; Harris County; Texas,29.82517510991476,-95.41998859396853,5027.0,0.9213308703916918,5456.23745122405,182632.0,2092.0,0.0,0.0,17,18.451568862305322,97.80833328265098,22.527159091498007,0.0,31.797722277245356,52.258405594071746,-29.73124650257374,0.0,0.0,9.694376219117528,51.52811890441236,45.60899991626225,0.0,Lower Priority,Lower mismatch and/or FIFA relevance relative to other Harris County tracts.
48201552200,Census Tract 5522; Harris County; Texas,29.946007153989367,-95.64758247611009,7367.0,3.854271747488819,1911.3857254096927,88155.0,2973.0,19.0,0.6390850992263707,0,0.0,37.95445537830268,6.654943639864319,1.9965948483470541,0.0,29.40102154549588,-22.74607790563156,0.0,0.0,22.950855752442568,0.0,0.0,0.0,Lower Priority,Lower mismatch and/or FIFA relevance relative to other Harris County tracts.
48201341700,Census Tract 3417; Harris County; Texas,29.623103980507093,-95.01177145646265,3016.0,1.01744405292198,2964.290755190324,58967.0,1319.0,112.0,8.491281273692191,0,0.0,19.463023725391203,11.369368043313163,26.52799833299584,0.0,22.04160050010125,-10.672232456788088,0.0,0.0,24.37598645260612,0.0,0.0,0.0,Lower Priority,Lower mismatch and/or FIFA relevance relative to other Harris County tracts.
48201321800,Census Tract 3218; Harris County; Texas,29.687876142756668,-95.23872791323026,4101.0,0.503833587031684,8139.592328810158,66856.0,1149.0,40.0,3.4812880765883376,11,21.832605612512005,24.460930547024017,34.541987931893146,10.87605054122265,37.62428739994681,53.07418601759597,-18.532198085702824,0.0,0.0,10.347290043813192,48.263549780934035,45.071771066637865,0.0,Established Urban Hub,High urban activity with comparatively balanced mobility capacity.
48201311200,Census Tract 3112; Harris County; Texas,29.71930349258649,-95.29903275860767,4523.0,1.1351658288572546,3984.439880958362,62096.0,1655.0,279.0,16.858006042296072,15,13.21392841352541,21.445334594308566,15.937126575799107,52.66686401888649,22.77165855219242,30.140101780868747,-14.20297520506964,0.0,0.0,7.126947336383597,64.36526331808201,51.88718188831513,0.0,Lower Priority,Lower mismatch and/or FIFA relevance relative to other Harris County tracts.
48201211000,Census Tract 2110; Harris County; Texas,29.797091240236806,-95.33214888674772,1674.0,0.43230507334442764,3872.2654514541973,26563.0,710.0,192.0,27.042253521126757,17,39.32408164559221,0.0,15.434861078969286,84.48393513373402,67.76747475000545,52.09205178488361,-36.657190705914324,0.0,0.0,9.069830217928166,54.65084891035917,58.585836662253044,0.0,Lower Priority,Lower mismatch and/or FIFA relevance relative to other Harris County tracts.
48201211200,Census Tract 2112; Harris County; Texas,29.798173076756225,-95.32037347398817,2330.0,0.6574813966150161,3543.826505199684,30833.0,1046.0,268.0,25.621414913957935,32,48.6705786121845,1.6393311762952854,13.964262554439582,80.0450285673942,83.87436067535144,64.69854390252775,-50.73428134808816,0.0,0.0,9.518891836054085,52.40554081972958,61.84618677641613,0.0,Lower Priority,Lower mismatch and/or FIFA relevance relative to other Harris County tracts.
48201211400,Census Tract 2114; Harris County; Texas,29.76585568825185,-95.32818460554775,4291.0,1.3927253123691152,3081.0095586621696,77773.0,1767.0,327.0,18.505942275042443,70,50.26116735174828,31.37716185286322,11.891981156429038,57.81525661431519,86.61543377192082,73.28622665605,-61.394245499620965,0.0,0.0,7.47543159554987,62.622842022250644,69.8206195471517,0.0,Lower Priority,Lower mismatch and/or FIFA relevance relative to other Harris County tracts.
48201232600,Census Tract 2326; Harris County; Texas,29.783180143037256,-95.24943221414394,2568.0,2.362730537479619,1086.8780672464438,70764.0,947.0,0.0,0.0,17,7.195065086911817,26.936760165345863,2.963177607285734,0.0,12.399307782858187,38.67951544800073,-35.71633784071499,0.0,0.0,11.83441117853184,40.827944107340805,32.29935320999602,0.0,Lower Priority,Lower mismatch and/or FIFA relevance relative to other Harris County tracts.
48201413000,Census Tract 4130; Harris County; Texas,29.697288417031498,-95.44237710958669,3111.0,0.6180846906638207,5033.29082080774,111219.0,1410.0,58.0,4.113475177304964,24,38.8296302473114,52.56615812061975,20.633398629354,12.851095038442548,66.91538307371184,72.98543964006552,-52.35204101071152,0.0,0.0,2.093642642733786,89.53178678633107,82.7468656725453,0.0,Lower Priority,Lower mismatch and/or FIFA relevance relative to other Harris County tracts.
48201420800,Census Tract 4208; Harris County; Texas,29.684375640477338,-95.46846157954512,2829.0,0.8113160796430828,3486.9270694653856,226250.0,920.0,0.0,0.0,24,29.581565806705285,100.0,13.709493054075303,0.0,50.97812663340927,65.6846886433865,-51.97519558931119,0.0,0.0,3.474997522616566,82.62501238691718,73.1309466608648,0.0,Lower Priority,Lower mismatch and/or FIFA relevance relative to other Harris County tracts.
48201251800,Census Tract 2518; Harris County; Texas,29.962649166746957,-95.03293944372771,1813.0,13.976713582404756,129.71575823678467,87167.0,612.0,37.0,6.045751633986928,0,0.0,37.32852915954577,0.0,18.88780787005713,0.0,24.33365763898286,-24.33365763898286,0.0,0.0,29.691248473055488,0.0,0.0,0.0,Lower Priority,Lower mismatch and/or FIFA relevance relative to other Harris County tracts.
48201540700,Census Tract 5407; Harris County; Texas,29.857141532460602,-95.61510655200021,5372.0,2.8815317607893594,1864.286235917944,67156.0,1985.0,79.0,3.9798488664987404,0,0.0,24.65098911547247,6.444053790951597,12.433626998454926,0.0,26.269911900463523,-19.825858109511927,0.0,0.0,17.09203028152201,14.539848592389948,10.177894014672964,0.0,Lower Priority,Lower mismatch and/or FIFA relevance relative to other Harris County tracts.
48201252800,Census Tract 2528; Harris County; Texas,29.862005946950703,-95.03320001714987,6690.0,23.554625890574318,284.0206433793155,63109.0,2365.0,144.0,6.088794926004228,0,0.0,22.08709902710284,0.0,19.02228137789149,0.0,24.293315586632552,-24.293315586632552,0.0,0.0,25.766761836950234,0.0,0.0,0.0,Lower Priority,Lower mismatch and/or FIFA relevance relative to other Harris County tracts.
48201411600,Census Tract 4116; Harris County; Texas,29.73547504144903,-95.45374500105004,2806.0,0.5269190211930954,5325.296463290342,127426.0,1469.0,25.0,1.7018379850238259,15,28.467372398202116,62.833755516766665,21.94086557834517,5.3167895132168255,49.05802906170096,62.74558348922561,-40.80471791088044,0.0,0.0,4.3520342670969345,78.23982866451533,69.48528878367101,0.0,Lower Priority,Lower mismatch and/or FIFA relevance relative to other Harris County tracts.
48201332900,Census Tract 3329; Harris County; Texas,29.690417984364352,-95.29047392580685,4635.0,0.7128368630852466,6502.188986045339,41194.0,1507.0,111.0,7.365627073656271,25,35.07113800455954,8.203320601943355,27.210448943018257,23.011290809173783,60.43834616654918,65.40345507383229,-38.193006130814034,0.0,0.0,7.242926145132256,63.78536927433872,62.78126234200185,0.0,Lower Priority,Lower mismatch and/or FIFA relevance relative to other Harris County tracts.
48201254800,Census Tract 2548; Harris County; Texas,29.74686165810224,-95.01311101296193,2482.0,7.14813435865473,347.2234677562929,46875.0,872.0,31.0,3.555045871559633,0,0.0,11.80239635979556,0.0,11.106480625797294,0.0,26.668055812260814,-26.668055812260814,0.0,0.0,24.289034879406177,0.0,0.0,0.0,Lower Priority,Lower mismatch and/or FIFA relevance relative to other Harris County tracts.
48201221800,Census Tract 2218; Harris County; Texas,29.882439459400448,-95.36110152107358,4032.0,1.2129186954423739,3324.212921402333,58540.0,1253.0,93.0,7.42218675179569,1,0.8244575697922453,19.192507029632903,12.98093394502188,23.18799147413066,1.4207937021107624,24.038158149238335,-11.057224204216455,0.0,0.0,13.945729911689789,30.27135044155106,21.61618341971897,0.0,Lower Priority,Lower mismatch and/or FIFA relevance relative to other Harris County tracts.
48201221900,Census Tract 2219; Harris County; Texas,29.88186767592265,-95.34910379668825,4854.0,1.0285997025887468,4719.036946815761,59154.0,1157.0,45.0,3.8893690579083837,6,5.8331729874113245,19.58149356639074,19.226314333503698,12.150954909980923,10.05234926270985,33.391358010902614,-14.165043677398916,0.0,0.0,14.07937773216847,29.60311133915765,23.73788271622331,0.0,Lower Priority,Lower mismatch and/or FIFA relevance relative to other Harris County tracts.
48201222000,Census Tract 2220; Harris County; Texas,29.868392397676804,-95.33711569847642,2028.0,0.43882209167846553,4621.462862644481,40598.0,537.0,9.0,1.675977653631285,10,22.788278415406708,7.825737579292428,18.78942246714316,5.235998074803698,39.271205263741166,55.91904426217771,-37.129621795034545,0.0,0.0,13.406069619154236,32.969651904228826,34.86011791208252,0.0,Lower Priority,Lower mismatch and/or FIFA relevance relative to other Harris County tracts.
48201520400,Census Tract 5204; Harris County; Texas,29.808372998816267,-95.47727236122634,3837.0,0.7878727287807027,4870.075914339706,34623.0,1395.0,269.0,19.2831541218638,26,33.00025378494458,4.040404424360741,19.902597354504138,60.24337952207236,56.86957639011191,51.735689616456625,-31.833092261952487,0.0,0.0,9.41404209158679,52.929789542066054,54.11172559647981,0.0,Lower Priority,Lower mismatch and/or FIFA relevance relative to other Harris County tracts.
48201350700,Census Tract 3507; Harris County; Texas,29.533973030149628,-95.18696500609842,2360.0,0.5479279979458656,4307.135260193739,92917.0,870.0,9.0,1.0344827586206897,0,0.0,40.97131838814113,17.38200804916846,3.2318746737581447,0.0,29.030437597872556,-11.648429548704097,0.0,0.0,17.006805834798435,14.965970826007824,10.476179578205477,0.0,Lower Priority,Lower mismatch and/or FIFA relevance relative to other Harris County tracts.
48201341400,Census Tract 3414; Harris County; Texas,29.588341168308226,-95.06341891912894,5678.0,5.191485608115653,1093.713905538676,147572.0,2179.0,0.0,0.0,0,0.0,75.59682191664177,2.9937853467792417,0.0,0.0,30.0,-27.00621465322076,0.0,0.0,21.92885994358139,0.0,0.0,0.0,Lower Priority,Lower mismatch and/or FIFA relevance relative to other Harris County tracts.
48201310600,Census Tract 3106; Harris County; Texas,29.732538988452504,-95.3248198245696,4598.0,0.6856483212850047,6706.06177724271,51837.0,2204.0,400.0,18.148820326678766,22,32.08641998680723,14.945965081932972,28.123297523692592,56.69955567996745,55.29475998628328,51.69646528640806,-23.57316776271547,0.0,0.0,6.127054538944407,69.36472730527797,65.14373710957956,0.0,Lower Priority,Lower mismatch and/or FIFA relevance relative to other Harris County tracts.
48201254700,Census Tract 2547; Harris County; Texas,29.699883873547012,-94.95969856680074,2665.0,5.651124783774093,471.5875338042323,61250.0,979.0,138.0,14.096016343207355,0,0.0,20.909369431283928,0.20818962259030713,44.03800627980965,0.0,16.788598116057106,-16.5804084934668,0.0,0.0,27.146581970665306,0.0,0.0,0.0,Lower Priority,Lower mismatch and/or FIFA relevance relative to other Harris County tracts.
48201322600,Census Tract 3226; Harris County; Texas,29.69905717116388,-95.15777446673447,4985.0,0.9571460927202476,5208.191349172654,66946.0,1699.0,43.0,2.530900529723367,0,0.0,24.517948117558554,21.41652274385409,7.906901546353554,0.0,27.627929536093934,-6.211406792239842,0.0,0.0,15.245678807788806,23.771605961055965,16.640124172739174,0.0,Lower Priority,Lower mismatch and/or FIFA relevance relative to other Harris County tracts.
48201310700,Census Tract 3107; Harris County; Texas,29.721098334241017,-95.31607189936172,3342.0,0.7517937986778623,4445.367873314981,63527.0,1559.0,67.0,4.297626683771648,18,23.942735403850886,22.351913965807686,18.00095010587709,13.426411141997166,41.26068935441738,54.85455920549302,-36.85360909961592,0.0,0.0,6.2194677965725145,68.90266101713742,60.61006951832141,0.0,Lower Priority,Lower mismatch and/or FIFA relevance relative to other Harris County tracts.
48201231200,Census Tract 2312; Harris County; Texas,29.865246821620286,-95.24618111657234,5432.0,5.3623952730031,1012.9801559663689,28229.0,2561.0,395.0,15.42366263178446,25,4.662095710449047,0.0,2.6322967524613743,48.185766481712285,8.034223308438728,21.168226371393423,-18.535929618932048,0.0,0.0,15.889883606013465,20.55058196993268,16.795674371484495,0.0,Lower Priority,Lower mismatch and/or FIFA relevance relative to other Harris County tracts.
48201222100,Census Tract 2221; Harris County; Texas,29.879528873410127,-95.33485194426278,4972.0,0.879380870866055,5653.9778891293645,69342.0,1406.0,54.0,3.8406827880512093,19,21.606110195788,26.035882550900197,23.412549814917476,11.99885191822014,37.23396620765123,52.46412076988982,-29.05157095497234,0.0,0.0,14.175721508645482,29.12139245677259,31.555164582036177,0.0,Lower Priority,Lower mismatch and/or FIFA relevance relative to other Harris County tracts.
48201222200,Census Tract 2222; Harris County; Texas,29.894005854072194,-95.32365698868098,3378.0,1.154808390070943,2925.160597242007,55357.0,1304.0,268.0,20.552147239263803,24,20.782668541683886,17.175985618394822,11.194161195283586,64.20789868212755,35.814923240404774,35.808076663645075,-24.61391546836149,0.0,0.0,15.33959682833271,23.302015858336457,27.055888072956947,0.0,Lower Priority,Lower mismatch and/or FIFA relevance relative to other Harris County tracts.
48201222300,Census Tract 2223; Harris County; Texas,29.896238390240946,-95.34889731036881,4725.0,1.928507694713711,2450.080968280208,39314.0,1404.0,61.0,4.344729344729345,16,8.296570474599644,7.01228690633305,9.066973146019954,13.573566709112434,14.297539996387751,35.93620798473769,-26.869234838717738,0.0,0.0,15.039883427843431,24.80058286078284,21.649670001464308,0.0,Lower Priority,Lower mismatch and/or FIFA relevance relative to other Harris County tracts.
48201211900,Census Tract 2119; Harris County; Texas,29.78381698347125,-95.29950979139294,4150.0,0.4816717092335062,8615.826755953713,49202.0,1593.0,122.0,7.6585059635907085,6,12.456616996559585,13.27661732239406,36.67434663622551,23.926287080469375,21.466578301631124,37.84871868700097,-1.1743720507754603,0.0,0.0,9.556491724569526,52.21754137715238,42.992252454496,0.0,Established Urban Hub,High urban activity with comparatively balanced mobility capacity.
48201422000,Census Tract 4220; Harris County; Texas,29.662001370198727,-95.48465750080267,2279.0,0.5646307773244117,4036.265983939781,126417.0,913.0,7.0,0.7667031763417306,12,21.252826593803146,62.19452519821837,16.169180025750013,2.3952922919784716,36.62515001728552,54.919017324506314,-38.749837298756304,0.0,0.0,4.7165948399647615,76.41702580017619,64.47946306530899,0.0,Lower Priority,Lower mismatch and/or FIFA relevance relative to other Harris County tracts.
48201211600,Census Tract 2116; Harris County; Texas,29.78091920347439,-95.31159241755468,2802.0,0.4550032470408209,6158.197811165547,49485.0,1066.0,221.0,20.73170731707317,21,46.153516786037294,13.455905905297099,25.67021469248741,64.76887049442135,79.53668979761962,66.24502171000732,-40.574807017519916,0.0,0.0,8.913759384143576,55.43120307928212,62.66284909478337,0.0,Lower Priority,Lower mismatch and/or FIFA relevance relative to other Harris County tracts.
48201211700,Census Tract 2117; Harris County; Texas,29.800229397613023,-95.30463995198184,3838.0,1.7151140510153622,2237.7520595367237,49508.0,1396.0,59.0,4.226361031518625,38,22.155960985512117,13.470477062211481,8.116261960656445,13.203766873925945,38.18152805651329,52.765939577381516,-44.64967761672507,0.0,0.0,10.198626983570898,49.00686508214551,45.759263974455834,0.0,Lower Priority,Lower mismatch and/or FIFA relevance relative to other Harris County tracts.
48201531200,Census Tract 5312; Harris County; Texas,29.826857038577284,-95.45194898722463,3801.0,0.7393578342533688,5140.94775750688,92837.0,1607.0,82.0,5.102675793403858,7,9.467675428189468,40.92063610322154,21.11543687137923,15.94150170959732,16.315713645991604,36.638549039314924,-15.523112167935693,0.0,0.0,10.103293608569443,49.483531957152785,39.53318646380443,0.0,Lower Priority,Lower mismatch and/or FIFA relevance relative to other Harris County tracts.
48201342900,Census Tract 3429; Harris County; Texas,29.67174966189532,-95.10524541722764,6997.0,2.2952329303275456,3048.492337116076,114367.0,2403.0,73.0,3.0378693300041615,0,0.0,54.56050603220552,11.746383995760906,9.490745851499502,0.0,27.15277624455015,-15.406392248789244,0.0,0.0,18.397083127525274,8.014584362373633,5.610209053661542,0.0,Lower Priority,Lower mismatch and/or FIFA relevance relative to other Harris County tracts.
48201312300,Census Tract 3123; Harris County; Texas,29.737727811748986,-95.36036739868656,2733.0,0.5448140840372206,5016.390141289531,74789.0,1180.0,440.0,37.28813559322034,11,20.190373784919448,29.48671262536261,20.55772516052072,100.0,34.7942173956926,24.355952176984818,-3.7982270164640966,0.0,0.0,4.744516416236713,76.27741791881644,63.83245776187928,0.0,Lower Priority,Lower mismatch and/or FIFA relevance relative to other Harris County tracts.
48201332000,Census Tract 3320; Harris County; Texas,29.672440216781375,-95.34681363374987,5918.0,0.8530467731426675,6937.485946049345,22162.0,1822.0,425.0,23.32601536772777,30,35.16805988196694,0.0,29.159508500096777,72.87386636309756,60.60537233995419,50.56160072903866,-21.402092228941882,0.0,0.0,3.935201638479165,80.32399180760417,74.40840596730916,0.0,Lower Priority,Lower mismatch and/or FIFA relevance relative to other Harris County tracts.
48201412600,Census Tract 4126; Harris County; Texas,29.714830248274716,-95.44450784277325,3850.0,0.46776122066553893,8230.695128001744,,1361.0,68.0,4.996326230712711,7,14.964900232730443,,34.94990436080487,15.609250199978106,25.7891209716676,43.36960962017389,-8.419705259369017,0.0,0.0,2.905958302300238,85.47020848849881,67.56588223344944,0.0,Established Urban Hub,High urban activity with comparatively balanced mobility capacity.
48201231400,Census Tract 2314; Harris County; Texas,29.864834725617616,-95.28578962219753,3699.0,1.2922889439696272,2862.362954710025,49535.0,1327.0,109.0,8.214016578749057,2,1.5476415002487294,13.487582333371842,10.912982237962511,25.66178307899898,2.667061807962708,24.1684083418742,-13.25542610391169,0.0,0.0,14.504383130381637,27.478084348091812,20.034777586053078,0.0,Lower Priority,Lower mismatch and/or FIFA relevance relative to other Harris County tracts.
48201252700,Census Tract 2527; Harris County; Texas,29.915662286296484,-95.02721849177232,5593.0,18.156922347376828,308.0367858051689,64291.0,1985.0,205.0,10.327455919395465,0,0.0,22.835929786789748,0.0,32.26447512257291,0.0,20.320657463228123,-20.320657463228123,0.0,0.0,28.000810929162984,0.0,0.0,0.0,Lower Priority,Lower mismatch and/or FIFA relevance relative to other Harris County tracts.
48201532700,Census Tract 5327; Harris County; Texas,29.876391316102293,-95.48068329980089,5389.0,1.01613014727646,5303.454497875268,77628.0,1818.0,371.0,20.407040704070408,5,4.920629521131256,31.285300211446472,21.843067304180252,63.754564750575504,8.479756497117608,16.809460122809675,5.033607181370577,5.033607181370577,11.09348902276179,13.860795114300755,30.696024428496226,24.03114404908264,2.6658923271290558,Lower Priority,Lower mismatch and/or FIFA relevance relative to other Harris County tracts.
48201530200,Census Tract 5302; Harris County; Texas,29.815809921931937,-95.42428188513976,4156.0,1.3642024015089504,3046.468761089285,147083.0,1693.0,141.0,8.328411104548138,32,23.45692982551904,75.2870264500708,11.737323353126381,26.019168224054045,40.423497082269165,50.4906974903722,-38.753374137245814,0.0,0.0,9.069884925703528,54.650575371482354,50.38245188471839,0.0,Lower Priority,Lower mismatch and/or FIFA relevance relative to other Harris County tracts.
48201555600,Census Tract 5556; Harris County; Texas,30.058778648674135,-95.73228571906897,9965.0,20.96696767961421,475.271396048785,145680.0,2860.0,145.0,5.06993006993007,0,0.0,74.39818587829353,0.22468426320217832,15.839199304374125,0.0,25.248240208687765,-25.023555945485587,0.0,0.0,32.2076128331726,0.0,0.0,0.0,Lower Priority,Lower mismatch and/or FIFA relevance relative to other Harris County tracts.
48201220100,Census Tract 2201; Harris County; Texas,29.815162771392,-95.34346353783712,1524.0,0.6799170208436006,2241.4499906313736,50417.0,568.0,0.0,0.0,18,26.473818786984726,14.046354524610294,8.132819595107598,0.0,45.62252368287161,61.935766578010124,-53.802946982902526,0.0,0.0,9.855356564239132,50.72321717880433,49.193009130024514,0.0,Lower Priority,Lower mismatch and/or FIFA relevance relative to other Harris County tracts.
48201220200,Census Tract 2202; Harris County; Texas,29.816556209664956,-95.36493698612246,2405.0,0.5751018678640829,4181.867829663157,66167.0,744.0,66.0,8.870967741935484,8,13.910579059170583,24.02442936815407,16.821118116318818,27.71419411099054,23.97220165613102,38.46628292599455,-21.64516480967573,0.0,0.0,9.491789363589513,52.54105318205243,43.970397724276005,0.0,Lower Priority,Lower mismatch and/or FIFA relevance relative to other Harris County tracts.
48201222800,Census Tract 2228; Harris County; Texas,29.918118345842434,-95.36626389298046,4090.0,2.6121753119253928,1565.7448339427594,38514.0,940.0,0.0,0.0,3,1.1484680933565472,6.505464057137175,5.10732271730018,0.0,1.9791633843901972,31.38541436907314,-26.27809165177296,0.0,0.0,16.301788069397585,18.491059653012076,13.537490772425512,0.0,Lower Priority,Lower mismatch and/or FIFA relevance relative to other Harris County tracts.
48201222900,Census Tract 2229; Harris County; Texas,29.91438044166038,-95.34481853779995,7872.0,2.2412933004726905,3512.2578550249486,48733.0,2076.0,60.0,2.8901734104046244,11,4.907880640913928,12.979492427052977,13.822912660044336,9.029322306260712,8.457786259490572,33.211653689765186,-19.388741029720848,0.0,0.0,16.311681906776165,18.441590466119173,15.446449204130593,0.0,Lower Priority,Lower mismatch and/or FIFA relevance relative to other Harris County tracts.
48201223100,Census Tract 2231; Harris County; Texas,29.9252826317901,-95.32321983679407,2160.0,1.8346443294612496,1177.33991559786,66250.0,608.0,4.0,0.6578947368421052,6,3.2703886544385,24.077012238758144,3.3682241531625823,2.05535889339882,5.635884457767296,33.32851145241746,-29.960287299254876,0.0,0.0,17.388512478674155,13.057437606629229,10.830971661970649,0.0,Lower Priority,Lower mismatch and/or FIFA relevance relative to other Harris County tracts.
48201220300,Census Tract 2203; Harris County; Texas,29.82423692231006,-95.36565883343188,3773.0,0.768474184131213,4909.729016161432,49536.0,1267.0,117.0,9.234411996842937,18,23.42303797797662,13.488215861933336,20.080145704652807,28.84964685099023,40.36509101589839,49.60066965583181,-29.520523951179,0.0,0.0,9.987543379905155,50.062283100474225,47.153125475101476,0.0,Lower Priority,Lower mismatch and/or FIFA relevance relative to other Harris County tracts.
48201220400,Census Tract 2204; Harris County; Texas,29.83303448188644,-95.36599840110354,4176.0,0.7417995443039911,5629.553202163556,56200.0,1552.0,234.0,15.077319587628866,14,18.87302318732993,17.710050195734972,23.303187301660042,47.10374041263481,32.52401756843081,38.63569017411112,-15.332502872451077,0.0,0.0,10.567002283975732,47.16498858012134,42.772697276614174,0.0,Lower Priority,Lower mismatch and/or FIFA relevance relative to other Harris County tracts.
48201220500,Census Tract 2205; Harris County; Texas,29.836205853410238,-95.3814642084375,3429.0,0.9280953802093554,3694.663364477153,24835.0,1561.0,512.0,32.79948750800769,33,35.5566902968055,0.0,14.639640627678945,100.0,61.27510194895087,42.892571364265606,-28.252930736586663,0.0,0.0,10.585075021557989,47.07462489221006,51.334768009232306,0.0,Lower Priority,Lower mismatch and/or FIFA relevance relative to other Harris County tracts.
48201220600,Census Tract 2206; Harris County; Texas,29.84180518198636,-95.36688016839402,3168.0,0.641279005633941,4940.127420619751,,926.0,160.0,17.278617710583152,16,24.950138487978542,,20.216255777024735,53.98091607716987,42.996754386576896,43.90345324745286,-23.687197470428124,0.0,0.0,11.139789179161964,44.301054104190186,43.909764188906195,0.0,Lower Priority,Lower mismatch and/or FIFA relevance relative to other Harris County tracts.
48201230100,Census Tract 2301; Harris County; Texas,29.81406198078775,-95.33001775039196,1783.0,0.5264989420446012,3386.5215247649194,51389.0,694.0,104.0,14.985590778097983,14,26.590746689124437,14.662144286383283,13.259923209892802,46.817166263470526,45.82402638361458,48.031668589489044,-34.77174537959624,0.0,0.0,10.14683686872859,49.26581565635705,48.23327887453431,0.0,Lower Priority,Lower mismatch and/or FIFA relevance relative to other Harris County tracts.
48201230200,Census Tract 2302; Harris County; Texas,29.8195482947827,-95.30564596455612,5269.0,3.003336953153379,1754.3819032585634,37500.0,1902.0,245.0,12.88117770767613,56,18.645926472286877,5.863066095781405,5.951952743583541,40.24267360156259,32.132660154386414,40.42006002760171,-34.46810728401817,0.0,0.0,11.233680892316709,43.83159553841646,40.321914923207444,0.0,Lower Priority,Lower mismatch and/or FIFA relevance relative to other Harris County tracts.
48201230500,Census Tract 2305; Harris County; Texas,29.848548800998007,-95.32871891766763,3566.0,1.3359246655194603,2669.3121940475576,34103.0,1289.0,69.0,5.352986811481769,5,3.742726015209699,3.710969572383423,10.048589732058044,16.723509754822985,6.449866853034099,29.49785387067697,-19.449264138618926,0.0,0.0,12.317079524385703,38.414602378071486,28.825181720560266,0.0,Lower Priority,Lower mismatch and/or FIFA relevance relative to other Harris County tracts.
48201230600,Census Tract 2306; Harris County; Texas,29.844872479085453,-95.30926590948027,3076.0,0.8364965041167456,3677.241907003473,44265.0,950.0,57.0,6.0,32,38.25479227051727,10.148886814294018,14.561635354710809,18.74487310779724,65.92476062437342,70.52387050472223,-55.962235150011416,0.0,0.0,12.607424184257912,36.96287907871044,45.65144354240934,0.0,Lower Priority,Lower mismatch and/or FIFA relevance relative to other Harris County tracts.
48201230700,Census Tract 2307; Harris County; Texas,29.853007238654246,-95.30992669072971,3446.0,1.0418499564656065,3307.578004504873,41715.0,1119.0,151.0,13.494191242180516,17,16.317128867261417,8.533388982482169,12.906450438957648,42.157817087837095,28.119426372635143,37.036253334493466,-24.129802895535818,0.0,0.0,13.082229474189862,34.58885262905069,32.64802475212603,0.0,Lower Priority,Lower mismatch and/or FIFA relevance relative to other Harris County tracts.
48201230800,Census Tract 2308; Harris County; Texas,29.839827166270922,-95.29372368523305,2351.0,0.7150164097702187,3288.0364252836225,41083.0,839.0,60.0,7.151370679380214,11,15.384262304602233,8.132998931617427,12.81895223602686,22.341922655300642,26.51181066783923,41.855690670897275,-29.036738434870415,0.0,0.0,12.793066912500407,36.03466543749796,33.177809006600334,0.0,Lower Priority,Lower mismatch and/or FIFA relevance relative to other Harris County tracts.
48201210400,Census Tract 2104; Harris County; Texas,29.786441681396898,-95.36219927363132,3628.0,0.6995997366817774,5185.822420699746,54004.0,1475.0,249.0,16.88135593220339,22,31.44655271648137,16.318821474692296,21.316364971510986,52.73981247278545,54.19207208435175,52.11250671721059,-30.796141745699607,0.0,0.0,7.591974612673331,62.04012693663334,59.68571048094886,0.0,Lower Priority,Lower mismatch and/or FIFA relevance relative to other Harris County tracts.
48201220800,Census Tract 2208; Harris County; Texas,29.830846567670775,-95.33870377611963,3927.0,0.6697536537242879,5863.349872245111,32955.0,1194.0,214.0,17.922948073701843,17,25.38246697941607,2.983678783787343,24.350021247459697,55.99389789319667,43.741789207510465,43.821083077298326,-19.47106182983863,0.0,0.0,10.959569872496756,45.202150637516226,44.764042208514496,0.0,Lower Priority,Lower mismatch and/or FIFA relevance relative to other Harris County tracts.
48201220900,Census Tract 2209; Harris County; Texas,29.848840532776215,-95.33763756997206,1790.0,0.5781292948892142,3096.193214604381,23083.0,672.0,128.0,19.047619047619047,16,27.675470074676028,0.0,11.959966583493099,59.50753367554679,47.6933380512997,45.53307653324575,-33.57310994975265,0.0,0.0,12.131334215690723,39.34332892154638,41.848331660472375,0.0,Lower Priority,Lower mismatch and/or FIFA relevance relative to other Harris County tracts.
48201221000,Census Tract 2210; Harris County; Texas,29.85970081880765,-95.3446748595698,3508.0,0.9593623191102812,3656.5955636587246,34574.0,1024.0,102.0,9.9609375,11,11.465949600982318,4.009361524847494,14.46919052620928,31.11941824536651,19.759354002778075,34.49572232833469,-20.02653180212541,0.0,0.0,12.693084098592555,36.53457950703722,31.502011855759477,0.0,Lower Priority,Lower mismatch and/or FIFA relevance relative to other Harris County tracts.
48201221100,Census Tract 2211; Harris County; Texas,29.85987114122477,-95.35623254995245,3233.0,1.1824185554283133,2734.2263745420455,73110.0,988.0,79.0,7.995951417004049,9,7.611517900055184,28.423018170612767,10.339245572800733,24.980515781308736,13.116983932389456,31.687734018279997,-21.348488445479262,0.0,0.0,12.504695683919591,37.47652158040204,30.168660285998264,0.0,Lower Priority,Lower mismatch and/or FIFA relevance relative to other Harris County tracts.
48201221200,Census Tract 2212; Harris County; Texas,29.86459530832833,-95.37403480496428,5407.0,0.9654916908771426,5600.255342526851,47390.0,1511.0,26.0,1.7207147584381206,15,15.536125418513548,12.128663568965404,23.17200496276583,5.375763300272758,26.773517472086894,47.128733240379,-23.95672827761317,0.0,0.0,12.588475137153354,37.05762431423323,33.97239226158933,0.0,Lower Priority,Lower mismatch and/or FIFA relevance relative to other Harris County tracts.
48201230900,Census Tract 2309; Harris County; Texas,29.817865965753427,-95.28097595919704,4524.0,2.454651808874612,1843.0312534119148,28250.0,1714.0,383.0,22.345390898483082,54,21.999046791388903,0.0029269019541055302,6.348883756250387,69.81025282269879,37.91111668914816,35.59470583559408,-29.24582207934369,0.0,0.0,12.041049047383352,39.79475476308324,39.22966334090272,0.0,Lower Priority,Lower mismatch and/or FIFA relevance relative to other Harris County tracts.
48201231000,Census Tract 2310; Harris County; Texas,29.840216854314612,-95.27707197647251,6115.0,1.590852090616537,3843.8520061472987,52500.0,1634.0,65.0,3.9779681762545898,40,25.143758012410782,15.365994518204051,15.307638740627135,12.427751448457979,43.33042031554439,56.60296878634367,-41.29533004571654,0.0,0.0,13.390796347604647,33.04601826197676,36.131338878047046,0.0,Lower Priority,Lower mismatch and/or FIFA relevance relative to other Harris County tracts.
48201251600,Census Tract 2516; Harris County; Texas,30.101355275096264,-95.11343875865867,7420.0,22.38462669717768,331.4774957107297,96293.0,2316.0,32.0,1.381692573402418,0,0.0,43.11011081174772,0.0,4.316608660402357,0.0,28.705017401879292,-28.705017401879292,0.0,0.0,33.798862775491585,0.0,0.0,0.0,Lower Priority,Lower mismatch and/or FIFA relevance relative to other Harris County tracts.
48201332300,Census Tract 3323; Harris County; Texas,29.666560485710946,-95.32336357316166,2910.0,0.46468475866627273,6262.30997623467,44451.0,987.0,124.0,12.563323201621074,13,27.97595522029234,10.26672312673206,26.136381077693137,39.24964987110533,48.2111662793516,51.97292143421451,-25.836540356521375,0.0,0.0,5.400966074981772,72.99516962509114,65.55996862136928,0.0,Lower Priority,Lower mismatch and/or FIFA relevance relative to other Harris County tracts.
48201254200,Census Tract 2542; Harris County; Texas,29.728715605656106,-94.96450493612079,2570.0,0.48657327613620255,5281.83549332578,52940.0,853.0,93.0,10.902696365767877,0,0.0,15.644747085261784,21.746267346212896,34.061609984860155,0.0,19.781517004541953,1.9647503416709426,1.9647503416709426,4.330082893329663,27.0043002781858,0.0,0.0,0.0,Lower Priority,Lower mismatch and/or FIFA relevance relative to other Harris County tracts.
48201252400,Census Tract 2524; Harris County; Texas,29.781835702348342,-95.14285590089187,6395.0,2.0546233315756983,3112.4926412159693,52736.0,2109.0,123.0,5.832147937411095,0,0.0,15.515507258716834,12.032947918377506,18.220478838778728,0.0,24.53385634836638,-12.500908429988876,0.0,0.0,17.43923453493619,12.80382732531905,8.962679127723334,0.0,Lower Priority,Lower mismatch and/or FIFA relevance relative to other Harris County tracts.
48201313400,Census Tract 3134; Harris County; Texas,29.6941890072586,-95.33818561007789,3803.0,0.7214708795545728,5271.17602078122,42500.0,1598.0,296.0,18.523153942428035,27,37.423547873019444,9.03070890325562,21.69853913134965,57.86902836783461,64.49227113291617,57.783881282690935,-36.08534215134128,0.0,0.0,4.410797519666333,77.94601240166834,73.90989002104268,0.0,Lower Priority,Lower mismatch and/or FIFA relevance relative to other Harris County tracts.
48201313500,Census Tract 3135; Harris County; Texas,29.688713893069377,-95.34789317985302,1781.0,0.6284113789961969,2834.1307295308834,29922.0,943.0,145.0,15.37645811240721,23,36.60022839933201,1.0621866567734835,10.786571319994025,48.0382926940721,63.07343872006681,59.73991929582514,-48.953347975831115,0.0,0.0,3.7883448964344018,81.058275517828,75.66282447849963,0.0,Lower Priority,Lower mismatch and/or FIFA relevance relative to other Harris County tracts.
48201313600,Census Tract 3136; Harris County; Texas,29.69164764708361,-95.35757449433774,4618.0,0.8944129862045881,5163.162958530298,34013.0,1797.0,343.0,19.087367835281025,33,36.89570758585965,3.6539520018488867,21.21490632291575,59.63171467236555,63.58264014255974,56.618333698082154,-35.4034273751664,0.0,0.0,3.2314534794208134,83.84273260289594,77.76470486479508,0.0,Lower Priority,Lower mismatch and/or FIFA relevance relative to other Harris County tracts.
48201313700,Census Tract 3137; Harris County; Texas,29.697541551994185,-95.36654627527838,2327.0,0.5164120231526799,4506.0918330168515,48240.0,943.0,200.0,21.208907741251327,32,61.96602434745993,12.667162846236021,18.272844065346717,66.25971406078911,100.0,80.12208578176327,-61.84924171641656,0.0,0.0,2.799505330579896,86.00247334710052,90.20173134297036,0.0,Lower Priority,Lower mismatch and/or FIFA relevance relative to other Harris County tracts.
48201250500,Census Tract 2505; Harris County; Texas,29.993117642315966,-95.1961737835109,5469.0,1.7612019073740983,3105.265771687769,70617.0,2201.0,10.0,0.4543389368468878,0,0.0,26.843631466806123,12.000589320877605,1.4194209531877358,0.0,29.574173714043678,-17.573584393166072,0.0,0.0,24.849553554101632,0.0,0.0,0.0,Lower Priority,Lower mismatch and/or FIFA relevance relative to other Harris County tracts.
48201253700,Census Tract 2537; Harris County; Texas,29.76358069757474,-94.97088030591827,6116.0,1.574259736455334,3885.000586860609,58083.0,2125.0,275.0,12.941176470588237,0,0.0,18.90298447702976,15.49188315735533,40.43011846779797,0.0,17.87096445966061,-2.379081302305279,0.0,0.0,26.998094513619524,0.0,0.0,0.0,Lower Priority,Lower mismatch and/or FIFA relevance relative to other Harris County tracts.
48201253800,Census Tract 2538; Harris County; Texas,29.766358514135042,-94.94824128219075,7805.0,2.9139180098478996,2678.524232192588,51898.0,2885.0,259.0,8.977469670710573,0,0.0,14.984610324184155,10.089837001477472,28.04692163442799,0.0,21.585923509671602,-11.49608650819413,0.0,0.0,28.369595395486417,0.0,0.0,0.0,Lower Priority,Lower mismatch and/or FIFA relevance relative to other Harris County tracts.
48201253900,Census Tract 2539; Harris County; Texas,29.75093181768618,-94.93471267334533,4042.0,1.6980270999890663,2380.4095941849378,77132.0,1523.0,34.0,2.2324359816152333,0,0.0,30.971070044945026,8.755016780567896,6.97445486610972,0.0,27.907663540167082,-19.152646759599186,0.0,0.0,28.983201526112932,0.0,0.0,0.0,Lower Priority,Lower mismatch and/or FIFA relevance relative to other Harris County tracts.
48201254000,Census Tract 2540; Harris County; Texas,29.73494927092244,-94.94275424249724,3662.0,0.9909902635294442,3695.2936217129595,51618.0,1540.0,186.0,12.077922077922079,0,0.0,14.807222326965599,14.642462629672378,37.73318612608535,0.0,18.680044162174394,-4.037581532502015,0.0,0.0,28.352667015825496,0.0,0.0,0.0,Lower Priority,Lower mismatch and/or FIFA relevance relative to other Harris County tracts.
48201254100,Census Tract 2541; Harris County; Texas,29.7463599003951,-94.95587936515597,6168.0,1.2455157562794783,4952.165373182142,67619.0,1882.0,315.0,16.7375132837407,0,0.0,24.944312839444585,20.2701561913285,52.290427107298356,0.0,14.312871867810493,5.957284323518007,5.957284323518007,13.12916679176053,27.677684859240657,0.0,0.0,0.0,Lower Priority,Lower mismatch and/or FIFA relevance relative to other Harris County tracts.
48201254300,Census Tract 2543; Harris County; Texas,29.74223219786546,-94.97335245994665,5272.0,1.1652478202336136,4524.359461099913,48010.0,1668.0,228.0,13.66906474820144,0,0.0,12.521451277092208,18.35463810107837,42.7041473678834,0.0,17.18875578963498,1.16588231144339,1.16588231144339,2.5694699959299827,26.596697697568686,0.0,0.0,0.0,Lower Priority,Lower mismatch and/or FIFA relevance relative to other Harris County tracts.
48201254400,Census Tract 2544; Harris County; Texas,29.726174375414615,-94.97582076722352,2594.0,1.062536151813835,2441.328697919438,49583.0,997.0,84.0,8.425275827482448,0,0.0,13.517991704323595,9.027784505252427,26.32178771405831,0.0,22.103463685782508,-13.07567918053008,0.0,0.0,26.30901155797796,0.0,0.0,0.0,Lower Priority,Lower mismatch and/or FIFA relevance relative to other Harris County tracts.
48201254600,Census Tract 2546; Harris County; Texas,29.716997957529337,-94.99990916458998,3419.0,1.6369855070299812,2088.5951557403623,54306.0,1277.0,78.0,6.108065779169929,0,0.0,16.51014710026374,7.448405955308132,19.0824863274365,0.0,24.27525410176905,-16.826848146460918,0.0,0.0,24.806007641927447,0.0,0.0,0.0,Lower Priority,Lower mismatch and/or FIFA relevance relative to other Harris County tracts.
48201310200,Census Tract 3102; Harris County; Texas,29.74347426799816,-95.35112726906952,2129.0,0.7207558183569522,2953.843653809561,132929.0,1331.0,229.0,17.20510894064613,22,30.52351356684375,66.3200631906728,11.322590728833973,53.75126398303991,52.6013920316023,50.69559522720964,-39.373004498375664,0.0,0.0,5.406694190143793,72.96652904928104,66.85698794397742,0.0,Lower Priority,Lower mismatch and/or FIFA relevance relative to other Harris County tracts.
48201310300,Census Tract 3103; Harris County; Texas,29.73645587324986,-95.33597468350443,4058.0,0.8683897007188273,4673.017191061695,32368.0,2106.0,632.0,30.009496676163344,26,29.940474856482027,2.6117975181898694,19.02025903560762,93.75403453725748,51.596637198703554,37.99143567791524,-18.971176642307622,0.0,0.0,5.736855930178747,71.31572034910627,65.39999540398546,0.0,Lower Priority,Lower mismatch and/or FIFA relevance relative to other Harris County tracts.
48201310500,Census Tract 3105; Harris County; Texas,29.747386554687573,-95.31641738047057,3409.0,1.1616393094598758,2934.645868333324,42122.0,1464.0,172.0,11.748633879781421,23,19.7996054478341,8.79123510701057,11.236631876153588,36.70444187774505,34.12080348980165,42.87322987953765,-31.63659800338406,0.0,0.0,7.127460187209003,64.36269906395499,55.290130391708985,0.0,Lower Priority,Lower mismatch and/or FIFA relevance relative to other Harris County tracts.
48201251000,Census Tract 2510; Harris County; Texas,30.0351614847878,-95.19597212521563,3410.0,2.9890932584225895,1140.8141885139885,71615.0,1557.0,27.0,1.7341040462427744,0,0.0,27.475892971177977,3.204678748546372,5.417593383756427,0.0,28.374721984873073,-25.170043236326702,0.0,0.0,27.372013419520506,0.0,0.0,0.0,Lower Priority,Lower mismatch and/or FIFA relevance relative to other Harris County tracts.
48201251100,Census Tract 2511; Harris County; Texas,30.035036706816108,-95.23548582701135,7435.0,4.050169171872817,1835.7257893407998,107067.0,2498.0,87.0,3.482786228983187,0,0.0,49.93574753329316,6.316173248539584,10.88073098731225,0.0,26.735780703806324,-20.41960745526674,0.0,0.0,26.32991692559286,0.0,0.0,0.0,Lower Priority,Lower mismatch and/or FIFA relevance relative to other Harris County tracts.
48201251200,Census Tract 2512; Harris County; Texas,30.057648391514036,-95.2227270331643,6260.0,1.3368281445704497,4682.726067239904,72500.0,2392.0,184.0,7.6923076923076925,0,0.0,28.036565748100912,19.06373091720187,24.03188859974005,0.0,22.79043342007798,-3.726702502876112,0.0,0.0,28.063659370635854,0.0,0.0,0.0,Lower Priority,Lower mismatch and/or FIFA relevance relative to other Harris County tracts.
48201251300,Census Tract 2513; Harris County; Texas,30.056097956766344,-95.19979912894266,7242.0,2.5234945959470467,2869.829803333554,131636.0,2505.0,28.0,1.1177644710578842,0,0.0,65.50091076065996,10.946415351464648,3.4920588623973563,0.0,28.952382341280792,-18.005966989816145,0.0,0.0,28.54917494307563,0.0,0.0,0.0,Lower Priority,Lower mismatch and/or FIFA relevance relative to other Harris County tracts.
48201554902,Census Tract 5549.02; Harris County; Texas,30.097788154162387,-95.51999197626778,11291.0,4.91147119526728,2298.90384186312,111741.0,4093.0,0.0,0.0,0,0.0,52.89686002972005,8.390071513046957,0.0,0.0,30.0,-21.609928486953045,0.0,0.0,29.20832619059567,0.0,0.0,0.0,Lower Priority,Lower mismatch and/or FIFA relevance relative to other Harris County tracts.
48201555301,Census Tract 5553.01; Harris County; Texas,30.121948710544224,-95.5138499011568,5032.0,2.7137228823371657,1854.2792385883713,138208.0,1789.0,24.0,1.3415315818893236,0,0.0,69.66446046680407,6.399247059972628,4.191139878769645,0.0,28.742658036369104,-22.343410976396477,0.0,0.0,30.75618869426743,0.0,0.0,0.0,Lower Priority,Lower mismatch and/or FIFA relevance relative to other Harris County tracts.
48201321402,Census Tract 3214.02; Harris County; Texas,29.656644623351873,-95.21976886773096,4867.0,0.7551988336140482,6444.660377332268,60307.0,1367.0,0.0,0.0,0,0.0,20.311951997794292,26.9528622954648,0.0,0.0,30.0,-3.0471377045351993,0.0,0.0,11.64864454227843,41.75677728860785,29.229744102025492,0.0,Lower Priority,Lower mismatch and/or FIFA relevance relative to other Harris County tracts.
48201343302,Census Tract 3433.02; Harris County; Texas,29.66984983857952,-95.06680650889288,4927.0,1.7429705495498826,2826.7832759838566,110595.0,1910.0,87.0,4.554973821989529,0,0.0,52.17083629824696,10.753672802724592,14.230401050421989,0.0,25.730879684873404,-14.977206882148812,0.0,0.0,20.71310407006382,0.0,0.0,0.0,Lower Priority,Lower mismatch and/or FIFA relevance relative to other Harris County tracts.
48201410402,Census Tract 4104.02; Harris County; Texas,29.74749786936091,-95.39871703959646,3044.0,0.28058816065596626,10848.640202365124,180000.0,1404.0,84.0,5.982905982905983,5,17.819711239101718,96.14088610879655,46.67185818985901,18.691468910908927,30.708837458218735,45.88874554748044,0.783112642378569,0.783112642378569,1.7258898417748938,4.386128982121689,78.06935508939155,63.86119980003971,1.1021739601844542,Established Urban Hub,High urban activity with comparatively balanced mobility capacity.
48201421401,Census Tract 4214.01; Harris County; Texas,29.714443040304666,-95.4925110433794,3347.0,0.11027965682936901,30350.112579500223,36451.0,1326.0,373.0,28.12971342383107,6,54.40713339617608,5.198494634773314,100.0,87.88131811473566,93.76020708823891,69.26774952734654,30.73225047265346,30.73225047265346,67.73033154532281,5.330659164334199,73.346704178329,79.47075505130198,53.825805877818205,High-Intensity / Mobility Gap,"High population density and mobility mismatch, combined with strong FIFA relevance."
48201431302,Census Tract 4313.02; Harris County; Texas,29.743638433993546,-95.49050713454076,4324.0,0.5277132333332172,8193.844169281369,82545.0,1833.0,58.0,3.1642116748499727,6,11.369811520741955,34.40036014831661,34.784902718521884,9.885457721878884,19.593678552708585,40.74993767033234,-5.965034951810459,0.0,0.0,6.2870961202841675,68.56451939857916,53.87326714481799,0.0,Established Urban Hub,High urban activity with comparatively balanced mobility capacity.
48201452202,Census Tract 4522.02; Harris County; Texas,29.722714781092105,-95.56473214998273,3123.0,0.5781165535179823,5402.024870237276,65574.0,1703.0,246.0,14.44509688784498,11,19.02730501844702,23.64874693118763,22.284420090781822,45.12858469874848,32.78989256555954,39.41434938626713,-17.12992929548531,0.0,0.0,9.628139127690726,51.859304361546364,46.13848082275031,0.0,Lower Priority,Lower mismatch and/or FIFA relevance relative to other Harris County tracts.
48201452802,Census Tract 4528.02; Harris County; Texas,29.696286106773595,-95.60019977015772,6301.0,0.5013733440774516,12567.481048666657,58906.0,1757.0,175.0,9.9601593625498,10,19.94521670951699,19.424378483140018,54.36803685958852,31.116987230739106,34.3717364318178,44.72511933305073,9.642917526537794,9.642917526537794,21.25187680992559,11.42794387823688,42.86028060881561,40.313717355716264,8.567421549938413,High-Intensity / Mobility Gap,"High population density and mobility mismatch, combined with strong FIFA relevance."
48201542302,Census Tract 5423.02; Harris County; Texas,29.810744268386525,-95.74160559673457,7713.0,1.7160155995555588,4494.714384879506,83406.0,2485.0,228.0,9.175050301810865,0,0.0,34.94582823976367,18.22190108603656,28.664192277516904,0.0,21.400742316744928,-3.178841230708368,0.0,0.0,21.70921252175923,0.0,0.0,0.0,Lower Priority,Lower mismatch and/or FIFA relevance relative to other Harris County tracts.
48201555303,Census Tract 5553.03; Harris County; Texas,30.13403945317753,-95.57062818986363,16375.0,8.12800526612031,2014.6394427493003,140579.0,5382.0,36.0,0.6688963210702341,0,0.0,71.16655668610834,7.117266291009859,2.0897294434556564,0.0,29.373081166963303,-22.255814875953444,0.0,0.0,32.414222004336125,0.0,0.0,0.0,Lower Priority,Lower mismatch and/or FIFA relevance relative to other Harris County tracts.
48201554302,Census Tract 5543.02; Harris County; Texas,29.975139103301093,-95.61162749777017,4855.0,2.2840016046377043,2125.655249165254,143099.0,1487.0,32.0,2.151983860121049,0,0.0,72.76304866107535,7.614344006599241,6.72311073133279,0.0,27.98306678060016,-20.368722774000922,0.0,0.0,23.370243224345263,0.0,0.0,0.0,Lower Priority,Lower mismatch and/or FIFA relevance relative to other Harris County tracts.
48201554502,Census Tract 5545.02; Harris County; Texas,29.99098674570874,-95.63323346533923,6006.0,1.7845058753572447,3365.637559919854,151694.0,2190.0,19.0,0.8675799086757991,0,0.0,78.20822664712352,13.166414421615041,2.7104458831670284,0.0,29.18686623504989,-16.02045181343485,0.0,0.0,24.981261909163784,0.0,0.0,0.0,Lower Priority,Lower mismatch and/or FIFA relevance relative to other Harris County tracts.
48201554301,Census Tract 5543.01; Harris County; Texas,29.989030023268054,-95.59384617623847,7922.0,2.1178564403866704,3740.5745965263022,124347.0,2814.0,0.0,0.0,4,1.8887021441687968,60.88312107592405,14.845210006343617,0.0,3.2548140861564567,32.27836986030952,-17.4331598539659,0.0,0.0,23.679558339857135,0.0,0.976444225846937,0.0,Lower Priority,Lower mismatch and/or FIFA relevance relative to other Harris County tracts.
48201555701,Census Tract 5557.01; Harris County; Texas,30.01060541210686,-95.74033218474693,12322.0,4.1560071094703135,2964.8649955198102,125665.0,3815.0,0.0,0.0,0,0.0,61.71811171997425,11.371939227366997,0.0,0.0,30.0,-18.628060772633003,0.0,0.0,29.93860570752397,0.0,0.0,0.0,Lower Priority,Lower mismatch and/or FIFA relevance relative to other Harris County tracts.
48201555501,Census Tract 5555.01; Harris County; Texas,30.07780768302441,-95.66242134256547,5958.0,16.34476499373125,364.52038327165224,103764.0,2060.0,0.0,0.0,0,0.0,47.84320269467569,0.0,0.0,0.0,30.0,-30.0,0.0,0.0,31.01799068125383,0.0,0.0,0.0,Lower Priority,Lower mismatch and/or FIFA relevance relative to other Harris County tracts.
48201251401,Census Tract 2514.01; Harris County; Texas,30.08087758587338,-95.19123683300548,2975.0,0.4641785787364236,6409.171246330405,125521.0,868.0,7.0,0.8064516129032258,0,0.0,61.626883607119,26.79395829128578,2.5194721919082306,0.0,29.24415834242753,-2.450200051141749,0.0,0.0,30.30796350233166,0.0,0.0,0.0,Lower Priority,Lower mismatch and/or FIFA relevance relative to other Harris County tracts.
48201334002,Census Tract 3340.02; Harris County; Texas,29.608408517523504,-95.21431781708112,2420.0,0.5124220434463022,4722.669586429682,67938.0,1120.0,0.0,0.0,3,5.854549074086382,25.14640845056144,19.24257962273721,0.0,10.089186827718013,37.06243077940261,-17.8198511566654,0.0,0.0,12.933975258553723,35.33012370723139,27.757842643377373,0.0,Lower Priority,Lower mismatch and/or FIFA relevance relative to other Harris County tracts.
48201550602,Census Tract 5506.02; Harris County; Texas,29.944128023980994,-95.4594405132815,2665.0,0.433468399148116,6148.0837016895675,69375.0,726.0,31.0,4.2699724517906334,7,16.14881272488817,26.05678899342953,25.624928362586747,13.34001529710088,27.82936594525893,45.478551572550984,-19.853623209964237,0.0,0.0,18.112398075310427,9.438009623447863,14.955416519991182,0.0,Lower Priority,Lower mismatch and/or FIFA relevance relative to other Harris County tracts.
48201552301,Census Tract 5523.01; Harris County; Texas,29.95615957571932,-95.61855588838971,4900.0,1.650322633892513,2969.116401465498,77016.0,1654.0,10.0,0.6045949214026602,0,0.0,30.897580731811626,11.390975067611294,1.8888425138852516,0.0,29.433347245834423,-18.04237217822313,0.0,0.0,22.489814828612378,0.0,0.0,0.0,Lower Priority,Lower mismatch and/or FIFA relevance relative to other Harris County tracts.
48201452801,Census Tract 4528.01; Harris County; Texas,29.69613587351972,-95.60948936868436,5413.0,0.6182406759358718,8755.489909825139,54087.0,1825.0,146.0,8.0,11,17.792423611320256,16.37140434529637,37.29969399638701,24.99316414372965,30.66181249160073,43.965319501001616,-6.665625504614603,0.0,0.0,11.984847439623362,40.07576280188319,37.25157770879845,0.0,Established Urban Hub,High urban activity with comparatively balanced mobility capacity.
48201556000,Census Tract 5560; Harris County; Texas,30.073796159524527,-95.85845785362483,15854.0,51.3424163876756,308.7895178187532,114077.0,5280.0,151.0,2.859848484848485,0,0.0,54.37678274937201,0.0,8.93458282600184,0.0,27.319625152199446,-27.319625152199446,0.0,0.0,37.97114388616224,0.0,0.0,0.0,Lower Priority,Lower mismatch and/or FIFA relevance relative to other Harris County tracts.
48201343700,Census Tract 3437; Harris County; Texas,29.63772581328016,-95.06055576341382,3859.0,15.467968690714477,249.48330819395719,65521.0,1447.0,67.0,4.630269523151347,0,0.0,23.615169917428403,0.0,14.465635777728805,0.0,25.660309266681356,-25.660309266681356,0.0,0.0,21.314256515869918,0.0,0.0,0.0,Lower Priority,Lower mismatch and/or FIFA relevance relative to other Harris County tracts.
48201422302,Census Tract 4223.02; Harris County; Texas,29.649026817429988,-95.49713273090492,2106.0,0.26810818058539876,7855.038199139132,87568.0,988.0,67.0,6.781376518218623,5,18.649188506977996,37.58257411270521,33.26788542969242,21.18600705503399,32.13828164239869,46.14099503316888,-12.873109603476458,0.0,0.0,5.752245061763838,71.23877469118081,59.508626776546166,0.0,Established Urban Hub,High urban activity with comparatively balanced mobility capacity.
48201423402,Census Tract 4234.02; Harris County; Texas,29.648554083375362,-95.52965154317315,4597.0,0.5923115993767953,7761.1176361171465,59583.0,1433.0,12.0,0.8374040474528961,14,23.636207723654568,19.853277319272024,32.847352350475624,2.616172101576726,40.73244798275371,57.72786195745458,-24.880509606978954,0.0,0.0,7.578375532243263,62.10812233878369,55.69542003197469,0.0,Established Urban Hub,High urban activity with comparatively balanced mobility capacity.
48201423401,Census Tract 4234.01; Harris County; Texas,29.650003957252515,-95.51716263526694,4767.0,0.8736993776031029,5456.1101017122555,69792.0,1754.0,229.0,13.055872291904219,17,19.45749354501958,26.32097040357288,22.52658887896298,40.788444903891744,33.53123956954013,41.23533422751057,-18.70874534854759,0.0,0.0,6.837442281252061,65.8127885937397,56.12832388647982,0.0,Lower Priority,Lower mismatch and/or FIFA relevance relative to other Harris County tracts.
48201522402,Census Tract 5224.02; Harris County; Texas,29.798693716911465,-95.55870706741977,3862.0,1.1177101502695506,3455.278632898366,73571.0,1180.0,86.0,7.288135593220339,7,6.262804357920395,28.71507483746189,13.567785912915909,22.7691961478893,10.792736115610383,30.724156436560477,-17.15637052364457,0.0,0.0,11.86943579276638,40.6528210361681,31.694795560000784,0.0,Lower Priority,Lower mismatch and/or FIFA relevance relative to other Harris County tracts.
48201522401,Census Tract 5224.01; Harris County; Texas,29.798578638477718,-95.54932546240629,6023.0,1.0547438380501315,5710.391265365923,78125.0,2445.0,226.0,9.243353783231084,27,25.59863260250372,31.600163906509405,23.665142964430668,28.87758229285737,44.11430899160702,52.2167416062677,-28.551598641837035,0.0,0.0,11.447123222580267,42.76438388709867,43.16936141845117,0.0,Lower Priority,Lower mismatch and/or FIFA relevance relative to other Harris County tracts.
48201552002,Census Tract 5520.02; Harris County; Texas,29.913231285964308,-95.60883313257149,1473.0,0.6448203346320923,2284.3572401302026,67250.0,733.0,18.0,2.455661664392906,0,0.0,24.710540800252986,8.324938521697106,7.671844382454532,0.0,27.698446685263637,-19.37350816356653,0.0,0.0,19.740903963391247,1.2954801830437623,0.9068361281306335,0.0,Lower Priority,Lower mismatch and/or FIFA relevance relative to other Harris County tracts.
48201552101,Census Tract 5521.01; Harris County; Texas,29.92289909413341,-95.6185710041341,4399.0,0.8992242052021855,4891.9946488883825,81678.0,1755.0,0.0,0.0,0,0.0,33.85109088550058,20.000739365536727,0.0,0.0,30.0,-9.999260634463273,0.0,0.0,20.624979004940645,0.0,0.0,0.0,Lower Priority,Lower mismatch and/or FIFA relevance relative to other Harris County tracts.
48201552103,Census Tract 5521.03; Harris County; Texas,29.938242560184325,-95.62480073355174,3986.0,0.6024880939694985,6615.898371929977,81354.0,1271.0,112.0,8.81195908733281,0,0.0,33.64582763157625,27.719587268463812,27.52984248719238,0.0,21.741047253842286,5.978540014621526,5.978540014621526,13.176011880666316,21.69511589393204,0.0,0.0,0.0,Lower Priority,Lower mismatch and/or FIFA relevance relative to other Harris County tracts.
48201232402,Census Tract 2324.02; Harris County; Texas,29.81184111278021,-95.18797985678599,4646.0,0.5416345327616237,8577.73963619253,49375.0,1301.0,210.0,16.14142966948501,0,0.0,13.386217763532668,36.5038100334166,50.42817515548834,0.0,14.871547453353497,21.632262580063102,21.632262580063102,47.675008959298324,15.999825828663342,20.000870856683296,14.000609599678306,6.674791881003014,High-Intensity / Mobility Gap,"High population density and mobility mismatch, combined with strong FIFA relevance."
48201232403,Census Tract 2324.03; Harris County; Texas,29.811273701982284,-95.20219335312105,4018.0,0.7806317688993977,5147.1130949037915,54475.0,1345.0,66.0,4.907063197026022,0,0.0,16.61721342715637,21.143042416283457,15.33037949336577,0.0,25.400886151990267,-4.25784373570681,0.0,0.0,15.269651913579281,23.651740432103598,16.556218302472516,0.0,Lower Priority,Lower mismatch and/or FIFA relevance relative to other Harris County tracts.
48201233101,Census Tract 2331.01; Harris County; Texas,29.787529807931712,-95.17932732230811,4399.0,0.6643675286126207,6621.335045056015,53390.0,1371.0,157.0,11.451495258935083,5,7.525954813657666,15.929834937934462,27.74393018993728,35.776137587213306,12.969532445810971,28.345831435903687,-0.6019012459664062,0.0,0.0,15.611038929804836,21.944805350975816,19.252223479426362,0.0,Lower Priority,Lower mismatch and/or FIFA relevance relative to other Harris County tracts.
48201233003,Census Tract 2330.03; Harris County; Texas,29.79367098930396,-95.17075282704815,2790.0,0.3936384865750358,7087.721590119891,68393.0,801.0,0.0,0.0,0,0.0,25.434663946041592,29.832194608189166,0.0,0.0,30.0,-0.16780539181083398,0.0,0.0,16.26262996609268,18.686850169536605,13.080795118675622,0.0,Lower Priority,Lower mismatch and/or FIFA relevance relative to other Harris County tracts.
48201431102,Census Tract 4311.02; Harris County; Texas,29.741455455860255,-95.528339566172,4034.0,0.3591946991136228,11230.677985935252,63037.0,2114.0,548.0,25.922421948912017,2,5.568010900314949,22.041484970675214,48.38244765325796,80.98541834652228,9.595393517273475,12.421149958134748,35.961297695123214,35.961297695123214,79.25454785220124,8.08397761706446,59.580111914677694,44.584696395456426,35.335399539495654,High-Intensity / Mobility Gap,"High population density and mobility mismatch, combined with strong FIFA relevance."
48201431101,Census Tract 4311.01; Harris County; Texas,29.74415980341721,-95.53565830888921,5640.0,0.32347870503981235,17435.45993021659,83615.0,2842.0,208.0,7.318789584799437,7,21.639755232538324,35.07823570911609,76.16460709672957,22.864963678288913,37.291946943196166,49.244873756750636,26.919733339978933,26.919733339978933,59.32798399683967,8.559434916650188,57.20282541674906,51.229561874683185,30.393466270663115,High-Intensity / Mobility Gap,"High population density and mobility mismatch, combined with strong FIFA relevance."
48201433003,Census Tract 4330.03; Harris County; Texas,29.70835261971049,-95.55138485605899,5476.0,0.3571715238028604,15331.569386316642,45979.0,2055.0,649.0,31.581508515815088,5,13.99887635711892,11.23475476869618,66.74435299801594,98.66522828029528,24.12436502928072,17.287487036407917,49.456865961608024,49.456865961608024,100.0,8.618246146426367,56.908769267868166,47.073447996291925,47.073447996291925,High-Intensity / Mobility Gap,"High population density and mobility mismatch, combined with strong FIFA relevance."
48201432901,Census Tract 4329.01; Harris County; Texas,29.716316748443774,-95.52794311547346,3688.0,0.5651180382484923,6526.070219649088,44750.0,1193.0,163.0,13.66303436714166,19,33.62129451554574,10.456148166619018,27.31737812210047,42.685307579923865,57.93982037976287,57.75228199185685,-30.434903869756376,0.0,0.0,7.381088991089528,63.09455504455236,61.54813464511551,0.0,Lower Priority,Lower mismatch and/or FIFA relevance relative to other Harris County tracts.
48201433202,Census Tract 4332.02; Harris County; Texas,29.69680420193453,-95.54124819361554,3666.0,0.4440503010072888,8255.821450146534,58911.0,1263.0,73.0,5.779889152810768,12,27.023965466928097,19.427546125947494,35.06240847365254,18.057214791095255,46.570595441491825,57.182252371715705,-22.119843898063166,0.0,0.0,7.897589074096205,60.51205462951897,56.32961687311082,0.0,Established Urban Hub,High urban activity with comparatively balanced mobility capacity.
48201433201,Census Tract 4332.01; Harris County; Texas,29.69838821430904,-95.548384918161,3925.0,0.4232872713295103,9272.662482081967,42956.0,1643.0,103.0,6.269020085209982,9,21.26215600986948,9.31959792729727,39.6153548836277,19.585331001248893,36.641227467571724,49.77325992692554,-10.157905043297838,0.0,0.0,8.336231622510896,58.318841887445515,51.815557561483374,0.0,Established Urban Hub,High urban activity with comparatively balanced mobility capacity.
48201552102,Census Tract 5521.02; Harris County; Texas,29.93792801171492,-95.61334995323267,5959.0,1.2222928697496258,4875.263652008901,79773.0,2316.0,19.0,0.8203799654576858,0,0.0,32.64421897585291,19.92582565750829,2.5629863921139,0.0,29.231104082365828,-9.305278424857537,0.0,0.0,21.276500517985838,0.0,0.0,0.0,Lower Priority,Lower mismatch and/or FIFA relevance relative to other Harris County tracts.
48201554002,Census Tract 5540.02; Harris County; Texas,29.999720805953494,-95.54380707108963,4623.0,1.6487689588065382,2803.9101387172886,185224.0,1533.0,34.0,2.217873450750163,0,0.0,99.45043931404561,10.651257415331667,6.928959400577366,0.0,27.92131217982679,-17.27005476449512,0.0,0.0,23.130695128636642,0.0,0.0,0.0,Lower Priority,Lower mismatch and/or FIFA relevance relative to other Harris County tracts.
48201555401,Census Tract 5554.01; Harris County; Texas,30.106445254075926,-95.60619898574693,3953.0,5.1888438971469055,761.8267341157755,153981.0,1213.0,18.0,1.483924154987634,0,0.0,79.65710646726222,1.5077472560753509,4.6359949978064074,0.0,28.609201500658077,-27.101454244582726,0.0,0.0,31.339746832653695,0.0,0.0,0.0,Lower Priority,Lower mismatch and/or FIFA relevance relative to other Harris County tracts.
48201232701,Census Tract 2327.01; Harris County; Texas,29.788649347862,-95.22782728766865,7134.0,1.8026426381526175,3957.5231657180034,39069.0,2378.0,188.0,7.905803195962995,0,0.0,6.857072408766814,15.816605906222412,24.6988796205907,0.0,22.59033611382279,-6.773730207600378,0.0,0.0,13.121705926726197,34.39147036636901,24.074029256458306,0.0,Lower Priority,Lower mismatch and/or FIFA relevance relative to other Harris County tracts.
48201233103,Census Tract 2331.03; Harris County; Texas,29.776464317079725,-95.17627142256204,5036.0,0.6300349385728679,7993.207505931914,46522.0,1480.0,115.0,7.77027027027027,0,0.0,11.57876077758788,33.88654402978214,24.27545503825093,0.0,22.71736348852472,11.169180541257415,11.169180541257415,24.61558426455244,15.448360937650342,22.758195311748285,15.930736718223798,3.921443920838375,High-Intensity / Mobility Gap,"High population density and mobility mismatch, combined with strong FIFA relevance."
48201233702,Census Tract 2337.02; Harris County; Texas,29.74739222687779,-95.23788846629219,3057.0,0.95081440342231,3215.1385054715192,44318.0,844.0,23.0,2.7251184834123223,0,0.0,10.182463828053246,12.492548883015584,8.513666695879472,0.0,27.44589999123616,-14.953351108220577,0.0,0.0,11.254166279674136,43.72916860162932,30.61041802114052,0.0,Lower Priority,Lower mismatch and/or FIFA relevance relative to other Harris County tracts.
48201241101,Census Tract 2411.01; Harris County; Texas,30.062464747865583,-95.38911857592417,4538.0,0.7902484153622144,5742.49806995182,79777.0,1367.0,29.0,2.121433796634967,0,0.0,32.64675309009888,23.808902466736452,6.627667887419165,0.0,28.01169963377425,-4.202797167037797,0.0,0.0,26.059213346916028,0.0,0.0,0.0,Lower Priority,Lower mismatch and/or FIFA relevance relative to other Harris County tracts.
48201330302,Census Tract 3303.02; Harris County; Texas,29.61577785248225,-95.47656145387901,5141.0,2.334263611432443,2202.407635033636,61330.0,1576.0,158.0,10.025380710659897,9,3.8556056633539626,20.960051716203516,7.958005885616201,31.32074821311298,6.644393168342553,25.25485075390589,-17.29684486828969,0.0,0.0,6.185330504675442,69.07334747662279,50.34466118413871,0.0,Lower Priority,Lower mismatch and/or FIFA relevance relative to other Harris County tracts.
48201333201,Census Tract 3332.01; Harris County; Texas,29.669396433761786,-95.26995230428025,5266.0,0.4418495187035969,11918.084725882789,60615.0,1799.0,122.0,6.781545302946081,6,13.579283774268275,20.507078794734703,51.46033883835286,21.18653436308378,23.401278091869486,40.02493435538351,11.435404482969354,11.435404482969354,25.2023110925632,8.53290474704855,57.335476264757254,47.15521681289092,11.884204437557434,High-Intensity / Mobility Gap,"High population density and mobility mismatch, combined with strong FIFA relevance."
48201340301,Census Tract 3403.01; Harris County; Texas,29.59149436864949,-95.12647498164273,3541.0,1.3745669278528638,2576.0840947419006,218304.0,1341.0,0.0,0.0,0,0.0,100.0,9.631157186840444,0.0,0.0,30.0,-20.368842813159556,0.0,0.0,18.270647637091347,8.646761814543268,6.052733270180287,0.0,Lower Priority,Lower mismatch and/or FIFA relevance relative to other Harris County tracts.
48201342001,Census Tract 3420.01; Harris County; Texas,29.641072890776904,-95.1289991527456,6399.0,1.9510456360143091,3279.7797662345756,147576.0,2158.0,0.0,0.0,0,0.0,75.59935603088775,12.781982714739748,0.0,0.0,30.0,-17.218017285260252,0.0,0.0,17.213557324162654,13.93221337918673,9.752549365430712,0.0,Lower Priority,Lower mismatch and/or FIFA relevance relative to other Harris County tracts.
48201421101,Census Tract 4211.01; Harris County; Texas,29.722277891382877,-95.47008031960513,2746.0,0.478208758973539,5742.262031950666,57039.0,1520.0,218.0,14.342105263157896,19,39.73160182340227,18.241580658829147,23.807845597141085,44.80682387609428,68.46975722436189,64.48678289422503,-40.67893729708395,0.0,0.0,4.4113030841039045,77.94348457948048,75.1013663729449,0.0,Lower Priority,Lower mismatch and/or FIFA relevance relative to other Harris County tracts.
48201423301,Census Tract 4233.01; Harris County; Texas,29.669614466101223,-95.5174645021154,4664.0,0.638626869906913,7303.169064401925,52578.0,2095.0,290.0,13.842482100238662,17,26.619612799063624,15.41540974600065,30.796869295542745,43.24592841098806,45.87377155996898,49.13786156868186,-18.34099227313912,0.0,0.0,6.507035970576345,67.46482014711827,60.98750557097348,0.0,Lower Priority,Lower mismatch and/or FIFA relevance relative to other Harris County tracts.
48201453401,Census Tract 4534.01; Harris County; Texas,29.654478167479503,-95.57632249749463,3639.0,0.37197661107217045,9782.87314761832,74928.0,997.0,27.0,2.708124373119358,0,0.0,29.574773095410396,41.89984355494272,8.460574622375884,0.0,27.461827613287234,14.438015941655486,14.438015941655486,31.819720051258248,10.180815727892654,49.095921360536735,34.36714495237571,10.935529313456081,High-Intensity / Mobility Gap,"High population density and mobility mismatch, combined with strong FIFA relevance."
48201534201,Census Tract 5342.01; Harris County; Texas,29.912233218349687,-95.54802236537456,3371.0,1.2831970103402697,2627.032305122111,69457.0,830.0,8.0,0.9638554216867471,0,0.0,26.108738335472104,9.859279837540056,3.011224595630079,0.0,29.096632621310974,-19.237352783770916,0.0,0.0,17.7162264211175,11.418867894412498,7.9932075260887485,0.0,Lower Priority,Lower mismatch and/or FIFA relevance relative to other Harris County tracts.
48201551703,Census Tract 5517.03; Harris County; Texas,29.916016393459035,-95.5626131611214,8108.0,1.1935861742619949,6792.974126910652,81757.0,3066.0,111.0,3.6203522504892365,0,0.0,33.90113964185868,28.51245104717893,11.310507256824817,0.0,26.606847822952552,1.905603224226379,1.905603224226379,4.199729475898188,18.366952155594888,8.165239222025566,5.715667455417895,0.24004257086950528,Lower Priority,Lower mismatch and/or FIFA relevance relative to other Harris County tracts.
48201540901,Census Tract 5409.01; Harris County; Texas,29.889716467289627,-95.62444375140929,3102.0,0.6075950672205395,5105.37390336328,96316.0,1370.0,51.0,3.722627737226277,0,0.0,43.124681968662095,20.956153515942834,11.630030760312154,0.0,26.510990771906354,-5.55483725596352,0.0,0.0,19.093605597084476,4.531972014577623,3.1723804102043363,0.0,Lower Priority,Lower mismatch and/or FIFA relevance relative to other Harris County tracts.
48201233001,Census Tract 2330.01; Harris County; Texas,29.797152819465953,-95.18256061537174,4148.0,0.3679182912837308,11274.242401830328,44594.0,1275.0,109.0,8.549019607843137,1,2.7179947931124224,10.357317711025821,48.57750906868357,26.708381290848354,4.6839401151924465,25.266243693380208,23.31126537530336,23.31126537530336,51.37533725410829,15.752732782119333,21.23633608940334,16.27061729714007,8.35908450973099,High-Intensity / Mobility Gap,"High population density and mobility mismatch, combined with strong FIFA relevance."
48201233002,Census Tract 2330.02; Harris County; Texas,29.801723254450238,-95.17018308957553,3994.0,0.6664686965594087,5992.7795868263665,71736.0,1221.0,76.0,6.224406224406224,0,0.0,27.552549927118854,24.92954797370244,19.445950807979663,0.0,24.1662147576061,0.763333216096342,0.763333216096342,1.6822982700784577,16.55544213552458,17.222789322377107,12.055952525663974,0.20281708078072516,Lower Priority,Lower mismatch and/or FIFA relevance relative to other Harris County tracts.
48201323801,Census Tract 3238.01; Harris County; Texas,29.67438140233767,-95.1891935768397,4084.0,0.5156892399118884,7919.4981859574955,85441.0,1088.0,69.0,6.341911764705882,0,0.0,36.23505886240568,33.55650760007544,19.813055215043036,0.0,24.05608343548709,9.500424164588352,9.500424164588352,20.937837893171636,13.344376752250987,33.278116238745056,23.294681367121537,4.877402622378766,Established Urban Hub,High urban activity with comparatively balanced mobility capacity.
48201323802,Census Tract 3238.02; Harris County; Texas,29.673243980857947,-95.17910155000725,5026.0,0.9313838122936614,5396.2715839163875,52167.0,1548.0,72.0,4.651162790697675,0,0.0,15.15502950722627,22.25865952105895,14.530909385889332,0.0,25.6407271842332,-3.382067663174251,0.0,0.0,13.954924080898621,30.225379595506897,21.157765716854826,0.0,Lower Priority,Lower mismatch and/or FIFA relevance relative to other Harris County tracts.
48201240802,Census Tract 2408.02; Harris County; Texas,30.025266004914954,-95.3655187616967,8990.0,5.090935725681553,1765.8836183394276,75776.0,2833.0,120.0,4.235792446170137,6,1.1785652625179717,30.112005315558022,6.003452133105917,13.233231985737548,2.0310300540196478,27.45175144209249,-21.448299308986574,0.0,0.0,23.620238348255512,0.0,0.6093090162058943,0.0,Lower Priority,Lower mismatch and/or FIFA relevance relative to other Harris County tracts.
48201421403,Census Tract 4214.03; Harris County; Texas,29.70912087044599,-95.4888961533278,4503.0,0.25254054155296735,17830.80044221553,32813.0,1478.0,345.0,23.34235453315291,9,35.63784232288248,2.893717728055075,77.93476005898495,72.92491229352783,61.41495182332676,51.11299258827039,26.821767470714562,26.821767470714562,59.11207853260086,4.99558580963068,75.0220709518466,70.93993521329065,41.93407021425654,High-Intensity / Mobility Gap,"High population density and mobility mismatch, combined with strong FIFA relevance."
48201421402,Census Tract 4214.02; Harris County; Texas,29.714590695102615,-95.48685570513571,3661.0,0.062257042554176675,58804.59221644142,37684.0,1262.0,184.0,14.580031695721077,2,32.12487965935068,5.979635351096456,100.0,45.55014067399223,55.361037818566096,55.08768427079859,44.91231572920141,44.91231572920141,98.98155807085558,5.0224792977182515,74.88760351140874,69.02963380355594,68.32660706936568,High-Intensity / Mobility Gap,"High population density and mobility mismatch, combined with strong FIFA relevance."
48201423201,Census Tract 4232.01; Harris County; Texas,29.660944086731206,-95.54411851593238,2631.0,0.748452470597836,3515.253277069758,80141.0,911.0,38.0,4.171240395170143,4,5.344360740508945,32.877357486483014,13.836324782113527,13.03156198493039,9.20997557683476,32.53751430830521,-18.701189526191683,0.0,0.0,8.19269779705582,59.03651101472091,44.08855038335506,0.0,Lower Priority,Lower mismatch and/or FIFA relevance relative to other Harris County tracts.
48201534203,Census Tract 5342.03; Harris County; Texas,29.872594581537914,-95.53713931008438,2334.0,1.6307441656371426,1431.2484135658954,60461.0,654.0,99.0,15.137614678899084,0,0.0,20.4095153962645,4.505109613110422,47.29211105178203,0.0,15.81236668446539,-11.307257071354968,0.0,0.0,15.011584537175585,24.94207731412208,17.459454119885454,0.0,Lower Priority,Lower mismatch and/or FIFA relevance relative to other Harris County tracts.
48201534002,Census Tract 5340.02; Harris County; Texas,29.914595472393994,-95.50266236828409,5216.0,1.2517999550119152,4166.799958025523,55481.0,1481.0,8.0,0.5401755570560433,0,0.0,17.25454316002018,16.75365111811168,1.6875870454915363,0.0,29.493723886352537,-12.740072768240857,0.0,0.0,16.775841738276334,16.120791308618333,11.284553916032833,0.0,Lower Priority,Lower mismatch and/or FIFA relevance relative to other Harris County tracts.
48201534003,Census Tract 5340.03; Harris County; Texas,29.930164002568795,-95.512436837365,2307.0,0.5115892210903261,4509.477340205095,69661.0,688.0,12.0,1.744186046511628,3,5.8640797661964825,26.237978162017058,18.288002809255115,5.449091019708499,10.105611138468415,35.43920049101534,-17.151197681760227,0.0,0.0,17.98314178015554,10.084291099222288,10.090687110996125,0.0,Lower Priority,Lower mismatch and/or FIFA relevance relative to other Harris County tracts.
48201451401,Census Tract 4514.01; Harris County; Texas,29.750367202004263,-95.61236675863294,3494.0,0.4188571351623942,8341.74640153939,66038.0,1713.0,132.0,7.705779334500876,10,23.874488842413825,23.942704183721236,35.44714088185088,24.073975970317527,41.143079560738215,51.57796290142149,-16.130822019570616,0.0,0.0,12.945187288391473,35.274063558042634,37.03476835885131,0.0,Established Urban Hub,High urban activity with comparatively balanced mobility capacity.
48201212500,Census Tract 2125; Harris County; Texas,29.75427893806754,-95.27957041759268,3456.0,4.161627212490058,830.4443967560817,56250.0,1458.0,217.0,14.883401920438958,65,15.618890563988806,17.741726623809715,1.814985586322931,46.497913401829,26.916147246806727,34.891929052216,-33.076943465893066,0.0,0.0,9.228251533377904,53.85874233311048,45.775963807219355,0.0,Lower Priority,Lower mismatch and/or FIFA relevance relative to other Harris County tracts.
48201533701,Census Tract 5337.01; Harris County; Texas,29.928606196140436,-95.43095898421767,7269.0,3.3920738728257183,2142.9368205193787,51207.0,2008.0,108.0,5.378486055776892,15,4.422073504992527,14.54684208819122,7.691722933869445,16.803173104599118,7.6205913031369965,30.29346198081616,-22.601739046946715,0.0,0.0,16.84855026125099,15.757248693745062,13.316251476562641,0.0,Lower Priority,Lower mismatch and/or FIFA relevance relative to other Harris County tracts.
48201223002,Census Tract 2230.02; Harris County; Texas,29.906773991316463,-95.32769602958552,2739.0,0.28597042474604795,9577.913528758545,44201.0,986.0,227.0,23.02231237322515,11,38.465516179753195,10.10834098635835,40.98212865991994,71.92505401402929,66.28790266357139,54.82401566029118,-13.841887000371244,0.0,0.0,16.092367835084747,19.538160824576266,33.563083376274804,0.0,Established Urban Hub,High urban activity with comparatively balanced mobility capacity.
48201980100,Census Tract 9801; Harris County; Texas,29.98822722171385,-95.33880012407145,0.0,11.7685497776458,0.0,,0.0,0.0,,16,1.3595557908410925,,0.0,,2.3429323425121757,,,,,21.35312243854022,0.0,0.7028797027536527,,Insufficient Data,Insufficient source data to calculate a complete priority score.
