"GEO_ID","NAME","B08201_001E","B08201_001M","B08201_002E","B08201_002M","B08201_003E","B08201_003M","B08201_004E","B08201_004M","B08201_005E","B08201_005M","B08201_006E","B08201_006M","B08201_007E","B08201_007M","B08201_008E","B08201_008M","B08201_009E","B08201_009M","B08201_010E","B08201_010M","B08201_011E","B08201_011M","B08201_012E","B08201_012M","B08201_013E","B08201_013M","B08201_014E","B08201_014M","B08201_015E","B08201_015M","B08201_016E","B08201_016M","B08201_017E","B08201_017M","B08201_018E","B08201_018M","B08201_019E","B08201_019M","B08201_020E","B08201_020M","B08201_021E","B08201_021M","B08201_022E","B08201_022M","B08201_023E","B08201_023M","B08201_024E","B08201_024M","B08201_025E","B08201_025M","B08201_026E","B08201_026M","B08201_027E","B08201_027M","B08201_028E","B08201_028M","B08201_029E","B08201_029M","B08201_030E","B08201_030M",
"Geography","Geographic Area Name","Estimate!!Total:","Margin of Error!!Total:","Estimate!!Total:!!No vehicle available","Margin of Error!!Total:!!No vehicle available","Estimate!!Total:!!1 vehicle available","Margin of Error!!Total:!!1 vehicle available","Estimate!!Total:!!2 vehicles available","Margin of Error!!Total:!!2 vehicles available","Estimate!!Total:!!3 vehicles available","Margin of Error!!Total:!!3 vehicles available","Estimate!!Total:!!4 or more vehicles available","Margin of Error!!Total:!!4 or more vehicles available","Estimate!!Total:!!1-person household:","Margin of Error!!Total:!!1-person household:","Estimate!!Total:!!1-person household:!!No vehicle available","Margin of Error!!Total:!!1-person household:!!No vehicle available","Estimate!!Total:!!1-person household:!!1 vehicle available","Margin of Error!!Total:!!1-person household:!!1 vehicle available","Estimate!!Total:!!1-person household:!!2 vehicles available","Margin of Error!!Total:!!1-person household:!!2 vehicles available","Estimate!!Total:!!1-person household:!!3 vehicles available","Margin of Error!!Total:!!1-person household:!!3 vehicles available","Estimate!!Total:!!1-person household:!!4 or more vehicles available","Margin of Error!!Total:!!1-person household:!!4 or more vehicles available","Estimate!!Total:!!2-person household:","Margin of Error!!Total:!!2-person household:","Estimate!!Total:!!2-person household:!!No vehicle available","Margin of Error!!Total:!!2-person household:!!No vehicle available","Estimate!!Total:!!2-person household:!!1 vehicle available","Margin of Error!!Total:!!2-person household:!!1 vehicle available","Estimate!!Total:!!2-person household:!!2 vehicles available","Margin of Error!!Total:!!2-person household:!!2 vehicles available","Estimate!!Total:!!2-person household:!!3 vehicles available","Margin of Error!!Total:!!2-person household:!!3 vehicles available","Estimate!!Total:!!2-person household:!!4 or more vehicles available","Margin of Error!!Total:!!2-person household:!!4 or more vehicles available","Estimate!!Total:!!3-person household:","Margin of Error!!Total:!!3-person household:","Estimate!!Total:!!3-person household:!!No vehicle available","Margin of Error!!Total:!!3-person household:!!No vehicle available","Estimate!!Total:!!3-person household:!!1 vehicle available","Margin of Error!!Total:!!3-person household:!!1 vehicle available","Estimate!!Total:!!3-person household:!!2 vehicles available","Margin of Error!!Total:!!3-person household:!!2 vehicles available","Estimate!!Total:!!3-person household:!!3 vehicles available","Margin of Error!!Total:!!3-person household:!!3 vehicles available","Estimate!!Total:!!3-person household:!!4 or more vehicles available","Margin of Error!!Total:!!3-person household:!!4 or more vehicles available","Estimate!!Total:!!4-or-more-person household:","Margin of Error!!Total:!!4-or-more-person household:","Estimate!!Total:!!4-or-more-person household:!!No vehicle available","Margin of Error!!Total:!!4-or-more-person household:!!No vehicle available","Estimate!!Total:!!4-or-more-person household:!!1 vehicle available","Margin of Error!!Total:!!4-or-more-person household:!!1 vehicle available","Estimate!!Total:!!4-or-more-person household:!!2 vehicles available","Margin of Error!!Total:!!4-or-more-person household:!!2 vehicles available","Estimate!!Total:!!4-or-more-person household:!!3 vehicles available","Margin of Error!!Total:!!4-or-more-person household:!!3 vehicles available","Estimate!!Total:!!4-or-more-person household:!!4 or more vehicles available","Margin of Error!!Total:!!4-or-more-person household:!!4 or more vehicles available",
"1400000US48201100001","Census Tract 1000.01; Harris County; Texas","3379","564","546","282","2329","549","504","253","0","21","0","21","2501","554","373","179","2082","546","46","56","0","21","0","21","607","250","25","46","159","112","423","236","0","21","0","21","185","227","131","212","54","78","0","21","0","21","0","21","86","72","17","23","34","58","35","49","0","21","0","21",
"1400000US48201210400","Census Tract 2104; Harris County; Texas","1475","198","249","118","539","164","450","174","200","100","37","54","415","149","97","76","295","127","23","37","0","15","0","15","534","166","74","72","135","80","290","132","35","37","0","15","274","115","69","90","89","79","47","52","69","77","0","15","252","107","9","14","20","33","90","77","96","71","37","54",
"1400000US48201210500","Census Tract 2105; Harris County; Texas","1932","214","290","207","915","215","373","145","242","146","112","80","630","268","185","176","445","196","0","15","0","15","0","15","570","183","0","15","269","148","211","108","90","98","0","15","377","143","78","91","162","97","115","85","22","35","0","15","355","129","27","40","39","57","47","57","130","118","112","80",
"1400000US48201210600","Census Tract 2106; Harris County; Texas","2375","483","375","339","846","269","982","318","170","98","2","12","867","323","217","228","545","222","77","118","28","46","0","21","691","196","0","21","270","178","348","162","73","57","0","21","554","352","158","250","31","32","319","187","46","50","0","21","263","211","0","21","0","21","238","204","23","33","2","12",
"1400000US48201210700","Census Tract 2107; Harris County; Texas","973","137","35","44","393","108","371","138","81","68","93","58","393","140","0","15","313","111","80","83","0","15","0","15","222","116","35","44","48","39","84","55","55","64","0","15","83","53","0","15","17","19","60","59","0","15","6","11","275","128","0","15","15","19","147","112","26","36","87","58",
"1400000US48201210800","Census Tract 2108; Harris County; Texas","970","150","164","83","421","152","214","132","161","91","10","15","422","149","146","93","209","130","12","25","55","50","0","15","244","143","0","15","131","91","103","112","0","15","10","15","102","75","18","24","20","25","20","30","44","54","0","15","202","130","0","15","61","73","79","76","62","66","0","15",
"1400000US48201210900","Census Tract 2109; Harris County; Texas","673","101","135","82","250","114","195","114","43","50","50","50","224","119","111","82","73","56","40","57","0","15","0","15","213","89","24","34","77","84","44","45","26","41","42","47","35","39","0","15","0","15","27","34","0","15","8","17","201","131","0","15","100","85","84","98","17","25","0","15",
"1400000US48201211000","Census Tract 2110; Harris County; Texas","710","124","192","114","216","77","228","68","30","35","44","37","297","133","182","116","67","37","48","47","0","15","0","15","233","88","6","9","107","70","108","51","12","19","0","15","47","35","0","15","23","28","24","24","0","15","0","15","133","62","4","9","19","19","48","36","18","31","44","37",
"1400000US48201211101","Census Tract 2111.01; Harris County; Texas","933","185","223","120","312","109","141","79","99","70","158","128","201","129","39","51","162","113","0","15","0","15","0","15","344","146","131","102","91","73","69","56","0","15","53","67","89","83","37","59","0","15","30","46","22","36","0","15","299","149","16","26","59","68","42","56","77","63","105","121",
"1400000US48201211102","Census Tract 2111.02; Harris County; Texas","731","132","82","51","273","86","95","67","222","144","59","34","170","81","64","45","64","46","26","43","0","15","16","27","135","58","7","14","68","47","31","25","29","40","0","15","167","87","11","17","69","64","5","7","82","71","0","15","259","134","0","15","72","63","33","44","111","119","43","29",
"1400000US48201211200","Census Tract 2112; Harris County; Texas","1046","186","268","178","527","204","205","147","46","40","0","15","397","148","168","145","210","112","19","33","0","15","0","15","348","155","90","104","124","143","124","122","10","18","0","15","227","111","0","15","188","107","32","53","7","11","0","15","74","56","10","18","5","15","30","39","29","38","0","15",
"1400000US48201211301","Census Tract 2113.01; Harris County; Texas","928","156","261","103","383","140","218","124","24","31","42","70","376","145","134","87","124","94","118","103","0","15","0","15","153","82","22","32","71","59","60","51","0","15","0","15","135","98","0","15","80","69","0","15","13","25","42","70","264","72","105","66","108","68","40","37","11","19","0","15",
"1400000US48201211302","Census Tract 2113.02; Harris County; Texas","1165","272","308","133","594","245","209","144","52","53","2","26","554","216","144","92","352","205","58","61","0","15","0","15","487","208","78","63","226","164","143","130","40","48","0","15","65","72","41","63","16","28","8","19","0","15","0","15","59","56","45","44","0","15","0","15","12","14","2","26",
"1400000US48201211400","Census Tract 2114; Harris County; Texas","1767","240","327","153","609","248","603","242","211","126","17","19","574","252","97","99","294","158","183","182","0","15","0","15","581","201","80","75","157","113","252","128","92","81","0","15","425","201","132","91","101","151","138","102","54","63","0","15","187","94","18","29","57","52","30","39","65","82","17","19",
"1400000US48201211501","Census Tract 2115.01; Harris County; Texas","979","101","194","99","216","92","366","110","136","82","67","59","330","115","110","92","148","75","72","70","0","15","0","15","266","120","59","75","40","64","94","75","49","54","24","26","52","56","0","15","11","19","41","52","0","15","0","15","331","107","25","35","17","20","159","76","87","62","43","44",
"1400000US48201211502","Census Tract 2115.02; Harris County; Texas","859","151","72","60","270","102","357","155","136","85","24","29","269","115","30","27","171","92","63","62","5","9","0","15","170","86","27","44","47","36","96","67","0","15","0","15","124","77","9","14","14","20","49","49","52","61","0","15","296","147","6","15","38","32","149","134","79","62","24","29",
"1400000US48201211600","Census Tract 2116; Harris County; Texas","1066","137","221","102","384","115","234","123","154","96","73","51","361","126","208","99","153","85","0","15","0","15","0","15","254","96","13","15","139","70","102","73","0","15","0","15","202","98","0","15","92","92","29","41","14","17","67","52","249","95","0","15","0","15","103","64","140","94","6","10",
"1400000US48201211700","Census Tract 2117; Harris County; Texas","1396","143","59","58","750","227","350","208","174","117","63","56","480","181","48","55","346","173","86","83","0","15","0","15","347","169","0","15","216","150","69","78","62","95","0","15","212","82","0","15","135","30","17","33","44","54","16","32","357","181","11","17","53","72","178","175","68","57","47","53",
"1400000US48201211900","Census Tract 2119; Harris County; Texas","1593","367","122","79","596","352","467","169","266","147","142","91","365","136","91","69","203","94","0","15","71","88","0","15","469","175","21","33","110","94","295","154","43","67","0","15","410","327","0","15","232","317","88","80","61","54","29","46","349","152","10","16","51","66","84","71","91","81","113","82",
"1400000US48201212300","Census Tract 2123; Harris County; Texas","1920","242","376","207","609","213","811","266","107","104","17","38","813","266","202","158","510","204","101","159","0","15","0","15","481","208","68","74","5","7","356","155","52","81","0","15","251","171","106","135","24","40","115","97","4","8","2","28","375","180","0","15","70","81","239","154","51","70","15","25",
"1400000US48201212400","Census Tract 2124; Harris County; Texas","892","97","84","55","212","93","316","92","214","65","66","54","137","69","60","48","26","21","13","14","38","42","0","15","271","122","16","25","97","75","119","73","39","36","0","15","177","84","8","13","15","24","49","46","68","44","37","43","307","97","0","15","74","60","135","48","69","47","29","28",
"1400000US48201212500","Census Tract 2125; Harris County; Texas","1458","239","217","117","585","237","328","152","263","142","65","63","526","167","70","85","400","155","56","56","0","15","0","15","486","232","147","94","158","175","91","76","80","78","10","18","146","115","0","15","11","17","0","15","135","114","0","15","300","115","0","15","16","25","181","128","48","48","55","60",
"1400000US48201220100","Census Tract 2201; Harris County; Texas","568","76","0","15","309","91","145","65","64","54","50","37","221","67","0","15","151","69","36","38","34","41","0","15","131","64","0","15","97","58","20","23","0","15","14","23","107","51","0","15","27","37","70","49","10","16","0","15","109","38","0","15","34","35","19","21","20","21","36","29",
"1400000US48201220200","Census Tract 2202; Harris County; Texas","744","86","66","46","293","107","174","77","128","65","83","66","179","72","33","25","131","73","15","17","0","15","0","15","159","71","0","15","77","50","44","42","38","38","0","15","184","91","33","40","29","34","28","34","43","47","51","57","222","68","0","15","56","46","87","54","47","39","32","36",
"1400000US48201220300","Census Tract 2203; Harris County; Texas","1267","184","117","79","312","139","477","199","201","102","160","106","243","115","71","55","113","99","59","85","0","15","0","15","418","181","46","63","111","91","207","143","43","66","11","17","196","109","0","15","23","35","72","92","56","50","45","63","410","161","0","15","65","54","139","108","102","81","104","95",
"1400000US48201220400","Census Tract 2204; Harris County; Texas","1552","408","234","217","636","468","413","129","160","99","109","104","715","416","175","198","508","470","32","42","0","15","0","15","204","86","10","15","70","64","106","66","18","32","0","15","207","105","16","28","19","31","130","84","42","50","0","15","426","160","33","43","39","51","145","83","100","82","109","104",
"1400000US48201220500","Census Tract 2205; Harris County; Texas","1561","168","512","125","568","158","252","117","165","93","64","54","814","158","487","124","285","128","42","55","0","15","0","15","333","128","25","32","183","110","54","51","71","62","0","15","65","48","0","15","28","35","27","33","10","21","0","15","349","130","0","15","72","82","129","111","84","64","64","54",
"1400000US48201220600","Census Tract 2206; Harris County; Texas","926","151","160","105","174","116","197","112","262","110","133","115","213","97","83","61","48","42","27","45","39","61","16","27","93","58","8","14","22","35","60","54","3","12","0","15","142","97","0","15","12","21","56","77","61","66","13","25","478","130","69","66","92","99","54","55","159","63","104","112",
"1400000US48201220701","Census Tract 2207.01; Harris County; Texas","989","118","163","117","297","135","223","120","241","96","65","71","171","100","79","73","61","53","31","47","0","15","0","15","229","110","0","15","131","133","71","73","27","34","0","15","168","120","64","88","31","47","23","46","50","62","0","15","421","119","20","37","74","77","98","84","164","83","65","71",
"1400000US48201220702","Census Tract 2207.02; Harris County; Texas","1202","315","73","81","382","221","359","253","334","155","54","63","158","93","0","15","97","74","20","31","41","63","0","15","342","244","73","81","24","34","226","242","19","30","0","15","279","204","0","15","157","186","45","46","41","44","36","57","423","128","0","15","104","80","68","53","233","135","18","28",
"1400000US48201220800","Census Tract 2208; Harris County; Texas","1194","247","214","137","539","273","283","132","70","61","88","67","274","146","121","115","120","74","33","50","0","15","0","15","214","88","28","34","65","69","58","50","63","58","0","15","377","247","27","42","288","234","62","64","0","15","0","15","329","114","38","41","66","77","130","81","7","16","88","67",
"1400000US48201220900","Census Tract 2209; Harris County; Texas","672","213","128","87","281","189","129","61","103","57","31","29","369","216","122","87","185","194","30","33","32","41","0","15","77","46","6","10","58","48","13","18","0","15","0","15","66","50","0","15","15","23","42","42","9","17","0","15","160","37","0","15","23","34","44","33","62","44","31","29",
"1400000US48201221000","Census Tract 2210; Harris County; Texas","1024","154","102","73","380","134","207","102","288","89","47","59","225","123","83","65","142","101","0","15","0","15","0","15","192","95","19","30","54","59","60","38","59","46","0","15","142","101","0","15","81","84","61","59","0","15","0","15","465","105","0","15","103","69","86","74","229","82","47","59",
"1400000US48201221100","Census Tract 2211; Harris County; Texas","988","164","79","87","308","146","279","164","230","158","92","92","145","97","31","38","92","86","0","15","22","35","0","15","197","91","0","15","67","66","47","51","83","70","0","15","262","136","0","15","71","68","125","115","66","92","0","15","384","179","48","81","78","87","107","109","59","74","92","92",
"1400000US48201221200","Census Tract 2212; Harris County; Texas","1511","150","26","29","279","122","728","182","344","164","134","85","182","100","12","19","155","98","15","23","0","21","0","21","453","141","14","21","63","71","282","124","46","73","48","48","227","95","0","21","45","44","116","78","57","45","9","15","649","179","0","21","16","25","315","141","241","140","77","73",
"1400000US48201221301","Census Tract 2213.01; Harris County; Texas","1120","251","41","53","388","168","262","165","222","249","207","105","196","141","15","24","181","132","0","15","0","15","0","15","208","170","26","47","52","62","100","139","30","48","0","15","111","74","0","15","33","50","62","62","16","29","0","15","605","251","0","15","122","118","100","82","176","240","207","105",
"1400000US48201221302","Census Tract 2213.02; Harris County; Texas","903","160","0","15","339","134","200","135","134","95","230","124","141","94","0","15","125","91","16","25","0","15","0","15","125","106","0","15","91","111","21","33","13","23","0","15","264","155","0","15","39","62","112","107","70","59","43","66","373","155","0","15","84","104","51","62","51","64","187","101",
"1400000US48201221400","Census Tract 2214; Harris County; Texas","1841","199","405","165","597","226","357","125","285","161","197","113","458","189","211","132","212","157","18","28","17","29","0","21","454","161","80","86","111","96","221","101","0","21","42","50","324","153","95","114","82","96","20","31","94","89","33","45","605","180","19","32","192","144","98","85","174","140","122","83",
"1400000US48201221501","Census Tract 2215.01; Harris County; Texas","1472","212","170","109","469","237","411","180","278","156","144","118","245","121","73","66","157","110","11","20","4","10","0","15","374","180","42","50","164","110","120","110","48","68","0","15","331","179","0","15","58","68","145","120","128","120","0","15","522","200","55","73","90","147","135","93","98","81","144","118",
"1400000US48201221502","Census Tract 2215.02; Harris County; Texas","930","158","162","103","544","192","159","91","65","56","0","15","305","119","108","89","164","112","33","49","0","15","0","15","56","39","0","15","14","21","42","32","0","15","0","15","196","90","28","42","118","84","40","59","10","18","0","15","373","182","26","37","248","179","44","49","55","50","0","15",
"1400000US48201221601","Census Tract 2216.01; Harris County; Texas","772","194","8","15","245","96","216","196","200","99","103","75","45","36","0","15","17","20","28","30","0","15","0","15","219","88","8","15","106","70","10","12","95","77","0","15","30","32","0","15","3","15","24","30","0","15","3","6","478","193","0","15","119","70","154","190","105","71","100","74",
"1400000US48201221602","Census Tract 2216.02; Harris County; Texas","1654","272","48","46","185","90","1046","345","275","156","100","68","143","69","29","34","86","49","0","21","28","43","0","21","569","240","19","32","35","38","515","244","0","21","0","21","162","92","0","21","28","31","121","86","0","21","13","22","780","225","0","21","36","49","410","213","247","150","87","65",
"1400000US48201221701","Census Tract 2217.01; Harris County; Texas","1361","395","135","215","228","146","532","301","301","155","165","69","81","86","0","21","81","86","0","21","0","21","0","21","214","143","0","21","0","21","184","140","19","23","11","20","494","294","0","21","0","21","283","288","182","118","29","42","572","282","135","215","147","134","65","70","100","87","125","53",
"1400000US48201221702","Census Tract 2217.02; Harris County; Texas","882","207","0","15","269","203","451","137","153","109","9","14","122","186","0","15","103","182","19","32","0","15","0","15","220","123","0","15","11","16","183","126","26","29","0","15","204","126","0","15","60","50","81","62","54","68","9","14","336","119","0","15","95","95","168","127","73","83","0","15",
"1400000US48201221800","Census Tract 2218; Harris County; Texas","1253","216","93","63","387","155","384","164","219","119","170","149","215","130","63","49","75","93","48","59","0","15","29","44","256","105","30","44","137","81","58","61","31","50","0","15","142","93","0","15","21","26","74","59","47","68","0","15","640","220","0","15","154","95","204","119","141","90","141","147",
"1400000US48201221900","Census Tract 2219; Harris County; Texas","1157","128","45","71","245","102","446","154","196","112","225","102","162","98","45","71","97","75","20","33","0","15","0","15","165","82","0","15","96","72","30","33","37","57","2","18","187","107","0","15","17","31","170","105","0","15","0","15","643","139","0","15","35","37","226","106","159","100","223","105",
"1400000US48201222000","Census Tract 2220; Harris County; Texas","537","52","9","15","195","78","166","81","97","56","70","39","167","67","9","15","152","67","6","11","0","15","0","15","92","61","0","15","43","40","49","45","0","15","0","15","107","64","0","15","0","15","45","55","62","48","0","15","171","45","0","15","0","15","66","49","35","40","70","39",
"1400000US48201222100","Census Tract 2221; Harris County; Texas","1406","172","54","42","238","144","507","214","456","171","151","84","238","99","18","22","90","72","29","38","101","80","0","15","217","113","30","34","56","65","82","71","49","56","0","15","246","117","6","9","64","70","85","78","91","64","0","15","705","203","0","15","28","44","311","180","215","120","151","84",
"1400000US48201222200","Census Tract 2222; Harris County; Texas","1304","473","268","197","539","431","286","103","148","96","63","48","576","488","215","194","340","449","10","18","0","15","11","18","224","112","40","48","48","62","119","88","0","15","17","25","235","115","13","18","91","74","33","49","98","80","0","15","269","108","0","15","60","44","124","67","50","49","35","39",
"1400000US48201222300","Census Tract 2223; Harris County; Texas","1404","189","61","79","445","181","564","207","188","99","146","98","274","141","47","75","216","126","11","17","0","15","0","15","396","174","14","24","111","109","213","124","58","50","0","15","167","99","0","15","0","15","133","92","34","52","0","15","567","138","0","15","118","92","207","126","96","76","146","98",
"1400000US48201222401","Census Tract 2224.01; Harris County; Texas","849","132","0","15","247","116","222","154","297","132","83","81","72","90","0","15","72","90","0","15","0","15","0","15","104","95","0","15","20","29","42","68","42","64","0","15","301","151","0","15","40","63","58","61","156","104","47","60","372","135","0","15","115","86","122","121","99","83","36","53",
"1400000US48201222402","Census Tract 2224.02; Harris County; Texas","2035","445","69","90","295","153","905","361","404","238","362","322","325","256","14","24","66","65","245","278","0","21","0","21","328","122","0","21","59","62","159","91","62","70","48","66","528","326","0","21","94","82","158","121","88","85","188","293","854","291","55","88","76","80","343","201","254","219","126","98",
"1400000US48201222501","Census Tract 2225.01; Harris County; Texas","877","108","42","50","362","143","262","136","144","77","67","63","139","113","0","15","126","111","13","20","0","15","0","15","70","53","16","26","23","39","31","41","0","15","0","15","145","102","0","15","45","72","52","58","48","55","0","15","523","149","26","44","168","142","166","105","96","63","67","63",
"1400000US48201222502","Census Tract 2225.02; Harris County; Texas","1060","114","14","21","258","128","426","172","179","99","183","115","125","86","14","21","65","57","46","57","0","15","0","15","320","131","0","15","60","57","227","135","33","30","0","15","82","66","0","15","17","28","28","36","25","40","12","21","533","171","0","15","116","95","125","85","121","89","171","116",
"1400000US48201222504","Census Tract 2225.04; Harris County; Texas","940","152","54","70","226","130","629","205","31","49","0","15","79","85","0","15","79","85","0","15","0","15","0","15","79","73","0","15","79","73","0","15","0","15","0","15","441","160","42","77","68","89","300","155","31","49","0","15","341","134","12","19","0","15","329","129","0","15","0","15",
"1400000US48201222505","Census Tract 2225.05; Harris County; Texas","887","175","40","38","132","78","334","111","171","80","210","191","73","53","6","10","67","53","0","15","0","15","0","15","134","64","0","15","31","35","82","48","21","26","0","15","238","99","13","21","23","38","126","79","76","59","0","15","442","173","21","30","11","17","126","66","74","49","210","191",
"1400000US48201222601","Census Tract 2226.01; Harris County; Texas","618","90","192","114","181","91","199","96","46","52","0","15","91","77","0","15","64","67","27","43","0","15","0","15","154","79","47","53","78","66","29","45","0","15","0","15","109","94","92","86","3","19","0","15","14","28","0","15","264","114","53","60","36","57","143","74","32","47","0","15",
"1400000US48201222602","Census Tract 2226.02; Harris County; Texas","1053","102","329","103","465","162","259","119","0","15","0","15","450","165","152","95","298","159","0","15","0","15","0","15","297","98","177","63","120","80","0","15","0","15","0","15","188","117","0","15","32","14","156","116","0","15","0","15","118","95","0","15","15","24","103","92","0","15","0","15",
"1400000US48201222701","Census Tract 2227.01; Harris County; Texas","938","116","238","103","442","162","232","122","26","36","0","15","262","98","203","92","37","32","22","28","0","15","0","15","165","102","8","13","91","87","40","43","26","36","0","15","156","120","8","13","104","93","44","55","0","15","0","15","355","128","19","35","210","128","126","103","0","15","0","15",
"1400000US48201222702","Census Tract 2227.02; Harris County; Texas","1476","298","116","89","1001","261","261","195","32","34","66","69","705","157","66","62","597","161","42","49","0","15","0","15","317","152","30","50","187","158","69","62","13","23","18","29","161","163","0","15","101","143","28","47","0","15","32","53","293","187","20","34","116","81","122","168","19","32","16","29",
"1400000US48201222800","Census Tract 2228; Harris County; Texas","940","185","0","15","299","126","330","123","154","75","157","116","109","57","0","15","88","56","7","11","14","24","0","15","200","107","0","15","34","35","161","109","5","9","0","15","162","111","0","15","122","105","21","26","19","30","0","15","469","124","0","15","55","44","141","65","116","61","157","116",
"1400000US48201222900","Census Tract 2229; Harris County; Texas","2076","317","60","68","441","200","649","333","571","142","355","186","145","111","33","50","97","97","0","21","0","21","15","32","409","214","0","21","168","134","153","169","88","82","0","21","611","274","0","21","90","105","214","210","240","114","67","98","911","231","27","46","86","89","282","169","243","156","273","160",
"1400000US48201223001","Census Tract 2230.01; Harris County; Texas","1067","156","124","104","198","131","351","132","193","84","201","105","182","127","42","51","119","110","21","34","0","15","0","15","251","114","49","78","29","38","143","78","30","33","0","15","140","89","0","15","11","13","78","83","51","37","0","15","494","158","33","54","39","56","109","81","112","80","201","105",
"1400000US48201223002","Census Tract 2230.02; Harris County; Texas","986","129","227","149","319","130","250","129","129","73","61","55","288","148","167","131","95","58","26","43","0","15","0","15","337","145","60","90","147","103","93","76","23","25","14","24","161","121","0","15","51","79","77","90","33","31","0","15","200","95","0","15","26","29","54","82","73","59","47","50",
"1400000US48201223100","Census Tract 2231; Harris County; Texas","608","96","4","6","183","92","201","92","110","64","110","70","62","45","4","6","37","37","15","23","6","9","0","15","143","70","0","15","94","69","36","36","13","15","0","15","48","42","0","15","0","15","22","21","8","13","18","30","355","107","0","15","52","47","128","85","83","59","92","69",
"1400000US48201230100","Census Tract 2301; Harris County; Texas","694","190","104","74","368","204","102","56","95","73","25","26","225","77","53","43","86","68","20","24","66","63","0","15","295","191","8","12","226","187","56","41","0","15","5","8","45","55","37","54","0","15","0","15","0","15","8","14","129","59","6","10","56","42","26","25","29","41","12","15",
"1400000US48201230200","Census Tract 2302; Harris County; Texas","1902","221","245","142","774","211","544","203","216","177","123","93","523","195","192","131","244","143","87","91","0","21","0","21","496","172","32","54","179","135","232","125","28","31","25","29","494","186","21","34","251","162","88","87","58","64","76","73","389","140","0","21","100","97","137","119","130","154","22","31",
"1400000US48201230300","Census Tract 2303; Harris County; Texas","756","126","41","28","399","117","142","61","147","65","27","25","261","126","24","21","223","120","7","11","0","15","7","11","147","71","9","13","104","65","0","15","34","35","0","15","143","88","0","15","50","54","29","27","57","46","7","11","205","81","8","12","22","32","106","55","56","42","13","19",
"1400000US48201230400","Census Tract 2304; Harris County; Texas","1293","337","92","86","546","166","449","350","176","108","30","26","201","111","0","15","188","110","13","21","0","15","0","15","517","353","92","86","143","100","251","334","31","46","0","15","183","107","0","15","66","59","62","73","55","45","0","15","392","125","0","15","149","103","123","73","90","77","30","26",
"1400000US48201230500","Census Tract 2305; Harris County; Texas","1289","369","69","76","532","341","367","134","72","58","249","159","551","344","17","25","401","341","133","86","0","15","0","15","224","113","0","15","49","61","121","99","16","27","38","39","123","98","0","15","53","58","6","15","29","40","35","46","391","188","52","74","29","44","107","81","27","34","176","151",
"1400000US48201230600","Census Tract 2306; Harris County; Texas","950","140","57","52","347","120","383","159","113","49","50","43","233","95","52","51","143","78","38","31","0","15","0","15","229","88","5","8","70","55","112","54","42","39","0","15","174","84","0","15","70","65","63","49","41","31","0","15","314","154","0","15","64","49","170","145","30","31","50","43",
"1400000US48201230700","Census Tract 2307; Harris County; Texas","1119","162","151","70","535","129","286","120","102","76","45","45","322","133","119","63","145","105","58","53","0","15","0","15","281","131","0","15","142","95","105","93","34","39","0","15","194","90","10","17","97","68","19","20","68","64","0","15","322","106","22","35","151","91","104","59","0","15","45","45",
"1400000US48201230800","Census Tract 2308; Harris County; Texas","839","119","60","39","306","85","215","84","164","71","94","73","285","89","39","33","181","78","17","18","12","19","36","42","212","74","11","20","51","26","117","57","33","35","0","15","120","66","0","15","14","17","62","54","19","31","25","27","222","73","10","16","60","44","19","21","100","51","33","50",
"1400000US48201230900","Census Tract 2309; Harris County; Texas","1714","202","383","168","723","212","398","130","126","82","84","94","735","191","289","155","355","154","91","83","0","15","0","15","298","166","77","93","133","112","50","54","0","15","38","57","139","79","0","15","40","40","62","56","37","42","0","15","542","123","17","28","195","113","195","77","89","72","46","76",
"1400000US48201231000","Census Tract 2310; Harris County; Texas","1634","356","65","45","441","297","726","177","215","130","187","86","424","254","35","30","217","206","139","132","33","53","0","21","241","112","0","21","77","61","124","86","40","51","0","21","359","250","15","25","123","199","197","127","11","17","13","24","610","153","15","29","24","38","266","111","131","103","174","84",
"1400000US48201231100","Census Tract 2311; Harris County; Texas","1406","207","285","208","349","137","347","141","323","147","102","76","328","197","146","174","134","90","20","19","0","21","28","46","181","86","27","43","63","59","48","50","43","51","0","21","254","140","102","115","64","53","27","32","61","59","0","21","643","116","10","17","88","57","252","117","219","119","74","55",
"1400000US48201231200","Census Tract 2312; Harris County; Texas","2561","519","395","220","1274","481","628","285","110","116","154","176","1105","405","204","116","783","373","93","99","25","42","0","21","705","353","30","49","189","199","385","269","0","21","101","155","406","272","161","197","183","211","62","64","0","21","0","21","345","171","0","21","119","115","88","81","85","106","53","85",
"1400000US48201231300","Census Tract 2313; Harris County; Texas","1811","221","260","148","604","217","533","149","360","161","54","60","415","174","68","72","281","154","49","50","17","28","0","21","548","193","50","81","87","121","300","134","85","97","26","43","401","172","52","71","144","93","48","55","157","114","0","21","447","147","90","90","92","95","136","84","101","82","28","40",
"1400000US48201231400","Census Tract 2314; Harris County; Texas","1327","146","109","87","385","137","598","143","185","115","50","63","414","179","68","73","222","119","74","96","50","76","0","15","339","128","24","30","52","39","169","113","55","45","39","62","207","117","0","15","105","74","102","95","0","15","0","15","367","104","17","30","6","12","253","94","80","75","11","16",
"1400000US48201231500","Census Tract 2315; Harris County; Texas","925","131","84","71","373","110","279","98","177","110","12","18","197","92","67","70","107","60","12","18","11","18","0","15","260","112","17","18","130","92","62","43","39","60","12","18","190","97","0","15","37","38","87","66","66","69","0","15","278","96","0","15","99","85","118","76","61","51","0","15",
"1400000US48201231600","Census Tract 2316; Harris County; Texas","1099","243","83","60","608","243","324","121","81","55","3","35","488","240","59","44","306","242","123","89","0","15","0","15","299","103","24","39","121","82","129","63","25","30","0","15","83","61","0","15","11","20","72","59","0","15","0","15","229","134","0","15","170","118","0","15","56","54","3","35",
"1400000US48201231700","Census Tract 2317; Harris County; Texas","1123","125","67","60","187","80","389","139","259","102","221","104","175","98","67","60","38","45","29","32","0","15","41","66","165","80","0","15","60","48","94","68","11","16","0","15","164","96","0","15","27","31","108","79","13","30","16","24","619","151","0","15","62","60","158","103","235","100","164","101",
"1400000US48201231800","Census Tract 2318; Harris County; Texas","906","112","3","5","216","62","432","96","172","90","83","43","181","71","0","15","128","63","53","39","0","15","0","15","247","98","3","5","5","8","97","60","106","78","36","30","68","36","0","15","22","20","36","30","10","12","0","15","410","99","0","15","61","44","246","92","56","43","47","37",
"1400000US48201231900","Census Tract 2319; Harris County; Texas","1953","473","227","174","377","161","1004","461","306","194","39","56","503","226","182","163","214","129","36","43","71","117","0","21","529","201","34","61","42","69","382","189","71","79","0","21","293","226","11","29","18","52","103","146","131","129","30","50","628","433","0","21","103","96","483","435","33","51","9","29",
"1400000US48201232000","Census Tract 2320; Harris County; Texas","1379","164","35","45","502","144","421","191","334","143","87","65","211","96","19","36","174","98","18","29","0","15","0","15","360","136","16","26","196","131","31","39","117","96","0","15","277","166","0","15","89","69","173","156","15","23","0","15","531","134","0","15","43","61","199","96","202","109","87","65",
"1400000US48201232100","Census Tract 2321; Harris County; Texas","1118","135","93","91","401","202","416","158","158","95","50","36","315","181","13","22","181","172","103","81","4","7","14","21","195","115","46","75","61","84","88","60","0","15","0","15","242","145","0","15","101","101","26","32","115","82","0","15","366","130","34","42","58","60","199","116","39","50","36","26",
"1400000US48201232201","Census Tract 2322.01; Harris County; Texas","1833","340","150","167","585","272","637","275","135","117","326","275","432","233","0","21","340","207","92","138","0","21","0","21","430","235","141","166","169","136","98","88","0","21","22","35","126","96","9","15","0","21","100","88","0","21","17","24","845","394","0","21","76","115","347","233","135","117","287","272",
"1400000US48201232202","Census Tract 2322.02; Harris County; Texas","1669","319","0","21","310","115","594","249","392","213","373","209","200","101","0","21","182","102","18","25","0","21","0","21","508","281","0","21","68","47","258","192","162","183","20","24","231","184","0","21","0","21","80","70","45","42","106","169","730","132","0","21","60","54","238","109","185","91","247","116",
"1400000US48201232203","Census Tract 2322.03; Harris County; Texas","2808","475","183","225","1808","492","586","311","171","127","60","83","1385","640","0","21","1368","640","17","35","0","21","0","21","569","366","0","21","316","359","221","138","17","29","15","30","454","241","183","225","124","117","127","98","20","36","0","21","400","261","0","21","0","21","221","245","134","121","45","66",
"1400000US48201232303","Census Tract 2323.03; Harris County; Texas","1811","253","156","105","652","288","629","186","80","49","294","179","563","267","83","80","425","256","55","70","0","21","0","21","391","180","57","70","100","91","211","143","14","23","9","16","266","114","0","21","30","49","131","83","17","22","88","79","591","217","16","29","97","83","232","110","49","36","197","155",
"1400000US48201232304","Census Tract 2323.04; Harris County; Texas","2317","349","366","273","803","329","663","287","259","169","226","163","538","309","234","217","225","199","79","104","0","21","0","21","486","262","24","52","311","223","127","129","24","39","0","21","640","381","108","173","243","225","269","210","20","33","0","21","653","249","0","21","24","45","188","142","215","161","226","163",
"1400000US48201232305","Census Tract 2323.05; Harris County; Texas","3515","352","343","218","863","348","1182","353","933","354","194","190","779","289","66","97","416","252","283","257","0","23","14","29","356","178","46","65","47","55","210","161","53","52","0","23","678","215","32","61","173","192","241","161","218","140","14","30","1702","409","199","170","227","188","448","234","662","334","166","179",
"1400000US48201232306","Census Tract 2323.06; Harris County; Texas","1092","238","66","84","200","130","495","222","151","114","180","126","126","105","56","83","68","80","2","11","0","15","0","15","185","100","0","15","62","81","123","76","0","15","0","15","167","154","0","15","0","15","86","138","51","55","30","46","614","180","10","17","70","85","284","137","100","100","150","116",
"1400000US48201232402","Census Tract 2324.02; Harris County; Texas","1301","228","210","120","301","114","373","124","241","97","176","191","316","112","190","123","69","62","41","48","16","26","0","15","226","107","0","15","96","91","96","79","34","31","0","15","126","88","20","40","0","15","75","62","31","32","0","15","633","205","0","15","136","76","161","113","160","73","176","191",
"1400000US48201232403","Census Tract 2324.03; Harris County; Texas","1345","146","66","59","448","140","387","120","265","131","179","92","200","116","20","31","180","111","0","15","0","15","0","15","489","156","0","15","100","96","213","101","154","111","22","38","168","103","19","29","49","51","8","21","36","39","56","68","488","163","27","40","119","110","166","95","75","93","101","61",
"1400000US48201232404","Census Tract 2324.04; Harris County; Texas","1188","95","85","89","253","131","380","174","294","151","176","97","265","140","33","39","195","130","37","41","0","15","0","15","155","83","0","15","21","34","46","45","88","62","0","15","276","175","0","15","0","15","107","119","95","110","74","102","492","157","52","79","37","44","190","165","111","88","102","65",
"1400000US48201232405","Census Tract 2324.05; Harris County; Texas","1994","288","66","101","513","264","687","240","624","196","104","101","426","253","66","101","336","233","24","44","0","21","0","21","397","192","0","21","63","84","162","102","161","129","11","25","346","168","0","21","38","45","170","157","138","113","0","21","825","163","0","21","76","96","331","167","325","141","93","94",
"1400000US48201232500","Census Tract 2325; Harris County; Texas","992","179","160","131","255","75","295","99","114","62","168","124","308","144","121","128","127","57","55","49","0","15","5","7","269","90","27","20","106","65","98","56","23","36","15","17","107","84","0","15","0","15","77","75","30","37","0","15","308","122","12","18","22","26","65","48","61","40","148","121",
"1400000US48201232600","Census Tract 2326; Harris County; Texas","947","165","0","15","270","114","469","149","118","51","90","57","239","158","0","15","135","79","104","132","0","15","0","15","310","91","0","15","97","73","177","71","36","36","0","15","179","70","0","15","10","15","125","62","18","21","26","33","219","70","0","15","28","31","63","40","64","36","64","52",
"1400000US48201232701","Census Tract 2327.01; Harris County; Texas","2378","303","188","136","1023","289","808","269","291","173","68","72","419","202","151","123","178","131","35","56","21","46","34","55","886","279","37","56","314","160","437","229","98","105","0","21","401","238","0","21","272","203","129","99","0","21","0","21","672","212","0","21","259","151","207","91","172","128","34","49",
"1400000US48201232703","Census Tract 2327.03; Harris County; Texas","850","231","72","52","459","225","295","95","12","20","12","20","199","202","9","14","175","201","15","25","0","15","0","15","172","87","16","25","65","46","91","62","0","15","0","15","216","96","15","22","90","66","99","67","12","20","0","15","263","91","32","36","129","72","90","54","0","15","12","20",
"1400000US48201232704","Census Tract 2327.04; Harris County; Texas","773","112","67","46","291","67","314","107","83","49","18","29","347","68","62","44","214","64","71","48","0","15","0","15","167","62","5","8","55","43","55","35","52","44","0","15","67","40","0","15","8","13","55","39","4","8","0","15","192","99","0","15","14","24","133","87","27","32","18","29",
"1400000US48201232801","Census Tract 2328.01; Harris County; Texas","1035","165","73","64","447","159","422","125","93","58","0","15","278","126","39","47","196","115","43","41","0","15","0","15","323","125","34","39","112","92","138","91","39","45","0","15","216","112","0","15","139","99","63","61","14","19","0","15","218","80","0","15","0","15","178","76","40","32","0","15",
"1400000US48201232802","Census Tract 2328.02; Harris County; Texas","948","131","61","58","414","118","241","92","157","80","75","42","236","99","24","29","168","89","21","23","23","37","0","15","193","73","0","15","93","58","94","61","6","8","0","15","223","103","0","15","99","68","51","51","54","54","19","21","296","70","37","49","54","42","75","49","74","50","56","39",
"1400000US48201232901","Census Tract 2329.01; Harris County; Texas","1655","372","110","100","702","303","369","128","382","283","92","49","545","155","110","100","311","130","65","54","59","79","0","15","367","107","0","15","142","112","148","64","77","64","0","15","400","301","0","15","249","287","112","77","39","41","0","15","343","268","0","15","0","15","44","56","207","257","92","49",
"1400000US48201232902","Census Tract 2329.02; Harris County; Texas","1589","250","56","54","734","240","578","183","169","90","52","45","276","120","0","15","166","92","110","87","0","15","0","15","445","136","34","41","256","125","71","66","84","63","0","15","375","227","22","36","133","171","132","131","67","64","21","30","493","214","0","15","179","131","265","136","18","29","31","32",
"1400000US48201233001","Census Tract 2330.01; Harris County; Texas","1275","237","109","86","482","252","525","165","86","48","73","47","337","241","0","15","308","242","20","22","0","15","9","15","212","85","64","67","34","27","99","62","15","18","0","15","284","138","45","55","92","79","112","105","15","20","20","28","442","139","0","15","48","61","294","132","56","50","44","38",
"1400000US48201233002","Census Tract 2330.02; Harris County; Texas","1221","157","76","68","160","79","613","176","254","103","118","73","175","61","28","42","76","53","62","44","0","15","9","15","297","98","0","15","28","25","249","98","20","21","0","15","264","91","0","15","56","47","87","64","94","64","27","27","485","157","48","60","0","15","215","143","140","95","82","71",
"1400000US48201233003","Census Tract 2330.03; Harris County; Texas","801","105","0","15","253","108","322","80","135","43","91","50","89","48","0","15","85","48","4","5","0","15","0","15","277","104","0","15","102","89","123","52","30","25","22","30","101","47","0","15","26","23","25","22","50","31","0","15","334","81","0","15","40","44","170","78","55","31","69","42",
"1400000US48201233101","Census Tract 2331.01; Harris County; Texas","1371","152","157","79","545","147","355","135","232","94","82","48","278","104","59","55","178","87","41","46","0","15","0","15","374","138","58","43","189","128","94","60","19","31","14","23","197","87","24","35","60","45","90","64","23","29","0","15","522","117","16","26","118","68","130","81","190","82","68","42",
"1400000US48201233103","Census Tract 2331.03; Harris County; Texas","1480","202","115","84","589","191","532","167","105","59","139","72","338","89","115","84","195","88","28","32","0","21","0","21","304","190","0","21","194","160","102","66","8","16","0","21","161","78","0","21","69","50","82","62","10","17","0","21","677","148","0","21","131","78","320","145","87","54","139","72",
"1400000US48201233104","Census Tract 2331.04; Harris County; Texas","749","106","27","32","298","111","239","89","143","73","42","38","147","67","27","32","70","49","50","44","0","15","0","15","173","74","0","15","101","67","72","56","0","15","0","15","102","64","0","15","35","37","48","40","19","29","0","15","327","99","0","15","92","73","69","32","124","72","42","38",
"1400000US48201233105","Census Tract 2331.05; Harris County; Texas","1071","210","70","48","299","142","343","123","277","148","82","62","63","51","30","40","11","17","22","35","0","15","0","15","186","88","16","23","142","82","18","23","10","18","0","15","168","99","9","13","40","45","48","64","71","44","0","15","654","222","15","23","106","133","255","111","196","145","82","62",
"1400000US48201233200","Census Tract 2332; Harris County; Texas","1838","271","63","62","605","235","558","170","406","219","206","124","283","116","51","59","184","110","37","37","11","19","0","21","456","173","0","21","240","163","201","113","15","23","0","21","282","155","0","21","39","50","49","57","172","140","22","34","817","172","12","20","142","97","271","101","208","127","184","116",
"1400000US48201233300","Census Tract 2333; Harris County; Texas","1326","302","198","200","315","130","304","127","200","105","309","183","258","232","177","198","42","54","39","54","0","15","0","15","245","86","21","33","120","73","104","58","0","15","0","15","242","114","0","15","114","69","38","48","49","58","41","49","581","215","0","15","39","35","123","87","151","84","268","188",
"1400000US48201233400","Census Tract 2334; Harris County; Texas","936","125","125","63","368","126","263","83","134","78","46","36","345","131","84","53","204","115","23","34","24","21","10","15","185","84","18","29","70","57","57","46","40","40","0","15","67","48","0","15","31","33","18","21","18","30","0","15","339","78","23","31","63","49","165","67","52","53","36","32",
"1400000US48201233501","Census Tract 2335.01; Harris County; Texas","1072","166","18","36","365","186","316","160","266","145","107","90","163","109","0","15","144","102","19","23","0","15","0","15","364","165","0","15","155","132","154","119","42","60","13","22","37","40","0","15","0","15","25","35","0","15","12","19","508","135","18","36","66","77","118","94","224","135","82","81",
"1400000US48201233502","Census Tract 2335.02; Harris County; Texas","967","154","40","59","265","122","425","127","220","97","17","26","182","116","40","59","132","103","10","27","0","15","0","15","362","122","0","15","71","79","277","116","14","21","0","15","82","67","0","15","35","36","12","20","35","60","0","15","341","105","0","15","27","41","126","88","171","90","17","26",
"1400000US48201233600","Census Tract 2336; Harris County; Texas","725","111","136","70","251","93","212","75","65","46","61","58","271","101","70","72","115","62","66","42","13","23","7","12","184","65","55","54","71","44","58","36","0","15","0","15","91","71","0","15","49","58","19","27","23","35","0","15","179","62","11","16","16","19","69","50","29","30","54","56",
"1400000US48201233701","Census Tract 2337.01; Harris County; Texas","1375","211","32","35","409","211","676","159","102","63","156","108","305","200","0","15","225","189","80","68","0","15","0","15","396","162","3","7","124","88","269","139","0","15","0","15","160","96","7","12","14","25","66","49","38","33","35","52","514","125","22","28","46","59","261","106","64","53","121","100",
"1400000US48201233702","Census Tract 2337.02; Harris County; Texas","844","137","23","34","249","93","356","111","167","101","49","38","99","61","8","10","19","16","49","55","23","28","0","15","185","56","15","29","34","33","120","66","10","19","6","10","142","88","0","15","79","64","59","57","0","15","4","9","418","148","0","15","117","92","128","68","134","103","39","37",
"1400000US48201233703","Census Tract 2337.03; Harris County; Texas","852","166","85","47","292","151","261","68","76","46","138","162","198","55","85","47","81","45","23","25","9","12","0","15","130","57","0","15","40","37","52","42","38","28","0","15","196","149","0","15","140","142","43","39","5","12","8","13","328","174","0","15","31","33","143","66","24","28","130","162",
"1400000US48201240101","Census Tract 2401.01; Harris County; Texas","720","107","122","66","445","113","118","79","15","22","20","31","182","82","54","43","128","75","0","15","0","15","0","15","160","77","53","48","82","57","25","27","0","15","0","15","117","70","15","25","87","62","0","15","15","22","0","15","261","107","0","15","148","86","93","75","0","15","20","31",
"1400000US48201240102","Census Tract 2401.02; Harris County; Texas","774","143","239","120","228","97","237","126","20","22","50","37","426","134","211","106","168","88","38","63","9","14","0","15","125","83","28","44","45","54","29","26","11","17","12","20","76","44","0","15","15","25","27","27","0","15","34","28","147","101","0","15","0","15","143","99","0","15","4","8",
"1400000US48201240400","Census Tract 2404; Harris County; Texas","2752","337","185","122","1233","334","880","255","174","93","280","243","612","245","50","82","551","250","0","21","11","17","0","21","1016","300","80","74","467","276","374","171","39","46","56","83","158","92","19","32","0","21","97","69","27","47","15","27","966","366","36","46","215","144","409","209","97","68","209","227",
"1400000US48201240503","Census Tract 2405.03; Harris County; Texas","1195","423","109","75","909","443","177","113","0","15","0","15","338","149","44","45","266","142","28","46","0","15","0","15","618","422","65","71","534","418","19","28","0","15","0","15","83","98","0","15","37","78","46","60","0","15","0","15","156","64","0","15","72","57","84","68","0","15","0","15",
"1400000US48201240504","Census Tract 2405.04; Harris County; Texas","1276","230","221","123","811","254","244","140","0","15","0","15","572","169","133","86","373","150","66","85","0","15","0","15","371","195","88","96","166","151","117","101","0","15","0","15","106","80","0","15","76","73","30","39","0","15","0","15","227","150","0","15","196","142","31","33","0","15","0","15",
"1400000US48201240505","Census Tract 2405.05; Harris County; Texas","606","53","26","31","406","101","118","79","41","3","15","20","233","49","26","31","207","66","0","15","0","15","0","15","114","72","0","15","102","66","12","19","0","15","0","15","175","47","0","15","97","28","37","39","41","3","0","15","84","112","0","15","0","15","69","93","0","15","15","20",
"1400000US48201240506","Census Tract 2405.06; Harris County; Texas","1974","225","356","139","938","247","532","168","104","65","44","53","499","166","132","85","277","142","55","45","0","21","35","50","473","136","72","72","263","109","138","75","0","21","0","21","553","219","36","53","275","173","209","115","33","42","0","21","449","158","116","87","123","82","130","117","71","63","9","16",
"1400000US48201240600","Census Tract 2406; Harris County; Texas","1196","219","240","111","659","236","236","80","61","52","0","15","364","120","67","55","279","107","0","15","18","28","0","15","173","83","0","15","103","75","70","47","0","15","0","15","337","116","123","82","94","61","120","76","0","15","0","15","322","213","50","50","183","206","46","30","43","44","0","15",
"1400000US48201240703","Census Tract 2407.03; Harris County; Texas","1764","219","0","21","637","210","497","225","311","162","319","221","221","132","0","21","155","105","57","78","9","19","0","21","316","159","0","21","174","134","129","101","13","21","0","21","484","305","0","21","196","226","152","169","79","80","57","75","743","234","0","21","112","108","159","132","210","142","262","205",
"1400000US48201240704","Census Tract 2407.04; Harris County; Texas","1247","152","76","81","313","163","270","125","220","123","368","188","139","98","45","57","74","78","20","34","0","15","0","15","419","187","31","53","115","103","62","69","87","85","124","149","149","113","0","15","11","21","27","38","111","97","0","15","540","158","0","15","113","105","161","97","22","42","244","125",
"1400000US48201240705","Census Tract 2407.05; Harris County; Texas","1543","178","39","50","368","184","483","222","572","205","81","92","61","60","0","21","61","60","0","21","0","21","0","21","457","187","25","38","184","135","151","139","97","71","0","21","469","213","14","28","86","98","218","135","151","141","0","21","556","168","0","21","37","60","114","85","324","145","81","92",
"1400000US48201240706","Census Tract 2407.06; Harris County; Texas","3153","501","78","90","560","311","1111","413","879","481","525","294","157","175","0","23","54","58","0","23","0","23","103","165","549","372","0","23","173","169","331","311","45","78","0","23","1203","417","0","23","139","162","452","271","564","430","48","78","1244","369","78","90","194","212","328","167","270","156","374","245",
"1400000US48201240707","Census Tract 2407.07; Harris County; Texas","1508","165","0","21","367","167","727","187","246","144","168","139","250","133","0","21","158","113","92","94","0","21","0","21","372","171","0","21","72","84","281","144","19","28","0","21","188","114","0","21","48","57","105","91","35","30","0","21","698","219","0","21","89","98","249","135","192","138","168","139",
"1400000US48201240802","Census Tract 2408.02; Harris County; Texas","2833","441","120","143","940","288","902","452","429","205","442","236","448","186","9","28","281","172","36","65","122","152","0","21","628","402","0","21","218","165","383","342","27","44","0","21","768","223","53","88","219","176","148","131","104","100","244","151","989","269","58","93","222","175","335","161","176","137","198","151",
"1400000US48201240803","Census Tract 2408.03; Harris County; Texas","968","163","68","59","561","174","204","131","81","78","54","37","375","145","16","28","296","149","63","66","0","15","0","15","211","90","18","33","58","53","103","74","17","27","15","24","258","173","25","40","155","153","14","24","64","68","0","15","124","70","9","17","52","63","24","44","0","15","39","34",
"1400000US48201240804","Census Tract 2408.04; Harris County; Texas","1232","147","94","112","685","237","260","154","193","109","0","15","432","218","50","82","382","219","0","15","0","15","0","15","435","175","44","71","149","105","163","107","79","94","0","15","127","120","0","15","63","93","64","99","0","15","0","15","238","119","0","15","91","90","33","55","114","51","0","15",
"1400000US48201240903","Census Tract 2409.03; Harris County; Texas","1942","163","34","52","500","148","1092","195","237","138","79","72","367","134","34","52","305","122","28","47","0","21","0","21","560","178","0","21","135","82","400","173","25","29","0","21","295","152","0","21","8","18","178","120","77","60","32","52","720","171","0","21","52","53","486","145","135","115","47","49",
"1400000US48201240904","Census Tract 2409.04; Harris County; Texas","3286","406","52","53","1208","356","1431","380","237","128","358","212","962","329","52","53","781","311","115","119","14","22","0","21","870","334","0","21","215","236","516","259","51","61","88","139","568","289","0","21","128","186","217","159","123","104","100","126","886","321","0","21","84","118","583","282","49","58","170","147",
"1400000US48201240905","Census Tract 2409.05; Harris County; Texas","1762","454","90","96","720","271","683","361","164","65","105","118","378","217","54","87","311","201","13","21","0","21","0","21","670","320","0","21","182","131","478","325","10","15","0","21","261","177","12","20","172","169","43","43","34","36","0","21","453","192","24","39","55","44","149","140","120","56","105","118",
"1400000US48201240906","Census Tract 2409.06; Harris County; Texas","2632","162","41","65","699","248","1071","266","581","245","240","183","509","210","41","65","238","153","209","143","0","21","21","34","583","283","0","21","190","232","237","137","144","115","12","20","405","166","0","21","114","126","190","142","7","12","94","116","1135","232","0","21","157","136","435","158","430","200","113","122",
"1400000US48201241001","Census Tract 2410.01; Harris County; Texas","1360","160","16","19","368","168","582","201","290","127","104","78","279","147","0","15","173","130","106","96","0","15","0","15","471","170","9","13","93","73","245","112","124","99","0","15","362","167","0","15","85","110","183","126","84","72","10","17","248","133","7","14","17","25","48","67","82","88","94","76",
"1400000US48201241002","Census Tract 2410.02; Harris County; Texas","1726","289","34","38","320","201","749","146","439","236","184","134","266","188","18","29","231","183","0","21","17","28","0","21","505","174","16","23","89","77","263","137","26","36","111","143","389","194","0","21","0","21","183","91","194","193","12","18","566","200","0","21","0","21","303","126","202","171","61","55",
"1400000US48201241101","Census Tract 2411.01; Harris County; Texas","1367","127","29","36","334","125","650","142","217","77","137","131","217","90","0","15","168","70","49","48","0","15","0","15","486","80","14","24","84","61","302","82","73","61","13","22","171","111","15","24","31","49","85","76","40","48","0","15","493","157","0","15","51","41","214","115","104","61","124","129",
"1400000US48201241103","Census Tract 2411.03; Harris County; Texas","2093","230","73","57","754","223","839","255","357","196","70","77","425","170","31","39","354","149","40","66","0","21","0","21","866","234","0","21","269","150","460","199","84","80","53","72","347","134","17","26","131","98","160","95","39","43","0","21","455","199","25","42","0","21","179","132","234","182","17","28",
"1400000US48201241104","Census Tract 2411.04; Harris County; Texas","3375","401","63","81","738","296","1259","317","940","460","375","175","486","257","0","23","426","253","60","59","0","23","0","23","655","237","0","23","111","140","301","170","47","53","196","137","897","356","0","23","89","70","303","179","505","323","0","23","1337","447","63","81","112","116","595","232","388","358","179","108",
"1400000US48201241105","Census Tract 2411.05; Harris County; Texas","1636","397","16","23","355","151","845","350","367","240","53","54","310","221","16","23","76","62","218","208","0","21","0","21","465","264","0","21","76","55","389","261","0","21","0","21","211","108","0","21","140","93","28","35","43","53","0","21","650","296","0","21","63","76","210","154","324","231","53","54",
"1400000US48201241201","Census Tract 2412.01; Harris County; Texas","1049","171","39","48","236","99","524","194","213","83","37","37","270","184","39","48","99","95","132","153","0","15","0","15","232","107","0","15","51","40","166","105","15","17","0","15","195","140","0","15","39","61","89","73","58","77","9","15","352","129","0","15","47","82","137","75","140","101","28","34",
"1400000US48201241202","Census Tract 2412.02; Harris County; Texas","1647","126","122","103","698","194","557","186","176","108","94","68","294","102","47","49","209","89","38","37","0","21","0","21","537","186","0","21","236","145","277","146","24","26","0","21","172","113","22","37","67","74","83","80","0","21","0","21","644","135","53","82","186","142","159","90","152","100","94","68",
"1400000US48201241301","Census Tract 2413.01; Harris County; Texas","1622","153","0","21","307","158","544","176","541","177","230","116","288","143","0","21","227","143","29","33","32","51","0","21","661","183","0","21","63","71","312","130","216","151","70","59","167","120","0","21","17","29","65","87","85","81","0","21","506","157","0","21","0","21","138","113","208","125","160","97",
"1400000US48201241302","Census Tract 2413.02; Harris County; Texas","3208","678","0","21","932","457","1803","698","214","117","259","230","765","428","0","21","722","424","43","50","0","21","0","21","1111","325","0","21","39","54","1001","338","58","65","13","23","215","121","0","21","19","33","116","98","60","65","20","34","1117","718","0","21","152","146","643","634","96","79","226","226",
"1400000US48201241400","Census Tract 2414; Harris County; Texas","3883","347","55","38","983","297","1763","408","638","228","444","257","834","292","29","31","740","277","65","100","0","23","0","23","1450","392","0","23","162","104","1199","396","40","53","49","57","604","201","0","23","36","44","195","93","364","180","9","17","995","275","26","34","45","58","304","180","234","133","386","248",
"1400000US48201241501","Census Tract 2415.01; Harris County; Texas","1694","259","244","155","930","289","386","141","102","65","32","41","454","182","98","123","340","145","16","25","0","15","0","15","545","192","135","108","277","145","123","91","0","15","10","18","501","271","0","15","304","242","140","115","57","60","0","15","194","65","11","17","9","14","107","61","45","36","22","35",
"1400000US48201241502","Census Tract 2415.02; Harris County; Texas","824","199","79","56","583","188","76","63","58","39","28","29","179","95","28","29","151","95","0","15","0","15","0","15","212","84","13","20","151","74","48","49","0","15","0","15","262","197","38","47","176","180","12","19","36","29","0","15","171","43","0","15","105","47","16","32","22","30","28","29",
"1400000US48201241503","Census Tract 2415.03; Harris County; Texas","736","217","100","128","174","74","313","177","57","43","92","119","101","67","0","15","95","67","6","11","0","15","0","15","85","52","27","41","50","38","2","11","6","14","0","15","204","162","0","15","13","22","156","158","35","41","0","15","346","171","73","122","16","27","149","91","16","19","92","119",
"1400000US48201250101","Census Tract 2501.01; Harris County; Texas","1351","236","7","16","503","180","527","228","164","105","150","113","317","158","0","15","260","146","37","47","0","15","20","33","469","218","0","15","206","199","248","137","15","25","0","15","73","78","0","15","37","63","36","43","0","15","0","15","492","199","7","16","0","15","206","154","149","108","130","109",
"1400000US48201250102","Census Tract 2501.02; Harris County; Texas","1538","192","0","21","437","169","772","210","214","135","115","74","169","105","0","21","169","105","0","21","0","21","0","21","315","150","0","21","29","39","257","132","29","47","0","21","261","125","0","21","89","85","128","99","44","47","0","21","793","225","0","21","150","126","387","188","141","138","115","74",
"1400000US48201250201","Census Tract 2502.01; Harris County; Texas","2582","462","142","142","544","319","1377","484","381","222","138","125","465","307","78","106","263","208","124","187","0","21","0","21","698","432","0","21","207","190","436","391","55","88","0","21","485","228","0","21","53","83","347","190","44","68","41","47","934","361","64","101","21","33","470","294","282","218","97","115",
"1400000US48201250202","Census Tract 2502.02; Harris County; Texas","747","248","8","13","346","251","216","79","75","53","102","62","109","65","8","13","69","45","32","47","0","15","0","15","208","90","0","15","70","65","114","82","0","15","24","25","243","237","0","15","154","232","35","35","54","48","0","15","187","108","0","15","53","75","35","32","21","25","78","66",
"1400000US48201250303","Census Tract 2503.03; Harris County; Texas","1274","280","112","114","355","147","507","276","170","109","130","75","336","170","28","37","253","127","55","91","0","15","0","15","361","282","0","15","32","41","280","273","31","40","18","29","198","128","17","28","7","13","83","75","91","101","0","15","379","136","67","105","63","67","89","57","48","59","112","72",
"1400000US48201250304","Census Tract 2503.04; Harris County; Texas","2681","360","306","281","502","262","1381","342","233","116","259","264","550","281","264","277","171","173","82","119","33","51","0","23","624","251","0","23","53","96","479","228","92","92","0","23","360","182","0","23","44","57","286","177","30","46","0","23","1147","281","42","68","234","202","534","223","78","69","259","264",
"1400000US48201250305","Census Tract 2503.05; Harris County; Texas","1941","257","0","21","495","238","706","208","595","225","145","118","257","143","0","21","219","135","15","25","23","41","0","21","696","286","0","21","163","179","386","167","78","70","69","75","522","205","0","21","113","100","106","89","264","172","39","66","466","186","0","21","0","21","199","123","230","162","37","61",
"1400000US48201250306","Census Tract 2503.06; Harris County; Texas","1406","200","6","15","526","224","555","192","271","138","48","45","343","223","0","15","285","225","58","60","0","15","0","15","457","163","0","15","205","136","243","115","9","16","0","15","98","88","0","15","29","50","57","63","12","21","0","15","508","93","6","15","7","11","197","115","250","138","48","45",
"1400000US48201250403","Census Tract 2504.03; Harris County; Texas","1689","224","65","105","396","172","647","260","263","128","318","130","404","232","65","105","193","114","96","204","50","78","0","15","453","159","0","15","153","101","300","132","0","15","0","15","377","249","0","15","50","60","251","211","0","15","76","123","455","177","0","15","0","15","0","15","213","112","242","108",
"1400000US48201250404","Census Tract 2504.04; Harris County; Texas","1739","179","0","21","407","202","956","233","235","162","141","128","153","97","0","21","90","66","63","71","0","21","0","21","921","212","0","21","247","161","568","209","66","81","40","62","200","152","0","21","26","37","59","97","44","44","71","102","465","122","0","21","44","64","266","126","125","139","30","47",
"1400000US48201250405","Census Tract 2504.05; Harris County; Texas","2918","615","62","70","512","213","783","253","1507","642","54","66","304","133","14","23","194","99","96","108","0","21","0","21","623","219","0","21","226","156","316","153","81","66","0","21","684","212","40","65","30","49","47","49","567","203","0","21","1307","573","8","17","62","77","324","162","859","586","54","66",
"1400000US48201250406","Census Tract 2504.06; Harris County; Texas","1547","129","99","68","291","117","890","134","156","92","111","73","260","107","99","68","161","89","0","15","0","15","0","15","476","135","0","15","130","91","258","114","88","70","0","15","184","98","0","15","0","15","138","88","46","42","0","15","627","135","0","15","0","15","494","114","22","37","111","73",
"1400000US48201250407","Census Tract 2504.07; Harris County; Texas","3272","318","0","23","547","240","1605","465","809","384","311","259","370","187","0","23","370","187","0","23","0","23","0","23","815","297","0","23","177","137","551","306","87","102","0","23","847","488","0","23","0","23","358","348","355","305","134","197","1240","312","0","23","0","23","696","248","367","233","177","147",
"1400000US48201250408","Census Tract 2504.08; Harris County; Texas","6393","460","57","68","1600","563","3874","760","458","291","404","308","1523","553","33","54","1002","461","488","396","0","23","0","23","1682","435","16","28","158","132","1432","415","76","104","0","23","1614","644","8","24","266","271","1067","554","91","104","182","246","1574","266","0","23","174","213","887","236","291","222","222","184",
"1400000US48201250500","Census Tract 2505; Harris County; Texas","2201","229","10","17","1019","254","700","184","308","111","164","106","490","213","0","21","433","225","47","69","10","18","0","21","911","233","0","21","405","177","362","128","93","57","51","75","447","159","10","17","95","97","143","86","129","88","70","66","353","105","0","21","86","59","148","68","76","58","43","42",
"1400000US48201250601","Census Tract 2506.01; Harris County; Texas","1591","249","276","225","729","199","285","113","301","178","0","15","782","275","213","206","560","213","9","15","0","15","0","15","347","151","0","15","90","74","153","80","104","133","0","15","159","111","39","61","34","68","37","43","49","60","0","15","303","163","24","42","45","75","86","47","148","139","0","15",
"1400000US48201250602","Census Tract 2506.02; Harris County; Texas","1603","187","119","99","576","187","596","210","225","140","87","60","402","183","35","49","356","169","11","19","0","15","0","15","440","170","9","16","203","143","202","112","26","42","0","15","226","113","30","50","17","31","95","89","84","100","0","15","535","172","45","69","0","15","288","154","115","91","87","60",
"1400000US48201250701","Census Tract 2507.01; Harris County; Texas","2255","349","48","54","577","208","929","380","425","169","276","187","239","126","24","40","134","96","81","61","0","21","0","21","682","190","0","21","319","184","288","118","75","71","0","21","438","146","0","21","48","67","127","120","137","148","126","145","896","392","24","34","76","84","433","395","213","145","150","100",
"1400000US48201250702","Census Tract 2507.02; Harris County; Texas","1574","137","52","57","467","135","490","136","442","148","123","81","389","124","46","56","265","103","44","36","34","52","0","15","471","159","6","9","104","70","221","98","104","109","36","47","347","146","0","15","73","84","105","60","98","55","71","70","367","76","0","15","25","41","120","78","206","101","16","28",
"1400000US48201250801","Census Tract 2508.01; Harris County; Texas","1357","126","12","19","292","119","647","165","302","109","104","87","305","118","12","19","145","89","119","86","0","15","29","44","409","125","0","15","134","89","170","72","105","81","0","15","338","152","0","15","0","15","224","133","73","45","41","59","305","87","0","15","13","21","134","84","124","72","34","50",
"1400000US48201250802","Census Tract 2508.02; Harris County; Texas","1557","251","159","60","196","70","819","292","346","131","37","34","283","73","121","63","125","56","37","38","0","15","0","15","512","87","0","15","50","37","381","92","81","52","0","15","359","249","0","15","0","15","248","266","98","65","13","22","403","101","38","59","21","32","153","71","167","102","24","28",
"1400000US48201250901","Census Tract 2509.01; Harris County; Texas","1817","210","76","47","845","162","567","122","301","223","28","36","857","157","70","45","702","153","72","67","13","20","0","15","443","121","0","15","76","62","321","101","28","34","18","27","109","79","0","15","0","15","75","68","34","39","0","15","408","232","6","19","67","78","99","71","226","209","10","24",
"1400000US48201250902","Census Tract 2509.02; Harris County; Texas","2007","188","0","21","272","129","1084","159","508","190","143","60","196","121","0","21","179","119","17","25","0","21","0","21","899","145","0","21","65","54","672","129","138","85","24","28","336","99","0","21","0","21","162","84","101","67","73","56","576","147","0","21","28","40","233","95","269","166","46","38",
"1400000US48201251000","Census Tract 2510; Harris County; Texas","1557","174","27","27","705","184","564","215","218","102","43","35","429","138","11","17","394","138","8","12","5","9","11","18","729","203","7","13","240","109","449","197","21","21","12","20","241","121","0","15","32","28","88","86","121","98","0","15","158","73","9","17","39","47","19","30","71","64","20","22",
"1400000US48201251100","Census Tract 2511; Harris County; Texas","2498","275","87","90","761","206","826","210","707","277","117","76","435","158","32","40","317","135","86","72","0","21","0","21","767","204","45","69","255","123","411","154","56","52","0","21","685","251","0","21","151","142","120","91","378","218","36","40","611","171","10","19","38","40","209","121","273","142","81","67",
"1400000US48201251200","Census Tract 2512; Harris County; Texas","2392","290","184","194","685","257","922","324","371","207","230","129","526","208","0","21","489","205","0","21","37","61","0","21","1013","236","184","194","169","123","501","209","115","96","44","51","181","123","0","21","27","42","134","111","20","34","0","21","672","285","0","21","0","21","287","226","199","172","186","117",
"1400000US48201251300","Census Tract 2513; Harris County; Texas","2505","134","28","45","419","182","1349","246","500","189","209","129","295","148","1","3","252","146","42","39","0","21","0","21","897","201","27","45","118","90","629","182","77","64","46","52","664","248","0","21","31","37","375","205","258","165","0","21","649","157","0","21","18","29","303","145","165","101","163","125",
"1400000US48201251401","Census Tract 2514.01; Harris County; Texas","868","57","7","10","165","61","494","82","153","64","49","29","106","45","7","10","75","44","16","19","8","12","0","15","203","39","0","15","22","19","145","35","24","22","12","14","212","77","0","15","49","50","92","49","59","47","12","14","347","66","0","15","19","24","241","70","62","38","25","23",
"1400000US48201251402","Census Tract 2514.02; Harris County; Texas","2651","475","27","32","1199","453","1191","228","152","135","82","87","729","321","10","16","669","306","50","41","0","21","0","21","671","199","17","28","176","112","473","156","0","21","5","8","524","231","0","21","123","106","226","159","152","135","23","43","727","397","0","21","231","350","442","186","0","21","54","77",
"1400000US48201251501","Census Tract 2515.01; Harris County; Texas","2082","129","53","59","336","139","916","205","507","205","270","96","152","81","12","19","120","77","20","28","0","21","0","21","604","164","13","23","160","100","320","113","61","57","50","45","423","137","28","44","56","69","213","100","75","52","51","65","903","172","0","21","0","21","363","155","371","220","169","85",
"1400000US48201251503","Census Tract 2515.03; Harris County; Texas","858","164","19","23","178","49","401","99","207","164","53","27","151","55","5","8","116","39","30","38","0","15","0","15","186","51","14","21","41","31","112","34","12","18","7","11","203","49","0","15","21","17","92","41","71","42","19","19","318","157","0","15","0","15","167","71","124","149","27","18",
"1400000US48201251504","Census Tract 2515.04; Harris County; Texas","1800","225","8","14","240","82","917","179","448","132","187","141","193","80","0","21","125","71","27","27","16","24","25","29","570","114","8","14","88","58","427","109","47","40","0","21","368","153","0","21","13","22","156","118","180","78","19","21","669","204","0","21","14","23","307","133","205","98","143","142",
"1400000US48201251505","Census Tract 2515.05; Harris County; Texas","1484","225","12","23","319","125","867","266","216","74","70","47","259","109","0","15","200","109","59","59","0","15","0","15","748","268","0","15","65","50","658","260","13","23","12","19","195","76","12","23","42","41","39","37","78","44","24","27","282","65","0","15","12","19","111","51","125","66","34","28",
"1400000US48201251600","Census Tract 2516; Harris County; Texas","2316","485","32","36","506","231","1005","501","490","183","283","153","267","156","32","36","130","128","77","92","28","48","0","21","749","241","0","21","283","218","406","137","27","44","33","39","443","167","0","21","43","64","137","117","157","134","106","91","857","475","0","21","50","67","385","466","278","129","144","95",
"1400000US48201251701","Census Tract 2517.01; Harris County; Texas","1426","161","109","163","189","118","684","215","319","147","125","82","167","101","0","15","95","75","72","69","0","15","0","15","365","120","0","15","34","49","233","119","56","55","42","37","396","231","109","163","20","34","110","103","127","104","30","45","498","195","0","15","40","73","269","166","136","97","53","56",
"1400000US48201251702","Census Tract 2517.02; Harris County; Texas","1417","195","37","44","583","182","396","226","265","132","136","132","103","82","27","43","58","61","9","15","0","15","9","14","688","259","10","17","210","188","387","226","64","82","17","19","415","252","0","15","315","230","0","15","100","95","0","15","211","164","0","15","0","15","0","15","101","111","110","131",
"1400000US48201251800","Census Tract 2518; Harris County; Texas","612","101","37","30","149","79","233","74","85","44","108","68","145","78","10","18","112","75","21","20","0","15","2","3","190","66","27","23","24","26","102","47","14","15","23","33","66","31","0","15","0","15","23","20","21","28","22","16","211","74","0","15","13","20","87","49","50","24","61","61",
"1400000US48201251902","Census Tract 2519.02; Harris County; Texas","2411","308","27","39","419","212","1133","307","597","226","235","146","272","128","5","10","185","98","67","78","15","27","0","21","663","218","0","21","62","83","423","191","165","103","13","20","733","277","22","42","74","73","391","231","146","87","100","154","743","252","0","21","98","151","252","173","271","174","122","94",
"1400000US48201251903","Census Tract 2519.03; Harris County; Texas","1635","335","8","13","278","130","777","300","433","233","139","76","324","194","0","15","199","110","125","158","0","15","0","15","666","255","8","13","48","35","479","256","101","89","30","25","223","200","0","15","0","15","39","35","125","186","59","47","422","124","0","15","31","51","134","93","207","116","50","62",
"1400000US48201251904","Census Tract 2519.04; Harris County; Texas","2253","368","12","20","504","214","867","311","566","199","304","170","441","188","0","21","385","189","56","50","0","21","0","21","349","182","0","21","0","21","255","143","68","96","26","43","279","158","0","21","66","78","27","37","146","113","40","48","1184","394","12","20","53","88","529","318","352","202","238","161",
"1400000US48201252001","Census Tract 2520.01; Harris County; Texas","3118","650","97","157","788","429","1474","550","706","561","53","64","781","374","0","21","576","350","205","247","0","21","0","21","989","430","97","157","139","221","619","459","134","157","0","21","963","687","0","21","73","116","515","416","375","532","0","21","385","230","0","21","0","21","135","135","197","161","53","64",
"1400000US48201252002","Census Tract 2520.02; Harris County; Texas","1820","229","28","38","359","198","879","278","379","177","175","99","275","152","28","38","236","147","11","16","0","21","0","21","399","230","0","21","0","21","325","232","74","64","0","21","297","196","0","21","111","140","140","118","35","33","11","18","849","286","0","21","12","20","403","214","270","158","164","96",
"1400000US48201252003","Census Tract 2520.03; Harris County; Texas","3473","368","0","23","411","179","2145","534","693","336","224","208","253","242","0","23","95","102","158","231","0","23","0","23","1041","322","0","23","224","150","607","249","210","167","0","23","1166","290","0","23","60","75","740","378","366","272","0","23","1013","278","0","23","32","53","640","235","117","98","224","208",
"1400000US48201252100","Census Tract 2521; Harris County; Texas","1026","152","20","33","166","93","344","155","301","116","195","116","70","49","14","22","29","35","27","43","0","15","0","15","162","91","0","15","42","53","89","65","31","28","0","15","173","88","0","15","37","49","35","37","52","42","49","46","621","160","6","22","58","46","193","117","218","102","146","111",
"1400000US48201252201","Census Tract 2522.01; Harris County; Texas","1903","276","0","21","978","363","449","209","330","176","146","173","604","295","0","21","604","295","0","21","0","21","0","21","504","224","0","21","281","182","206","138","17","30","0","21","399","234","0","21","0","21","55","65","241","164","103","159","396","228","0","21","93","110","188","164","72","81","43","57",
"1400000US48201252202","Census Tract 2522.02; Harris County; Texas","2000","322","92","119","550","306","648","202","443","174","267","229","271","165","0","21","264","163","7","13","0","21","0","21","569","196","92","119","91","104","314","143","72","67","0","21","288","154","0","21","25","57","91","90","111","85","61","76","872","342","0","21","170","221","236","149","260","140","206","199",
"1400000US48201252303","Census Tract 2523.03; Harris County; Texas","1315","185","0","21","172","84","517","146","417","127","209","187","75","64","0","21","65","61","10","18","0","21","0","21","283","146","0","21","17","24","240","143","21","29","5","10","210","118","0","21","57","61","38","50","115","89","0","21","747","244","0","21","33","49","229","126","281","123","204","186",
"1400000US48201252304","Census Tract 2523.04; Harris County; Texas","1241","388","0","15","385","112","649","385","134","131","73","81","83","52","0","15","73","50","9","15","1","2","0","15","325","152","0","15","179","128","133","76","13","17","0","15","214","135","0","15","133","128","73","62","0","15","8","15","619","383","0","15","0","15","434","368","120","129","65","79",
"1400000US48201252305","Census Tract 2523.05; Harris County; Texas","1855","159","84","100","136","126","846","253","540","249","249","136","319","175","62","91","117","121","140","138","0","21","0","21","422","195","0","21","19","33","358","180","0","21","45","57","205","153","0","21","0","21","86","88","52","80","67","97","909","227","22","42","0","21","262","169","488","246","137","89",
"1400000US48201252306","Census Tract 2523.06; Harris County; Texas","2672","400","69","105","634","298","993","466","879","262","97","88","196","175","0","23","196","175","0","23","0","23","0","23","496","250","0","23","0","23","230","111","266","211","0","23","506","270","69","105","248","229","34","47","139","160","16","31","1474","451","0","23","190","147","729","431","474","194","81","78",
"1400000US48201252400","Census Tract 2524; Harris County; Texas","2109","200","123","112","403","178","1050","286","432","235","101","101","441","211","98","105","146","103","165","173","32","49","0","21","616","226","0","21","129","129","423","188","64","76","0","21","266","182","13","24","69","87","142","124","42","74","0","21","786","237","12","28","59","86","320","231","294","217","101","101",
"1400000US48201252500","Census Tract 2525; Harris County; Texas","1447","245","87","57","393","206","574","239","264","155","129","82","338","191","61","55","264","185","13","20","0","15","0","15","178","151","0","15","62","60","105","138","0","15","11","18","321","166","0","15","0","15","220","152","101","82","0","15","610","221","26","32","67","74","236","147","163","151","118","81",
"1400000US48201252601","Census Tract 2526.01; Harris County; Texas","1276","99","144","135","414","167","438","181","251","147","29","31","553","226","144","135","316","166","71","70","22","33","0","15","271","146","0","15","6","15","148","116","117","113","0","15","129","77","0","15","30","47","64","60","35","36","0","15","323","193","0","15","62","76","155","143","77","87","29","31",
"1400000US48201252602","Census Tract 2526.02; Harris County; Texas","1116","269","0","15","432","233","531","188","51","37","102","63","232","121","0","15","158","108","63","53","11","18","0","15","218","132","0","15","94","99","112","88","12","17","0","15","101","93","0","15","34","55","67","78","0","15","0","15","565","230","0","15","146","184","289","153","28","27","102","63",
"1400000US48201252700","Census Tract 2527; Harris County; Texas","1985","331","205","271","440","158","750","219","421","136","169","123","423","291","156","266","162","116","21","33","0","21","84","88","694","195","49","61","169","111","340","169","136","84","0","21","272","140","0","21","36","54","109","104","78","63","49","59","596","186","0","21","73","84","280","145","207","115","36","55",
"1400000US48201252800","Census Tract 2528; Harris County; Texas","2365","220","144","145","735","244","635","245","589","255","262","154","517","251","14","23","447","262","56","56","0","21","0","21","659","239","28","47","106","124","410","219","101","89","14","23","641","296","89","126","165","131","114","92","236","233","37","53","548","230","13","20","17","27","55","67","252","176","211","147",
"1400000US48201252901","Census Tract 2529.01; Harris County; Texas","907","127","13","23","311","100","456","135","45","42","82","68","308","106","13","23","278","109","17","19","0","15","0","15","240","129","0","15","14","22","207","120","9","16","10","18","194","114","0","15","19","25","118","111","36","38","21","35","165","75","0","15","0","15","114","69","0","15","51","47",
"1400000US48201252902","Census Tract 2529.02; Harris County; Texas","1919","211","62","63","394","202","746","225","547","239","170","164","245","144","47","70","165","136","17","26","16","25","0","21","639","193","15","25","199","151","274","156","151","126","0","21","361","143","0","21","18","28","158","116","185","81","0","21","674","209","0","21","12","19","297","137","195","182","170","164",
"1400000US48201253000","Census Tract 2530; Harris County; Texas","1844","246","85","95","665","232","616","206","290","160","188","90","570","176","65","93","394","148","96","99","15","25","0","15","642","263","20","25","142","179","312","161","168","125","0","15","159","97","0","15","0","15","34","35","41","41","84","92","473","172","0","15","129","106","174","118","66","93","104","66",
"1400000US48201253101","Census Tract 2531.01; Harris County; Texas","2086","363","71","74","680","333","749","226","416","174","170","97","585","368","10","19","436","307","108","123","31","57","0","21","271","144","12","21","34","42","180","116","45","60","0","21","430","185","9","21","110","130","160","99","124","97","27","42","800","221","40","64","100","95","301","165","216","166","143","96",
"1400000US48201253102","Census Tract 2531.02; Harris County; Texas","2444","340","59","49","268","116","1073","262","815","288","229","115","379","161","17","28","182","94","143","141","9","14","28","44","585","309","11","20","33","29","332","194","209","236","0","21","444","158","0","21","51","87","174","110","201","111","18","29","1036","227","31","41","2","7","424","178","396","161","183","101",
"1400000US48201253201","Census Tract 2532.01; Harris County; Texas","2275","357","59","67","545","303","711","222","824","240","136","118","380","280","0","21","312","263","68","101","0","21","0","21","892","231","0","21","93","69","436","152","363","183","0","21","480","236","39","59","113","126","134","108","194","159","0","21","523","200","20","32","27","46","73","86","267","169","136","118",
"1400000US48201253202","Census Tract 2532.02; Harris County; Texas","2177","412","274","146","930","381","619","294","208","115","146","144","854","367","105","105","607","359","142","120","0","21","0","21","338","178","72","81","67","86","135","129","64","74","0","21","605","276","69","67","136","138","226","220","113","75","61","102","380","166","28","53","120","97","116","100","31","50","85","98",
"1400000US48201253300","Census Tract 2533; Harris County; Texas","1206","152","63","52","238","98","571","149","91","77","243","124","222","110","32","46","135","70","55","66","0","15","0","15","403","112","31","39","82","63","239","77","5","8","46","45","243","143","0","15","0","15","108","63","21","33","114","118","338","129","0","15","21","37","169","103","65","71","83","68",
"1400000US48201253501","Census Tract 2535.01; Harris County; Texas","3094","522","124","144","1181","279","1071","539","389","233","329","169","844","298","76","125","683","258","64","88","0","21","21","36","748","296","48","86","377","211","284","217","39","64","0","21","161","142","0","21","12","57","91","115","58","56","0","21","1341","529","0","21","109","128","632","527","292","220","308","163",
"1400000US48201253502","Census Tract 2535.02; Harris County; Texas","1250","385","128","94","181","98","597","402","253","150","91","90","278","145","113","95","45","54","120","126","0","15","0","15","241","104","15","23","33","39","83","62","75","68","35","44","193","111","0","15","34","49","117","89","42","48","0","15","538","376","0","15","69","65","277","371","136","124","56","80",
"1400000US48201253601","Census Tract 2536.01; Harris County; Texas","1887","296","125","113","643","275","672","266","218","147","229","128","836","291","102","99","517","257","194","181","23","35","0","15","550","185","23","48","71","90","326","130","78","101","52","82","143","107","0","15","55","77","3","7","74","72","11","17","358","198","0","15","0","15","149","197","43","76","166","93",
"1400000US48201253602","Census Tract 2536.02; Harris County; Texas","1670","267","250","174","909","241","501","176","10","24","0","15","518","227","193","177","300","144","25","25","0","15","0","15","380","199","13","21","164","160","203","128","0","15","0","15","536","170","35","30","342","170","159","101","0","15","0","15","236","121","9","20","103","76","114","88","10","24","0","15",
"1400000US48201253700","Census Tract 2537; Harris County; Texas","2125","348","275","166","751","168","634","296","216","151","249","96","915","286","256","163","501","173","144","147","0","21","14","24","264","116","19","31","81","62","143","92","21","25","0","21","214","112","0","21","64","75","79","66","4","9","67","69","732","209","0","21","105","66","268","195","191","149","168","79",
"1400000US48201253800","Census Tract 2538; Harris County; Texas","2885","305","259","157","1045","236","1060","351","305","136","216","134","547","196","49","76","457","184","41","66","0","21","0","21","1151","238","85","98","347","155","578","219","63","67","78","115","512","224","125","94","112","120","67","91","182","120","26","42","675","296","0","21","129","78","374","294","60","58","112","77",
"1400000US48201253900","Census Tract 2539; Harris County; Texas","1523","201","34","24","463","130","626","179","239","142","161","77","364","119","34","24","295","122","24","37","11","18","0","15","504","147","0","15","73","65","352","115","60","64","19","26","254","117","0","15","95","87","71","56","39","41","49","55","401","150","0","15","0","15","179","126","129","128","93","56",
"1400000US48201254000","Census Tract 2540; Harris County; Texas","1540","205","186","130","695","241","517","185","48","38","94","74","532","136","153","119","296","121","57","54","13","21","13","25","496","155","33","46","159","91","287","147","10","17","7","12","229","213","0","15","214","214","8","15","7","13","0","15","283","103","0","15","26","42","165","102","18","26","74","69",
"1400000US48201254100","Census Tract 2541; Harris County; Texas","1882","247","315","140","559","157","614","246","349","112","45","42","445","164","180","115","174","112","78","68","13","21","0","21","474","222","34","49","178","97","245","191","6","11","11","18","341","139","45","50","131","90","75","64","90","73","0","21","622","160","56","51","76","59","216","148","240","104","34","39",
"1400000US48201254200","Census Tract 2542; Harris County; Texas","853","90","93","55","287","76","345","108","85","46","43","30","137","53","16","21","78","35","33","29","10","14","0","15","182","60","15","22","83","40","74","45","10","14","0","15","258","94","0","15","66","50","142","88","37","27","13","15","276","72","62","48","60","50","96","59","28","27","30","28",
"1400000US48201254300","Census Tract 2543; Harris County; Texas","1668","161","228","104","403","122","521","171","336","131","180","117","388","119","125","75","221","100","14","22","28","43","0","21","393","145","80","73","62","55","176","91","45","60","30","47","296","134","11","18","92","83","108","75","85","74","0","21","591","176","12","20","28","36","223","126","178","120","150","111",
"1400000US48201254400","Census Tract 2544; Harris County; Texas","997","226","84","69","301","153","357","103","184","208","71","64","305","111","72","68","171","100","62","69","0","15","0","15","325","228","0","15","38","34","124","70","132","206","31","46","103","98","0","15","70","101","16","15","17","24","0","15","264","70","12","15","22","32","155","71","35","38","40","49",
"1400000US48201254600","Census Tract 2546; Harris County; Texas","1277","229","78","59","497","157","608","210","56","48","38","48","179","106","62","54","117","92","0","15","0","15","0","15","451","161","16","29","184","119","233","121","0","15","18","31","352","136","0","15","187","92","145","100","20","30","0","15","295","197","0","15","9","18","230","193","36","42","20","35",
"1400000US48201254700","Census Tract 2547; Harris County; Texas","979","122","138","91","322","115","290","103","148","59","81","56","200","80","36","34","136","74","28","28","0","15","0","15","330","100","36","47","139","85","135","61","14","19","6","10","219","117","53","81","29","28","50","45","81","51","6","8","230","73","13","21","18","22","77","65","53","38","69","55",
"1400000US48201254800","Census Tract 2548; Harris County; Texas","872","124","31","26","353","101","261","78","153","76","74","62","312","112","28","26","167","79","65","54","52","49","0","15","212","75","0","15","61","42","124","62","27","26","0","15","142","58","0","15","76","47","39","36","3","6","24","24","206","86","3","5","49","42","33","32","71","55","50","57",
"1400000US48201310101","Census Tract 3101.01; Harris County; Texas","1437","222","241","122","613","209","448","150","135","87","0","15","714","204","241","122","424","197","49","76","0","15","0","15","424","144","0","15","144","90","280","117","0","15","0","15","202","126","0","15","23","27","104","97","75","77","0","15","97","50","0","15","22","22","15","25","60","41","0","15",
"1400000US48201310102","Census Tract 3101.02; Harris County; Texas","1412","271","160","123","859","252","354","135","39","46","0","15","751","268","92","68","659","266","0","15","0","15","0","15","448","145","0","15","108","90","327","137","13","21","0","15","163","124","68","98","42","67","27","24","26","42","0","15","50","56","0","15","50","56","0","15","0","15","0","15",
"1400000US48201310200","Census Tract 3102; Harris County; Texas","1331","190","229","131","524","136","565","158","13","18","0","15","773","179","213","128","386","112","174","120","0","15","0","15","408","112","16","24","97","70","295","92","0","15","0","15","97","50","0","15","32","31","52","40","13","18","0","15","53","50","0","15","9","17","44","47","0","15","0","15",
"1400000US48201310300","Census Tract 3103; Harris County; Texas","2106","254","632","266","662","196","555","153","119","82","138","104","1201","278","619","263","410","157","172","126","0","15","0","15","412","160","0","15","229","129","160","95","23","38","0","15","244","156","13","21","13","21","114","133","34","31","70","108","249","118","0","15","10","16","109","83","62","69","68","61",
"1400000US48201310400","Census Tract 3104; Harris County; Texas","1457","355","136","100","840","373","427","135","51","52","3","15","673","379","116","97","546","379","11","22","0","15","0","15","480","143","20","23","190","115","260","109","10","16","0","15","121","111","0","15","34","54","87","98","0","15","0","15","183","95","0","15","70","66","69","47","41","50","3","15",
"1400000US48201310500","Census Tract 3105; Harris County; Texas","1464","283","172","91","597","233","543","209","44","68","108","76","454","147","172","91","199","109","72","76","0","15","11","19","512","212","0","15","156","113","333","193","0","15","23","33","319","184","0","15","182","154","61","58","44","68","32","43","179","104","0","15","60","59","77","67","0","15","42","38",
"1400000US48201310600","Census Tract 3106; Harris County; Texas","2204","394","400","333","1048","263","404","207","271","153","81","61","1056","397","375","326","588","223","54","61","39","45","0","15","454","173","0","15","233","168","176","126","45","75","0","15","352","190","25","41","29","33","168","148","101","116","29","31","342","156","0","15","198","141","6","13","86","78","52","48",
"1400000US48201310700","Census Tract 3107; Harris County; Texas","1559","435","67","76","435","131","845","439","153","85","59","58","574","385","0","15","192","100","349","372","33","30","0","15","623","257","56","72","161","89","353","238","53","50","0","15","203","86","11","18","33","32","90","54","25","39","44","54","159","88","0","15","49","55","53","52","42","47","15","23",
"1400000US48201310800","Census Tract 3108; Harris County; Texas","1242","87","218","110","523","138","334","146","134","75","33","33","392","123","137","98","255","108","0","15","0","15","0","15","333","109","50","57","154","72","116","76","13","18","0","15","169","101","26","38","35","40","77","70","12","21","19","30","348","125","5","8","79","74","141","99","109","68","14","18",
"1400000US48201310900","Census Tract 3109; Harris County; Texas","1844","302","226","148","846","263","642","291","59","68","71","83","678","241","156","132","476","214","0","15","0","15","46","65","631","286","62","58","139","83","430","266","0","15","0","15","331","145","8","19","149","109","132","103","42","62","0","15","204","111","0","15","82","73","80","84","17","28","25","33",
"1400000US48201311001","Census Tract 3110.01; Harris County; Texas","1021","234","143","108","287","132","322","212","104","75","165","106","249","135","129","105","120","100","0","15","0","15","0","15","331","206","14","24","34","33","147","175","40","38","96","92","195","73","0","15","95","64","47","46","0","15","53","55","246","139","0","15","38","55","128","104","64","52","16","26",
"1400000US48201311002","Census Tract 3110.02; Harris County; Texas","1106","253","183","123","328","164","265","129","266","253","64","71","132","84","28","40","80","71","24","37","0","15","0","15","496","263","91","94","88","115","117","81","136","222","64","71","212","132","44","55","114","112","26","34","28","41","0","15","266","144","20","33","46","82","98","95","102","92","0","15",
"1400000US48201311100","Census Tract 3111; Harris County; Texas","1810","162","210","132","592","183","552","161","360","156","96","63","594","165","140","99","404","139","37","49","13","22","0","21","350","118","0","21","121","86","229","101","0","21","0","21","301","121","70","70","0","21","97","73","111","88","23","37","565","154","0","21","67","60","189","96","236","124","73","55",
"1400000US48201311200","Census Tract 3112; Harris County; Texas","1655","295","279","117","471","142","591","270","282","104","32","32","623","181","199","108","331","119","93","81","0","15","0","15","229","90","23","38","41","42","100","64","65","53","0","15","223","116","11","20","35","55","60","57","104","85","13","20","580","291","46","71","64","64","338","256","113","103","19","24",
"1400000US48201311300","Census Tract 3113; Harris County; Texas","1235","153","0","15","477","152","345","119","228","111","185","113","153","91","0","15","98","73","55","59","0","15","0","15","346","132","0","15","229","123","49","52","51","52","17","29","289","121","0","15","70","59","104","94","90","68","25","40","447","170","0","15","80","84","137","83","87","64","143","103",
"1400000US48201311400","Census Tract 3114; Harris County; Texas","470","91","53","59","99","58","194","103","94","63","30","34","99","83","40","60","19","24","34","59","6","10","0","15","107","55","13","13","47","40","44","43","0","15","3","6","70","56","0","15","5","9","31","29","34","51","0","15","194","86","0","15","28","31","85","63","54","46","27","32",
"1400000US48201311501","Census Tract 3115.01; Harris County; Texas","976","154","97","76","473","198","268","102","91","70","47","48","270","139","55","63","196","126","19","24","0","15","0","15","333","136","42","41","118","121","75","61","72","57","26","41","96","68","0","15","49","53","47","50","0","15","0","15","277","163","0","15","110","139","127","88","19","28","21","26",
"1400000US48201311502","Census Tract 3115.02; Harris County; Texas","1038","132","96","115","383","198","325","185","209","101","25","46","363","173","68","109","232","157","63","80","0","15","0","15","223","142","0","15","133","135","70","86","20","28","0","15","254","153","28","47","18","30","135","115","73","85","0","15","198","145","0","15","0","15","57","71","116","115","25","46",
"1400000US48201311600","Census Tract 3116; Harris County; Texas","1456","329","186","126","845","337","404","193","17","28","4","15","527","169","132","116","395","170","0","15","0","15","0","15","436","329","0","15","355","320","81","73","0","15","0","15","241","162","54","49","0","15","170","152","17","28","0","15","252","141","0","15","95","72","153","130","0","15","4","15",
"1400000US48201311701","Census Tract 3117.01; Harris County; Texas","1174","141","99","85","344","124","335","154","300","162","96","69","276","132","23","40","165","105","49","67","39","63","0","15","146","86","42","51","70","59","34","42","0","15","0","15","279","143","34","53","103","108","88","73","43","56","11","21","473","169","0","15","6","9","164","134","218","129","85","72",
"1400000US48201311702","Census Tract 3117.02; Harris County; Texas","681","187","79","57","464","202","120","58","18","32","0","15","298","99","79","57","219","97","0","15","0","15","0","15","91","84","0","15","83","81","8","13","0","15","0","15","73","58","0","15","0","15","68","55","5","10","0","15","219","192","0","15","162","185","44","43","13","28","0","15",
"1400000US48201311800","Census Tract 3118; Harris County; Texas","1331","219","187","153","533","153","325","136","215","134","71","42","505","175","137","144","346","142","11","17","11","18","0","15","225","94","15","24","88","54","122","80","0","15","0","15","318","166","35","57","41","60","93","77","149","129","0","15","283","116","0","15","58","61","99","90","55","53","71","42",
"1400000US48201311900","Census Tract 3119; Harris County; Texas","572","71","75","45","181","89","182","61","69","36","65","30","193","74","75","45","109","70","0","15","0","15","9","14","134","64","0","15","42","42","81","48","11","25","0","15","51","39","0","15","27","31","18","20","6","10","0","15","194","69","0","15","3","5","83","58","52","30","56","27",
"1400000US48201312000","Census Tract 3120; Harris County; Texas","711","129","75","52","221","107","333","93","32","39","50","42","309","113","75","52","193","104","12","13","9","13","20","33","269","85","0","15","28","20","218","87","23","37","0","15","70","38","0","15","0","15","44","35","0","15","26","23","63","48","0","15","0","15","59","48","0","15","4","7",
"1400000US48201312200","Census Tract 3122; Harris County; Texas","720","144","148","71","331","157","193","93","48","42","0","15","345","155","64","55","202","145","79","82","0","15","0","15","148","75","31","35","92","62","25","31","0","15","0","15","116","71","10","16","37","48","49","66","20","30","0","15","111","65","43","52","0","15","40","30","28","31","0","15",
"1400000US48201312300","Census Tract 3123; Harris County; Texas","1180","147","440","127","362","148","203","92","154","97","21","33","470","165","211","112","259","113","0","15","0","15","0","15","343","140","170","103","41","55","123","73","9","17","0","15","212","115","59","83","50","82","74","58","29","34","0","15","155","85","0","15","12","19","6","8","116","83","21","33",
"1400000US48201312400","Census Tract 3124; Harris County; Texas","1030","273","485","282","339","139","180","142","26","31","0","15","570","167","298","155","193","115","79","87","0","15","0","15","125","80","41","38","35","55","36","54","13","20","0","15","308","259","146","230","97","89","65","88","0","15","0","15","27","31","0","15","14","23","0","15","13","23","0","15",
"1400000US48201312501","Census Tract 3125.01; Harris County; Texas","1658","207","119","113","628","205","825","203","86","49","0","15","478","193","119","113","294","150","65","78","0","15","0","15","924","258","0","15","322","220","591","199","11","18","0","15","176","98","0","15","12","23","89","85","75","45","0","15","80","45","0","15","0","15","80","45","0","15","0","15",
"1400000US48201312502","Census Tract 3125.02; Harris County; Texas","1039","249","98","122","642","219","229","101","64","70","6","11","766","247","98","122","601","212","14","21","53","67","0","15","176","66","0","15","14","17","156","66","0","15","6","11","65","53","0","15","12","19","42","47","11","17","0","15","32","37","0","15","15","24","17","27","0","15","0","15",
"1400000US48201312601","Census Tract 3126.01; Harris County; Texas","1964","310","117","96","984","292","740","202","123","106","0","15","807","254","117","96","675","255","15","25","0","15","0","15","1016","259","0","15","249","161","695","195","72","93","0","15","106","73","0","15","42","46","30","48","34","41","0","15","35","27","0","15","18","27","0","15","17","23","0","15",
"1400000US48201312602","Census Tract 3126.02; Harris County; Texas","1314","133","0","15","565","153","716","163","33","31","0","15","433","163","0","15","362","144","71","97","0","15","0","15","694","169","0","15","193","101","489","156","12","18","0","15","83","53","0","15","10","16","64","47","9","16","0","15","104","79","0","15","0","15","92","77","12","18","0","15",
"1400000US48201312603","Census Tract 3126.03; Harris County; Texas","2351","550","217","134","1723","584","279","101","62","83","70","70","1420","625","95","103","1304","625","21","34","0","15","0","15","583","209","55","58","271","150","207","87","0","15","50","74","164","129","67","80","0","15","35","36","62","83","0","15","184","252","0","15","148","228","16","24","0","15","20","35",
"1400000US48201312700","Census Tract 3127; Harris County; Texas","1188","224","87","72","485","207","572","203","44","50","0","15","555","200","75","69","351","188","129","97","0","15","0","15","408","192","0","15","134","119","274","175","0","15","0","15","146","108","0","15","0","15","144","105","2","13","0","15","79","71","12","18","0","15","25","42","42","45","0","15",
"1400000US48201312800","Census Tract 3128; Harris County; Texas","850","135","316","123","467","124","57","52","10","16","0","15","477","114","153","84","287","105","37","44","0","15","0","15","148","90","66","71","57","55","15","27","10","16","0","15","175","91","57","52","118","94","0","15","0","15","0","15","50","65","40","65","5","10","5","7","0","15","0","15",
"1400000US48201312901","Census Tract 3129.01; Harris County; Texas","747","118","370","122","233","84","64","41","68","69","12","22","468","131","259","106","181","70","28","43","0","15","0","15","183","125","111","119","35","40","25","34","0","15","12","22","68","69","0","15","0","15","0","15","68","69","0","15","28","35","0","15","17","26","11","20","0","15","0","15",
"1400000US48201312902","Census Tract 3129.02; Harris County; Texas","1279","479","31","48","746","442","347","123","103","76","52","39","755","456","29","48","641","452","52","68","33","37","0","15","312","102","0","15","63","39","187","89","58","55","4","6","78","41","0","15","9","16","37","24","12","14","20","23","134","47","2","5","33","45","71","37","0","15","28","34",
"1400000US48201313000","Census Tract 3130; Harris County; Texas","1359","242","163","129","779","214","318","157","16","34","83","120","825","228","143","124","583","203","88","101","0","15","11","19","363","179","20","34","184","157","159","106","0","15","0","15","66","65","0","15","9","13","41","47","16","34","0","15","105","121","0","15","3","7","30","40","0","15","72","119",
"1400000US48201313101","Census Tract 3131.01; Harris County; Texas","1137","147","29","45","524","183","474","167","48","42","62","76","375","181","0","15","342","181","33","39","0","15","0","15","512","175","29","45","182","129","297","162","4","10","0","15","160","87","0","15","0","15","108","76","30","36","22","37","90","78","0","15","0","15","36","39","14","22","40","64",
"1400000US48201313102","Census Tract 3131.02; Harris County; Texas","991","153","120","85","565","144","242","85","64","81","0","15","478","142","10","16","468","142","0","15","0","15","0","15","417","153","69","76","84","65","200","81","64","81","0","15","27","31","0","15","0","15","27","31","0","15","0","15","69","21","41","34","13","19","15","28","0","15","0","15",
"1400000US48201313201","Census Tract 3132.01; Harris County; Texas","822","105","329","113","203","87","153","78","72","66","65","81","347","115","204","125","61","46","56","54","26","41","0","15","294","153","94","110","59","69","69","45","7","11","65","81","118","61","31","40","51","44","28","30","8","13","0","15","63","69","0","15","32","51","0","15","31","49","0","15",
"1400000US48201313202","Census Tract 3132.02; Harris County; Texas","1120","181","159","145","342","163","489","208","102","90","28","27","307","142","58","54","216","137","15","24","18","30","0","15","523","200","101","129","71","66","324","188","18","22","9","16","222","109","0","15","55","68","101","81","66","95","0","15","68","39","0","15","0","15","49","34","0","15","19","23",
"1400000US48201313300","Census Tract 3133; Harris County; Texas","1229","125","448","167","318","130","344","142","90","80","29","37","463","194","279","159","122","69","62","68","0","15","0","15","407","176","95","135","141","87","163","108","8","15","0","15","201","131","74","115","26","39","65","68","36","41","0","15","158","94","0","15","29","52","54","64","46","64","29","37",
"1400000US48201313400","Census Tract 3134; Harris County; Texas","1598","199","296","162","776","198","357","165","74","81","95","75","584","176","207","144","343","176","0","15","0","15","34","54","504","236","69","83","217","170","171","139","0","15","47","51","266","132","0","15","84","81","146","95","36","56","0","15","244","142","20","39","132","126","40","48","38","56","14","23",
"1400000US48201313500","Census Tract 3135; Harris County; Texas","943","161","145","113","386","159","318","143","57","57","37","44","489","130","83","95","181","120","150","109","38","56","37","44","316","107","51","53","124","76","134","87","7","10","0","15","54","56","0","15","39","51","15","21","0","15","0","15","84","53","11","24","42","38","19","23","12","23","0","15",
"1400000US48201313600","Census Tract 3136; Harris County; Texas","1797","294","343","161","657","195","541","266","169","113","87","82","924","250","295","144","368","158","183","189","78","95","0","15","277","163","48","85","82","81","118","109","29","37","0","15","111","86","0","15","20","34","84","82","7","22","0","15","485","182","0","15","187","152","156","127","55","73","87","82",
"1400000US48201313700","Census Tract 3137; Harris County; Texas","943","147","200","133","341","107","308","96","94","59","0","15","418","144","119","122","226","91","63","41","10","16","0","15","212","66","23","30","61","36","128","59","0","15","0","15","186","91","49","42","23","25","78","73","36","44","0","15","127","60","9","14","31","35","39","33","48","42","0","15",
"1400000US48201313801","Census Tract 3138.01; Harris County; Texas","720","123","252","104","232","99","111","90","101","106","24","33","329","110","88","49","130","57","55","75","56","86","0","15","265","103","128","83","97","74","6","16","10","15","24","33","62","49","0","15","0","15","29","40","33","40","0","15","64","47","36","41","5","36","21","31","2","18","0","15",
"1400000US48201313802","Census Tract 3138.02; Harris County; Texas","1063","136","80","74","568","163","232","104","183","129","0","15","564","130","24","40","403","140","97","81","40","47","0","15","134","87","23","38","111","79","0","15","0","15","0","15","144","96","0","15","12","20","103","90","29","48","0","15","221","117","33","50","42","48","32","51","114","107","0","15",
"1400000US48201313901","Census Tract 3139.01; Harris County; Texas","2077","451","0","15","1177","487","742","319","158","150","0","15","1073","481","0","15","1061","481","12","18","0","15","0","15","627","315","0","15","22","36","605","314","0","15","0","15","201","166","0","15","94","127","65","102","42","68","0","15","176","160","0","15","0","15","60","96","116","135","0","15",
"1400000US48201313902","Census Tract 3139.02; Harris County; Texas","1573","187","39","48","928","240","520","256","86","107","0","15","944","213","0","15","735","212","209","218","0","15","0","15","309","170","15","30","108","131","174","110","12","19","0","15","209","48","0","15","72","60","137","75","0","15","0","15","111","114","24","42","13","23","0","15","74","106","0","15",
"1400000US48201314001","Census Tract 3140.01; Harris County; Texas","1590","187","231","138","916","196","429","190","0","15","14","24","821","191","201","137","498","150","122","141","0","15","0","15","574","148","10","17","283","136","281","100","0","15","0","15","78","56","20","24","47","42","11","21","0","15","0","15","117","104","0","15","88","99","15","23","0","15","14","24",
"1400000US48201314003","Census Tract 3140.03; Harris County; Texas","1444","240","163","77","924","249","336","133","21","32","0","15","690","209","111","69","536","212","43","53","0","15","0","15","593","164","34","33","323","145","236","114","0","15","0","15","53","46","10","16","22","30","0","15","21","32","0","15","108","53","8","12","43","27","57","59","0","15","0","15",
"1400000US48201314004","Census Tract 3140.04; Harris County; Texas","1202","188","396","234","502","208","304","180","0","15","0","15","513","246","273","178","240","174","0","15","0","15","0","15","475","175","24","38","170","132","281","180","0","15","0","15","214","206","99","158","92","134","23","37","0","15","0","15","0","15","0","15","0","15","0","15","0","15","0","15",
"1400000US48201314005","Census Tract 3140.05; Harris County; Texas","1857","369","396","269","1158","282","273","174","24","20","6","17","1451","409","337","253","942","339","172","159","0","15","0","15","242","135","47","85","107","78","88","64","0","15","0","15","96","108","0","15","96","108","0","15","0","15","0","15","68","44","12","23","13","21","13","22","24","20","6","17",
"1400000US48201314301","Census Tract 3143.01; Harris County; Texas","1409","178","543","217","740","220","114","109","0","15","12","19","974","219","197","115","740","220","37","68","0","15","0","15","137","98","91","67","0","15","46","72","0","15","0","15","241","171","229","173","0","15","0","15","0","15","12","19","57","59","26","43","0","15","31","54","0","15","0","15",
"1400000US48201314302","Census Tract 3143.02; Harris County; Texas","1245","153","450","149","646","173","149","84","0","15","0","15","888","167","318","141","540","162","30","40","0","15","0","15","301","116","116","73","66","52","119","85","0","15","0","15","56","68","16","26","40","62","0","15","0","15","0","15","0","15","0","15","0","15","0","15","0","15","0","15",
"1400000US48201314401","Census Tract 3144.01; Harris County; Texas","956","156","145","79","560","128","226","83","10","12","15","18","543","144","117","77","394","106","32","50","0","15","0","15","354","98","8","13","145","70","194","70","7","10","0","15","23","26","7","10","13","19","0","15","3","7","0","15","36","18","13","16","8","18","0","15","0","15","15","18",
"1400000US48201314402","Census Tract 3144.02; Harris County; Texas","1269","281","98","68","962","257","209","114","0","15","0","15","785","308","67","62","669","298","49","62","0","15","0","15","322","143","31","29","147","85","144","100","0","15","0","15","120","79","0","15","108","76","12","15","0","15","0","15","42","41","0","15","38","40","4","8","0","15","0","15",
"1400000US48201320100","Census Tract 3201; Harris County; Texas","1025","218","123","86","472","172","290","177","83","47","57","52","451","139","84","79","308","120","33","40","26","20","0","15","233","173","19","30","33","53","180","166","1","9","0","15","165","69","0","15","54","55","50","38","25","25","36","47","176","77","20","28","77","74","27","27","31","26","21","27",
"1400000US48201320201","Census Tract 3202.01; Harris County; Texas","775","247","115","87","403","251","110","69","76","72","71","71","178","104","115","87","39","44","24","38","0","15","0","15","150","89","0","15","135","92","15","23","0","15","0","15","147","104","0","15","84","94","16","27","39","62","8","16","300","225","0","15","145","224","55","51","37","29","63","70",
"1400000US48201320202","Census Tract 3202.02; Harris County; Texas","1347","251","60","56","603","188","604","277","71","60","9","20","593","283","16","27","340","162","237","255","0","15","0","15","255","118","18","28","116","96","100","60","21","35","0","15","280","130","0","15","74","84","172","111","25","38","9","20","219","110","26","39","73","84","95","68","25","34","0","15",
"1400000US48201320500","Census Tract 3205; Harris County; Texas","1270","206","0","15","348","163","541","153","122","74","259","111","82","51","0","15","27","28","43","45","12","19","0","15","424","181","0","15","120","107","240","121","0","15","64","70","351","172","0","15","188","179","129","85","34","38","0","15","413","145","0","15","13","21","129","81","76","63","195","113",
"1400000US48201320601","Census Tract 3206.01; Harris County; Texas","751","63","89","60","311","72","181","75","109","54","61","58","129","78","10","16","84","60","28","42","7","15","0","15","251","95","0","15","127","72","85","54","28","32","11","18","241","123","31","46","88","64","35","34","40","40","47","61","130","68","48","59","12","17","33","38","34","30","3","8",
"1400000US48201320602","Census Tract 3206.02; Harris County; Texas","1493","197","196","109","481","188","478","207","154","101","184","139","446","144","169","103","222","118","32","30","13","21","10","15","251","151","27","40","87","80","126","126","11","18","0","15","284","137","0","15","57","75","185","113","31","27","11","21","512","181","0","15","115","117","135","97","99","89","163","139",
"1400000US48201320700","Census Tract 3207; Harris County; Texas","1479","179","249","150","655","173","466","176","77","53","32","33","564","155","170","147","381","147","13","20","0","15","0","15","484","183","59","64","209","124","196","113","0","15","20","27","136","88","20","31","19","31","87","78","10","14","0","15","295","111","0","15","46","50","170","115","67","51","12","18",
"1400000US48201320800","Census Tract 3208; Harris County; Texas","1612","310","69","58","522","196","553","288","200","121","268","128","346","157","58","57","242","145","46","43","0","15","0","15","539","273","0","15","244","130","204","250","69","71","22","36","152","160","0","15","0","15","152","160","0","15","0","15","575","151","11","16","36","47","151","73","131","103","246","122",
"1400000US48201320901","Census Tract 3209.01; Harris County; Texas","1115","299","120","108","297","143","571","309","127","77","0","15","326","166","16","26","242","149","68","89","0","15","0","15","362","193","95","107","37","52","192","139","38","62","0","15","43","48","0","15","0","15","29","45","14","21","0","15","384","268","9","15","18","29","282","264","75","60","0","15",
"1400000US48201320902","Census Tract 3209.02; Harris County; Texas","1160","367","52","69","79","82","276","142","261","158","492","361","139","86","0","15","79","82","0","15","43","59","17","38","452","379","0","15","0","15","172","109","69","108","211","344","150","85","44","63","0","15","48","62","45","48","13","23","419","107","8","21","0","15","56","60","104","95","251","125",
"1400000US48201321001","Census Tract 3210.01; Harris County; Texas","1055","213","110","66","493","122","195","172","189","115","68","56","343","103","88","60","255","107","0","15","0","15","0","15","306","209","0","15","79","64","152","168","65","103","10","18","154","74","0","15","48","51","36","38","70","48","0","15","252","87","22","31","111","89","7","10","54","46","58","52",
"1400000US48201321002","Census Tract 3210.02; Harris County; Texas","1794","382","242","336","447","191","463","153","366","155","276","140","503","371","242","336","198","149","63","59","0","21","0","21","374","162","0","21","206","139","158","81","10","16","0","21","289","134","0","21","0","21","64","51","210","127","15","29","628","204","0","21","43","68","178","114","146","115","261","135",
"1400000US48201321101","Census Tract 3211.01; Harris County; Texas","1595","172","159","146","704","222","561","180","154","110","17","28","602","210","141","144","461","187","0","15","0","15","0","15","351","152","18","28","119","89","178","117","36","54","0","15","227","110","0","15","93","97","97","77","37","44","0","15","415","135","0","15","31","40","286","162","81","81","17","28",
"1400000US48201321102","Census Tract 3211.02; Harris County; Texas","1194","258","42","60","380","261","295","140","347","121","130","53","174","100","0","15","137","91","37","46","0","15","0","15","223","101","0","15","15","26","114","83","94","73","0","15","165","91","0","15","19","26","35","40","82","67","29","44","632","318","42","60","209","250","109","86","171","124","101","43",
"1400000US48201321200","Census Tract 3212; Harris County; Texas","1412","168","105","92","451","185","614","179","137","98","105","95","157","128","0","21","139","118","18","21","0","21","0","21","320","140","0","21","156","92","127","97","37","60","0","21","366","162","74","82","30","49","189","128","69","70","4","6","569","161","31","48","126","111","280","129","31","49","101","94",
"1400000US48201321301","Census Tract 3213.01; Harris County; Texas","1355","244","204","128","788","186","296","182","60","66","7","15","432","194","102","100","314","180","16","25","0","15","0","15","354","122","40","59","194","108","120","76","0","15","0","15","208","97","18","27","141","108","17","30","32","50","0","15","361","225","44","74","139","76","143","167","28","47","7","15",
"1400000US48201321302","Census Tract 3213.02; Harris County; Texas","537","40","13","21","250","43","140","61","62","36","72","43","119","71","13","21","101","73","5","7","0","15","0","15","142","64","0","15","77","63","56","35","9","17","0","15","59","48","0","15","29","36","12","14","4","13","14","23","217","59","0","15","43","38","67","46","49","28","58","39",
"1400000US48201321401","Census Tract 3214.01; Harris County; Texas","1074","148","10","17","301","131","376","125","304","113","83","77","197","104","10","17","166","102","8","12","13","23","0","15","228","92","0","15","74","61","109","78","45","39","0","15","139","83","0","15","12","20","68","68","59","52","0","15","510","141","0","15","49","63","191","100","187","104","83","77",
"1400000US48201321402","Census Tract 3214.02; Harris County; Texas","1367","274","0","15","245","184","464","196","447","224","211","117","161","146","0","15","122","146","20","31","19","31","0","15","327","213","0","15","12","16","139","82","162","205","14","23","261","142","0","15","29","48","99","85","57","66","76","71","618","200","0","15","82","111","206","169","209","109","121","84",
"1400000US48201321500","Census Tract 3215; Harris County; Texas","945","185","53","64","608","173","174","91","92","57","18","24","231","121","8","14","209","117","14","24","0","15","0","15","241","129","9","15","117","88","93","80","22","38","0","15","236","137","36","55","172","117","18","22","10","15","0","15","237","107","0","15","110","77","49","43","60","37","18","24",
"1400000US48201321600","Census Tract 3216; Harris County; Texas","1890","178","138","127","345","112","643","182","413","192","351","138","263","130","129","127","76","47","48","42","10","16","0","21","420","150","9","15","154","111","215","111","42","53","0","21","195","102","0","21","20","22","121","94","44","36","10","15","1012","209","0","21","95","75","259","120","317","178","341","137",
"1400000US48201321700","Census Tract 3217; Harris County; Texas","1027","129","22","20","247","104","308","95","292","130","158","79","152","70","7","11","121","70","8","12","9","12","7","11","219","76","0","15","47","45","104","63","59","49","9","12","241","91","0","15","23","27","123","73","79","57","16","26","415","126","15","19","56","60","73","43","145","102","126","73",
"1400000US48201321800","Census Tract 3218; Harris County; Texas","1149","164","40","47","363","123","274","106","268","189","204","104","233","98","40","47","172","91","21","26","0","15","0","15","108","81","0","15","68","73","40","37","0","15","0","15","263","134","0","15","123","104","53","44","47","50","40","49","545","196","0","15","0","15","160","102","221","180","164","93",
"1400000US48201321900","Census Tract 3219; Harris County; Texas","1426","160","67","76","174","92","611","137","213","105","361","161","183","105","59","72","47","44","65","64","12","20","0","21","274","113","8","16","41","46","132","90","76","81","17","32","280","98","0","21","63","59","131","72","37","41","49","56","689","216","0","21","23","40","283","111","88","64","295","170",
"1400000US48201322000","Census Tract 3220; Harris County; Texas","1292","218","128","74","714","258","256","128","194","106","0","15","220","113","20","32","185","103","0","15","15","32","0","15","155","108","0","15","125","102","30","33","0","15","0","15","407","170","48","53","253","164","83","87","23","33","0","15","510","176","60","67","151","94","143","112","156","101","0","15",
"1400000US48201322100","Census Tract 3221; Harris County; Texas","1360","199","151","102","425","176","437","213","171","107","176","96","152","125","0","15","107","100","12","20","33","51","0","15","496","194","105","88","87","87","193","135","43","56","68","62","352","152","33","50","128","96","78","76","95","80","18","29","360","166","13","22","103","97","154","129","0","15","90","65",
"1400000US48201322200","Census Tract 3222; Harris County; Texas","445","106","24","18","47","42","142","58","148","73","84","62","71","48","19","17","43","43","0","15","0","15","9","11","74","46","5","8","4","14","47","37","18","24","0","15","54","34","0","15","0","15","15","17","27","26","12","18","246","90","0","15","0","15","80","54","103","64","63","54",
"1400000US48201322600","Census Tract 3226; Harris County; Texas","1699","240","43","45","501","132","812","276","228","136","115","59","307","119","20","23","261","114","26","27","0","15","0","15","528","145","23","40","109","58","341","139","48","37","7","12","184","91","0","15","43","51","54","38","52","61","35","41","680","230","0","15","88","73","391","229","128","120","73","52",
"1400000US48201322701","Census Tract 3227.01; Harris County; Texas","914","286","99","99","421","305","201","86","51","50","142","66","141","62","2","5","100","57","39","34","0","15","0","15","332","288","9","14","251","289","18","17","0","15","54","50","152","84","34","52","25","34","69","59","5","12","19","31","289","112","54","87","45","50","75","56","46","48","69","46",
"1400000US48201322702","Census Tract 3227.02; Harris County; Texas","1298","312","14","22","257","115","577","334","264","118","186","105","108","95","0","15","108","95","0","15","0","15","0","15","373","200","0","15","56","46","225","165","92","95","0","15","302","285","0","15","9","20","242","279","0","15","51","67","515","124","14","22","84","52","110","110","172","111","135","96",
"1400000US48201322800","Census Tract 3228; Harris County; Texas","1543","179","12","20","353","147","740","196","206","103","232","143","201","120","12","20","66","52","112","109","11","19","0","21","370","129","0","21","95","69","231","97","29","32","15","24","357","129","0","21","97","83","166","113","63","60","31","45","615","194","0","21","95","83","231","114","103","81","186","128",
"1400000US48201322900","Census Tract 3229; Harris County; Texas","1051","106","19","23","223","121","391","128","186","91","232","144","87","59","19","23","11","17","57","56","0","15","0","15","339","133","0","15","84","73","159","91","74","70","22","39","132","105","0","15","53","76","48","49","31","34","0","15","493","171","0","15","75","86","127","78","81","70","210","146",
"1400000US48201323000","Census Tract 3230; Harris County; Texas","2132","256","168","144","849","354","869","290","203","145","43","70","602","235","87","81","454","238","61","72","0","21","0","21","324","268","81","125","154","206","89","93","0","21","0","21","473","210","0","21","54","88","370","189","49","82","0","21","733","254","0","21","187","159","349","236","154","138","43","70",
"1400000US48201323100","Census Tract 3231; Harris County; Texas","1058","138","77","68","597","166","229","106","42","30","113","121","289","156","23","36","255","150","11","22","0","15","0","15","325","106","54","59","179","90","73","51","19","16","0","15","110","75","0","15","87","70","0","15","23","27","0","15","334","162","0","15","76","56","145","101","0","15","113","121",
"1400000US48201323200","Census Tract 3232; Harris County; Texas","1895","450","112","98","413","154","415","111","674","469","281","129","300","130","59","61","198","113","20","25","23","31","0","21","576","461","53","77","125","91","67","47","331","456","0","21","413","148","0","21","35","55","86","58","224","88","68","98","606","138","0","21","55","72","242","88","96","80","213","87",
"1400000US48201323300","Census Tract 3233; Harris County; Texas","997","142","284","107","420","163","141","83","82","71","70","78","97","75","8","15","89","69","0","15","0","15","0","15","216","86","47","68","127","66","42","50","0","15","0","15","418","145","229","80","133","129","45","45","11","23","0","15","266","152","0","15","71","80","54","74","71","65","70","78",
"1400000US48201323400","Census Tract 3234; Harris County; Texas","2158","325","308","300","637","247","482","177","529","272","202","153","303","188","28","45","275","183","0","21","0","21","0","21","607","231","85","134","116","118","225","142","61","72","120","137","452","232","21","33","111","118","90","67","212","210","18","31","796","292","174","263","135","147","167","113","256","172","64","75",
"1400000US48201323500","Census Tract 3235; Harris County; Texas","1721","254","97","73","651","204","788","233","134","92","51","54","265","149","37","41","104","97","124","107","0","21","0","21","476","182","15","23","236","164","181","79","44","53","0","21","357","161","45","50","110","85","179","122","23","32","0","21","623","230","0","21","201","126","304","181","67","66","51","54",
"1400000US48201323601","Census Tract 3236.01; Harris County; Texas","1700","254","124","125","947","229","535","249","52","47","42","50","644","198","54","43","492","195","78","84","20","23","0","15","576","152","0","15","225","112","300","141","9","14","42","50","96","62","0","15","52","48","42","50","2","11","0","15","384","196","70","113","178","100","115","151","21","35","0","15",
"1400000US48201323602","Census Tract 3236.02; Harris County; Texas","1613","289","47","45","329","137","910","321","187","99","140","96","310","118","0","15","180","96","130","94","0","15","0","15","517","158","26","33","93","94","383","143","7","13","8","14","494","282","0","15","40","59","306","275","90","67","58","57","292","127","21","33","16","17","91","44","90","78","74","80",
"1400000US48201323701","Census Tract 3237.01; Harris County; Texas","1664","282","140","101","908","300","460","170","86","81","70","60","493","152","100","85","393","163","0","15","0","15","0","15","574","179","0","15","173","102","391","163","10","15","0","15","441","238","40","60","287","241","46","50","10","17","58","54","156","85","0","15","55","60","23","34","66","72","12","23",
"1400000US48201323702","Census Tract 3237.02; Harris County; Texas","1210","242","45","40","404","129","543","255","156","141","62","56","328","145","25","30","279","133","24","40","0","15","0","15","319","236","6","11","61","46","240","233","6","17","6","12","182","114","0","15","0","15","177","111","5","12","0","15","381","148","14","22","64","70","102","96","145","144","56","55",
"1400000US48201323801","Census Tract 3238.01; Harris County; Texas","1088","163","69","81","240","125","342","131","197","116","240","146","208","127","69","81","130","95","9","15","0","15","0","15","195","104","0","15","28","33","150","101","17","26","0","15","159","96","0","15","0","15","80","68","50","64","29","32","526","180","0","15","82","63","103","80","130","107","211","135",
"1400000US48201323802","Census Tract 3238.02; Harris County; Texas","1548","212","72","47","443","179","630","217","244","108","159","84","347","121","49","39","210","111","65","61","0","21","23","25","360","176","14","21","177","140","145","91","12","20","12","19","221","101","9","15","0","21","83","72","103","87","26","31","620","179","0","21","56","56","337","190","129","80","98","76",
"1400000US48201323900","Census Tract 3239; Harris County; Texas","1231","133","227","120","546","133","251","84","76","65","131","77","396","136","129","79","241","108","16","29","0","15","10","16","359","144","98","96","207","107","24","23","30","40","0","15","147","72","0","15","35","39","60","56","3","6","49","32","329","118","0","15","63","73","151","65","43","58","72","65",
"1400000US48201324000","Census Tract 3240; Harris County; Texas","2124","214","48","81","406","161","1138","307","374","149","158","109","341","152","0","21","288","153","25","35","28","37","0","21","646","234","0","21","67","76","477","226","89","79","13","21","472","229","0","21","51","86","332","172","89","90","0","21","665","184","48","81","0","21","304","186","168","103","145","108",
"1400000US48201324101","Census Tract 3241.01; Harris County; Texas","1656","270","113","79","407","129","683","277","253","130","200","83","338","132","79","67","223","100","36","50","0","21","0","21","367","119","0","21","137","90","154","88","76","69","0","21","321","189","0","21","19","23","207","177","65","52","30","41","630","161","34","44","28","46","286","154","112","80","170","77",
"1400000US48201324102","Census Tract 3241.02; Harris County; Texas","0","15","0","15","0","15","0","15","0","15","0","15","0","15","0","15","0","15","0","15","0","15","0","15","0","15","0","15","0","15","0","15","0","15","0","15","0","15","0","15","0","15","0","15","0","15","0","15","0","15","0","15","0","15","0","15","0","15","0","15",
"1400000US48201324200","Census Tract 3242; Harris County; Texas","293","78","21","32","104","73","108","61","52","31","8","12","119","68","19","31","87","69","13","20","0","15","0","15","68","52","0","15","9","17","59","50","0","15","0","15","23","20","0","15","0","15","6","10","9","13","8","12","83","33","2","4","8","13","30","34","43","27","0","15",
"1400000US48201330101","Census Tract 3301.01; Harris County; Texas","1662","277","26","29","391","252","688","279","538","223","19","34","223","113","15","22","134","97","33","48","41","64","0","21","558","285","11","19","150","219","340","219","57","57","0","21","415","202","0","21","19","32","162","134","234","169","0","21","466","152","0","21","88","87","153","124","206","130","19","34",
"1400000US48201330102","Census Tract 3301.02; Harris County; Texas","712","109","73","55","198","76","318","112","75","60","48","51","187","89","17","20","157","79","13","22","0","15","0","15","137","62","28","38","28","42","81","52","0","15","0","15","229","123","28","42","13","21","175","115","13","33","0","15","159","81","0","15","0","15","49","48","62","45","48","51",
"1400000US48201330200","Census Tract 3302; Harris County; Texas","1562","280","75","94","599","187","506","286","321","164","61","54","332","154","15","24","231","129","16","26","70","109","0","21","261","142","0","21","136","133","89","69","36","41","0","21","336","158","60","91","118","97","89","83","69","59","0","21","633","331","0","21","114","101","312","285","146","111","61","54",
"1400000US48201330301","Census Tract 3303.01; Harris County; Texas","2199","328","82","98","598","257","823","292","506","207","190","110","312","202","0","21","303","200","9","16","0","21","0","21","609","241","58","90","279","162","175","141","97","153","0","21","378","197","0","21","16","26","258","165","104","107","0","21","900","240","24","41","0","21","381","195","305","151","190","110",
"1400000US48201330302","Census Tract 3303.02; Harris County; Texas","1576","107","158","116","476","156","330","138","380","162","232","104","273","136","0","21","212","119","61","86","0","21","0","21","553","171","158","116","128","97","157","106","110","111","0","21","282","133","0","21","69","79","47","44","126","96","40","53","468","115","0","21","67","46","65","46","144","87","192","93",
"1400000US48201330303","Census Tract 3303.03; Harris County; Texas","2103","334","14","21","987","297","692","223","275","163","135","121","747","272","14","21","681","270","52","51","0","15","0","15","690","249","0","15","166","113","336","155","109","89","79","112","379","202","0","15","113","74","149","156","117","129","0","15","287","116","0","15","27","31","155","96","49","48","56","45",
"1400000US48201330400","Census Tract 3304; Harris County; Texas","1574","135","197","93","508","164","518","146","257","136","94","70","475","143","58","55","376","136","41","43","0","21","0","21","194","105","0","21","28","39","113","77","35","48","18","28","271","139","62","51","20","25","121","91","45","64","23","36","634","177","77","91","84","67","243","114","177","116","53","49",
"1400000US48201330500","Census Tract 3305; Harris County; Texas","1771","239","75","61","489","175","667","221","540","271","0","21","406","177","0","21","224","116","62","62","120","126","0","21","422","154","8","14","105","114","291","153","18","33","0","21","420","161","23","26","97","74","164","114","136","107","0","21","523","255","44","46","63","57","150","115","266","235","0","21",
"1400000US48201330600","Census Tract 3306; Harris County; Texas","2437","266","129","150","653","238","1038","302","411","249","206","166","669","263","82","131","427","214","160","142","0","21","0","21","649","257","0","21","70","72","404","203","175","161","0","21","435","235","47","73","74","85","260","192","54","83","0","21","684","216","0","21","82","98","214","156","182","171","206","166",
"1400000US48201330700","Census Tract 3307; Harris County; Texas","2589","336","214","144","408","216","890","363","687","351","390","208","380","258","92","91","149","116","0","21","139","222","0","21","705","283","122","120","110","107","442","245","31","51","0","21","230","159","0","21","19","29","145","137","0","21","66","97","1274","299","0","21","130","133","303","211","517","288","324","186",
"1400000US48201330801","Census Tract 3308.01; Harris County; Texas","2558","351","109","173","920","310","659","367","724","335","146","156","654","248","0","21","633","249","0","21","21","35","0","21","655","250","109","173","60","69","241","156","245","163","0","21","644","323","0","21","118","142","260","298","120","119","146","156","605","335","0","21","109","108","158","174","338","305","0","21",
"1400000US48201330802","Census Tract 3308.02; Harris County; Texas","3711","378","166","152","963","385","1374","379","741","417","467","206","818","293","105","119","525","264","54","85","134","151","0","23","1377","378","61","98","90","99","1059","369","89","75","78","90","332","182","0","23","198","159","60","60","31","50","43","50","1184","403","0","23","150","165","201","157","487","371","346","187",
"1400000US48201330901","Census Tract 3309.01; Harris County; Texas","4161","637","272","279","1677","610","1763","466","289","189","160","167","1091","465","219","262","558","261","290","322","24","39","0","23","1689","591","53","84","902","542","734","306","0","23","0","23","455","242","0","23","73","115","253","176","116","151","13","26","926","359","0","23","144","147","486","259","149","132","147","168",
"1400000US48201330902","Census Tract 3309.02; Harris County; Texas","1063","231","23","54","388","164","239","144","271","231","142","108","320","228","23","54","163","149","37","56","97","156","0","15","169","151","0","15","69","108","78","64","22","47","0","15","105","86","0","15","71","67","0","15","22","37","12","31","469","146","0","15","85","47","124","121","130","137","130","111",
"1400000US48201331100","Census Tract 3311; Harris County; Texas","1659","205","268","139","622","204","539","168","168","93","62","54","602","183","72","62","330","148","167","96","33","51","0","15","380","177","90","109","140","111","108","63","22","27","20","25","207","104","0","15","30","49","134","82","27","32","16","29","470","153","106","112","122","121","130","107","86","70","26","33",
"1400000US48201331200","Census Tract 3312; Harris County; Texas","1865","304","433","214","928","348","458","169","46","54","0","21","636","219","233","115","359","206","27","43","17","25","0","21","483","217","0","21","162","122","321","191","0","21","0","21","269","137","31","49","153","129","62","86","23","31","0","21","477","292","169","166","254","248","48","64","6","36","0","21",
"1400000US48201331300","Census Tract 3313; Harris County; Texas","1909","210","205","130","961","249","554","161","128","121","61","60","631","164","34","34","475","169","122","86","0","21","0","21","454","162","0","21","209","141","200","119","45","58","0","21","395","232","140","120","164","134","91","114","0","21","0","21","429","128","31","40","113","96","141","80","83","107","61","60",
"1400000US48201331400","Census Tract 3314; Harris County; Texas","985","173","447","154","531","207","7","12","0","15","0","15","434","178","230","164","204","115","0","15","0","15","0","15","185","161","169","160","9","16","7","12","0","15","0","15","127","119","35","75","92","100","0","15","0","15","0","15","239","155","13","19","226","156","0","15","0","15","0","15",
"1400000US48201331501","Census Tract 3315.01; Harris County; Texas","1462","139","116","103","513","194","550","198","133","99","150","116","457","157","87","94","314","153","56","60","0","15","0","15","414","173","11","18","118","102","276","153","9","16","0","15","117","80","0","15","22","37","56","61","31","38","8","17","474","153","18","32","59","73","162","119","93","90","142","112",
"1400000US48201331502","Census Tract 3315.02; Harris County; Texas","2537","536","323","175","1224","561","729","225","187","130","74","79","1195","545","124","80","1043","553","28","32","0","21","0","21","520","195","0","21","111","96","277","135","116","100","16","25","286","149","57","85","52","59","151","122","26","44","0","21","536","142","142","121","18","31","273","171","45","63","58","74",
"1400000US48201331602","Census Tract 3316.02; Harris County; Texas","1223","194","35","53","527","265","515","144","93","95","53","54","306","204","0","15","243","201","14","15","49","78","0","15","347","172","35","53","79","73","203","135","0","15","30","47","149","78","0","15","31","38","85","67","29","37","4","11","421","142","0","15","174","128","213","101","15","24","19","28",
"1400000US48201331603","Census Tract 3316.03; Harris County; Texas","1486","171","43","40","559","168","761","200","41","43","82","65","426","164","0","15","302","152","77","86","15","24","32","47","274","115","31","39","103","78","140","78","0","15","0","15","388","165","0","15","61","82","287","140","26","33","14","24","398","165","12","24","93","78","257","152","0","15","36","35",
"1400000US48201331604","Census Tract 3316.04; Harris County; Texas","910","151","266","147","305","122","111","58","93","75","135","113","331","147","150","114","132","96","49","47","0","15","0","15","218","146","88","119","100","87","12","18","0","15","18","28","94","70","0","15","0","15","33","25","61","67","0","15","267","152","28","44","73","62","17","22","32","47","117","112",
"1400000US48201331700","Census Tract 3317; Harris County; Texas","1300","229","273","150","594","187","270","167","110","105","53","86","277","129","90","97","159","107","28","33","0","15","0","15","418","189","36","47","186","113","196","159","0","15","0","15","142","106","0","15","0","15","30","25","59","63","53","86","463","166","147","114","249","149","16","19","51","78","0","15",
"1400000US48201331800","Census Tract 3318; Harris County; Texas","1368","188","192","121","545","191","311","142","285","145","35","64","333","91","76","52","185","79","46","57","26","40","0","15","384","164","31","43","189","145","164","102","0","15","0","15","93","63","8","14","33","41","29","33","23","29","0","15","558","153","77","107","138","148","72","91","236","163","35","64",
"1400000US48201331900","Census Tract 3319; Harris County; Texas","1409","299","131","106","739","345","262","136","199","99","78","68","672","308","131","106","443","305","98","81","0","15","0","15","171","98","0","15","80","72","58","44","33","55","0","15","283","180","0","15","127","151","91","120","0","15","65","64","283","128","0","15","89","90","15","27","166","84","13","21",
"1400000US48201332000","Census Tract 3320; Harris County; Texas","1822","235","425","253","725","250","462","185","188","128","22","39","338","182","152","143","186","121","0","21","0","21","0","21","481","193","165","130","56","74","221","157","39","58","0","21","362","219","108","153","175","144","59","66","20","49","0","21","641","225","0","21","308","223","182","99","129","93","22","39",
"1400000US48201332100","Census Tract 3321; Harris County; Texas","903","133","2","4","478","102","223","120","177","93","23","27","216","97","0","15","216","97","0","15","0","15","0","15","199","100","2","4","98","52","27","28","72","73","0","15","124","91","0","15","21","34","90","99","13","21","0","15","364","111","0","15","143","85","106","59","92","63","23","27",
"1400000US48201332200","Census Tract 3322; Harris County; Texas","1593","190","71","57","566","193","676","193","161","121","119","100","540","170","43","45","352","153","136","90","9","24","0","15","280","124","28","32","79","76","124","93","21","34","28","50","195","124","0","15","56","89","112","72","24","39","3","6","578","152","0","15","79","63","304","183","107","106","88","76",
"1400000US48201332300","Census Tract 3323; Harris County; Texas","987","131","124","65","254","112","368","126","187","92","54","40","215","95","70","54","75","53","54","64","0","15","16","27","336","114","9","15","115","78","194","113","18","30","0","15","191","84","45","36","15","22","36","45","68","51","27","31","245","119","0","15","49","66","84","59","101","72","11","15",
"1400000US48201332400","Census Tract 3324; Harris County; Texas","1247","187","66","58","652","208","343","145","136","75","50","44","326","133","58","55","233","112","35","33","0","15","0","15","414","147","8","13","187","95","143","103","76","58","0","15","60","41","0","15","0","15","41","34","0","15","19","22","447","151","0","15","232","153","124","79","60","52","31","40",
"1400000US48201332500","Census Tract 3325; Harris County; Texas","1118","196","0","15","367","198","326","112","236","133","189","142","254","194","0","15","223","188","31","50","0","15","0","15","310","98","0","15","100","65","197","101","13","21","0","15","90","76","0","15","23","37","51","63","16","26","0","15","464","115","0","15","21","33","47","42","207","129","189","142",
"1400000US48201332600","Census Tract 3326; Harris County; Texas","2240","254","248","181","779","311","658","252","489","253","66","81","812","318","248","181","535","297","0","21","29","51","0","21","310","167","0","21","62","61","123","104","113","129","12","27","492","261","0","21","17","37","344","201","131","183","0","21","626","283","0","21","165","174","191","144","216","158","54","80",
"1400000US48201332700","Census Tract 3327; Harris County; Texas","849","170","151","149","180","74","296","132","120","62","102","87","292","157","142","149","116","73","34","35","0","15","0","15","100","57","0","15","12","19","83","55","5","9","0","15","239","129","0","15","36","46","111","101","34","41","58","86","218","63","9","13","16","16","68","42","81","40","44","40",
"1400000US48201332800","Census Tract 3328; Harris County; Texas","1354","188","126","83","479","179","475","147","149","122","125","94","243","104","58","59","135","89","50","56","0","15","0","15","161","112","0","15","131","105","15","24","15","25","0","15","383","158","68","59","105","104","158","96","16","25","36","55","567","190","0","15","108","87","252","137","118","117","89","81",
"1400000US48201332900","Census Tract 3329; Harris County; Texas","1507","240","111","90","632","178","330","155","361","202","73","62","355","139","35","41","297","141","0","15","23","36","0","15","325","132","76","83","124","92","55","43","70","72","0","15","288","172","0","15","141","114","129","127","18","23","0","15","539","208","0","15","70","58","146","83","250","184","73","62",
"1400000US48201333000","Census Tract 3330; Harris County; Texas","1038","144","46","67","225","106","467","162","241","113","59","54","123","81","37","62","86","63","0","15","0","15","0","15","293","121","7","11","91","72","138","70","52","41","5","18","235","109","0","15","3","14","166","106","41","46","25","36","387","159","2","13","45","55","163","135","148","98","29","38",
"1400000US48201333100","Census Tract 3331; Harris County; Texas","1415","250","303","195","501","184","319","141","178","125","114","65","403","212","130","103","222","174","51","68","0","15","0","15","430","225","166","180","142","105","96","82","15","20","11","14","292","116","0","15","89","77","126","83","69","70","8","15","290","112","7","14","48","52","46","42","94","74","95","69",
"1400000US48201333201","Census Tract 3332.01; Harris County; Texas","1799","265","122","86","676","206","667","311","193","104","141","97","563","230","48","58","358","192","157","135","0","21","0","21","443","256","0","21","57","63","328","243","58","57","0","21","274","132","67","68","112","98","44","49","16","25","35","42","519","155","7","17","149","119","138","100","119","78","106","89",
"1400000US48201333203","Census Tract 3332.03; Harris County; Texas","951","279","263","210","176","101","412","242","76","70","24","26","373","244","218","210","54","39","79","133","22","34","0","15","228","70","45","21","73","63","96","75","14","17","0","15","177","69","0","15","49","53","88","63","40","56","0","15","173","156","0","15","0","15","149","162","0","15","24","26",
"1400000US48201333204","Census Tract 3332.04; Harris County; Texas","843","221","116","70","399","117","181","143","147","177","0","15","231","93","34","44","160","84","37","38","0","15","0","15","286","152","36","40","115","80","97","123","38","58","0","15","147","85","0","15","124","88","23","38","0","15","0","15","179","172","46","44","0","15","24","37","109","167","0","15",
"1400000US48201333205","Census Tract 3332.05; Harris County; Texas","660","63","89","66","500","94","61","57","6","15","4","12","322","111","69","59","231","121","22","30","0","15","0","15","115","79","0","15","108","79","0","15","3","8","4","12","110","76","0","15","68","64","39","47","3","10","0","15","113","84","20","33","93","79","0","15","0","15","0","15",
"1400000US48201333301","Census Tract 3333.01; Harris County; Texas","1247","271","290","157","499","186","375","178","57","74","26","38","347","172","114","89","190","129","43","68","0","15","0","15","289","168","42","65","134","110","113","128","0","15","0","15","63","68","0","15","22","39","41","54","0","15","0","15","548","217","134","139","153","128","178","141","57","74","26","38",
"1400000US48201333302","Census Tract 3333.02; Harris County; Texas","1023","182","99","94","249","120","449","193","203","104","23","27","114","78","9","14","105","79","0","15","0","15","0","15","281","146","40","62","92","86","95","121","54","46","0","15","139","84","0","15","0","15","103","80","25","29","11","18","489","189","50","75","52","62","251","147","124","94","12","19",
"1400000US48201333501","Census Tract 3335.01; Harris County; Texas","1186","200","162","101","452","196","425","156","121","70","26","55","267","113","79","76","146","77","42","73","0","15","0","15","294","138","48","62","82","70","149","99","9","40","6","24","328","187","35","57","206","169","36","51","51","61","0","15","297","109","0","15","18","28","198","95","61","49","20","43",
"1400000US48201333502","Census Tract 3335.02; Harris County; Texas","748","208","88","89","148","105","391","206","85","78","36","37","66","52","0","15","17","18","49","45","0","15","0","15","325","214","49","75","59","73","188","186","7","12","22","28","191","107","39","62","72","75","15","25","51","56","14","26","166","50","0","15","0","15","139","72","27","43","0","15",
"1400000US48201333600","Census Tract 3336; Harris County; Texas","1005","146","23","25","229","108","416","181","248","120","89","56","177","86","13","20","84","58","43","49","6","9","31","37","328","146","10","16","68","78","154","95","96","97","0","15","188","79","0","15","9","16","92","69","59","43","28","29","312","168","0","15","68","74","127","155","87","52","30","33",
"1400000US48201333700","Census Tract 3337; Harris County; Texas","1220","122","13","20","264","152","685","162","100","71","158","82","216","139","13","20","164","134","39","42","0","15","0","15","200","99","0","15","9","14","191","102","0","15","0","15","294","119","0","15","21","31","120","86","64","59","89","38","510","123","0","15","70","60","335","124","36","44","69","68",
"1400000US48201333801","Census Tract 3338.01; Harris County; Texas","1278","303","0","15","271","125","710","309","228","115","69","62","227","117","0","15","165","109","29","32","0","15","33","53","327","140","0","15","85","87","231","113","11","14","0","15","282","132","0","15","0","15","135","94","147","115","0","15","442","305","0","15","21","32","315","291","70","59","36","36",
"1400000US48201333802","Census Tract 3338.02; Harris County; Texas","1966","216","113","106","533","205","665","221","195","103","460","131","292","174","0","21","254","165","38","47","0","21","0","21","698","202","58","86","70","61","461","207","40","41","69","66","350","170","33","54","160","117","86","118","51","39","20","34","626","143","22","36","49","61","80","63","104","93","371","118",
"1400000US48201333903","Census Tract 3339.03; Harris County; Texas","1297","327","99","119","274","150","564","313","291","138","69","45","266","165","99","119","131","120","21","34","15","27","0","15","402","323","0","15","48","49","282","303","72","112","0","15","322","183","0","15","85","75","133","137","104","94","0","15","307","113","0","15","10","19","128","81","100","92","69","45",
"1400000US48201333904","Census Tract 3339.04; Harris County; Texas","2105","420","55","65","689","383","784","256","467","235","110","134","540","175","0","21","305","148","153","116","0","21","82","128","572","226","0","21","126","123","384","204","62","56","0","21","282","141","0","21","6","9","135","82","141","120","0","21","711","415","55","65","252","346","112","84","264","210","28","36",
"1400000US48201333905","Census Tract 3339.05; Harris County; Texas","1059","184","15","24","393","203","416","107","151","81","84","60","188","124","0","15","188","124","0","15","0","15","0","15","234","109","0","15","78","73","138","100","18","27","0","15","234","143","0","15","23","37","182","137","29","43","0","15","403","182","15","24","104","155","96","59","104","70","84","60",
"1400000US48201333906","Census Tract 3339.06; Harris County; Texas","1540","255","12","24","169","112","701","193","231","123","427","229","85","97","0","21","76","96","0","21","9","16","0","21","308","98","0","21","79","58","146","89","83","71","0","21","295","116","0","21","14","27","209","100","58","61","14","23","852","242","12","24","0","21","346","141","81","74","413","227",
"1400000US48201334001","Census Tract 3340.01; Harris County; Texas","1092","136","133","77","546","145","313","109","70","71","30","33","316","99","77","61","239","102","0","15","0","15","0","15","348","127","10","16","184","109","154","66","0","15","0","15","129","90","28","47","55","52","46","49","0","15","0","15","299","117","18","34","68","74","113","81","70","71","30","33",
"1400000US48201334002","Census Tract 3340.02; Harris County; Texas","1120","136","0","15","739","178","285","142","87","91","9","16","417","163","0","15","407","164","10","17","0","15","0","15","443","134","0","15","207","143","199","90","37","49","0","15","58","41","0","15","52","40","6","12","0","15","0","15","202","138","0","15","73","53","70","107","50","74","9","16",
"1400000US48201334003","Census Tract 3340.03; Harris County; Texas","2211","255","182","182","865","234","680","266","281","125","203","115","551","201","22","28","436","200","60","63","0","21","33","54","633","278","0","21","146","173","387","188","100","85","0","21","547","283","128","184","180","188","68","73","117","89","54","55","480","163","32","35","103","81","165","133","64","57","116","83",
"1400000US48201334101","Census Tract 3341.01; Harris County; Texas","4977","770","233","240","2917","723","1546","588","261","156","20","32","2256","707","76","102","2079","697","101","80","0","21","0","21","1831","590","157","227","634","312","949","504","91","108","0","21","487","320","0","21","191","277","185","147","111","125","0","21","403","197","0","21","13","24","311","195","59","72","20","32",
"1400000US48201334102","Census Tract 3341.02; Harris County; Texas","2410","280","104","95","839","330","888","330","499","268","80","80","672","288","51","48","528","280","93","86","0","21","0","21","484","208","0","21","71","85","315","175","71","83","27","45","729","307","53","85","65","84","249","208","309","247","53","66","525","242","0","21","175","164","231","155","119","125","0","21",
"1400000US48201340101","Census Tract 3401.01; Harris County; Texas","800","121","41","38","458","110","264","132","27","24","10","20","421","138","41","38","359","132","21","35","0","15","0","15","110","78","0","15","22","33","88","73","0","15","0","15","149","108","0","15","44","69","86","78","19","25","0","15","120","81","0","15","33","44","69","82","8","15","10","20",
"1400000US48201340102","Census Tract 3401.02; Harris County; Texas","1817","219","91","75","593","173","688","180","396","167","49","46","420","154","15","23","320","107","85","93","0","21","0","21","424","169","37","45","103","123","267","111","17","20","0","21","315","146","39","54","39","56","103","62","134","121","0","21","658","121","0","21","131","91","233","98","245","131","49","46",
"1400000US48201340201","Census Tract 3402.01; Harris County; Texas","0","15","0","15","0","15","0","15","0","15","0","15","0","15","0","15","0","15","0","15","0","15","0","15","0","15","0","15","0","15","0","15","0","15","0","15","0","15","0","15","0","15","0","15","0","15","0","15","0","15","0","15","0","15","0","15","0","15","0","15",
"1400000US48201340202","Census Tract 3402.02; Harris County; Texas","2919","336","17","20","410","136","1641","310","617","158","234","148","343","193","0","21","194","88","140","165","9","14","0","21","1165","261","17","20","180","103","810","237","129","91","29","35","502","165","0","21","19","23","193","104","268","122","22","29","909","179","0","21","17","27","498","131","211","92","183","140",
"1400000US48201340203","Census Tract 3402.03; Harris County; Texas","2027","187","0","15","787","173","1011","237","153","97","76","64","557","147","0","15","550","148","0","15","7","10","0","15","818","245","0","15","151","93","617","208","50","61","0","15","327","158","0","15","13","27","217","134","90","77","7","10","325","145","0","15","73","61","177","127","6","10","69","63",
"1400000US48201340301","Census Tract 3403.01; Harris County; Texas","1341","109","0","15","201","72","703","134","323","102","114","54","147","62","0","15","138","63","9","13","0","15","0","15","718","125","0","15","29","28","485","111","160","88","44","35","224","99","0","15","4","6","135","84","85","63","0","15","252","61","0","15","30","31","74","43","78","53","70","42",
"1400000US48201340302","Census Tract 3403.02; Harris County; Texas","2515","364","0","21","396","126","1465","242","517","281","137","94","231","109","0","21","170","82","61","56","0","21","0","21","1165","257","0","21","175","129","892","238","68","49","30","35","502","276","0","21","38","43","174","114","280","252","10","18","617","170","0","21","13","21","338","122","169","127","97","86",
"1400000US48201340400","Census Tract 3404; Harris County; Texas","460","32","0","15","75","36","286","50","67","34","32","18","108","37","0","15","75","36","33","22","0","15","0","15","234","48","0","15","0","15","193","47","41","26","0","15","46","26","0","15","0","15","22","18","19","17","5","8","72","29","0","15","0","15","38","29","7","10","27","15",
"1400000US48201340501","Census Tract 3405.01; Harris County; Texas","1780","232","107","86","831","253","613","174","69","54","160","75","711","255","24","20","612","263","66","75","9","19","0","15","470","148","42","47","99","82","310","109","19","26","0","15","470","178","41","66","105","89","149","109","41","42","134","70","129","51","0","15","15","24","88","50","0","15","26","41",
"1400000US48201340502","Census Tract 3405.02; Harris County; Texas","1025","110","37","48","707","191","220","148","61","65","0","15","542","204","13","20","505","205","13","22","11","18","0","15","213","94","0","15","90","82","80","51","43","61","0","15","54","66","24","44","0","15","30","46","0","15","0","15","216","135","0","15","112","87","97","122","7","20","0","15",
"1400000US48201340600","Census Tract 3406; Harris County; Texas","988","134","5","7","209","60","553","116","133","66","88","39","294","114","5","7","150","46","139","109","0","15","0","15","324","48","0","15","43","29","256","45","25","22","0","15","128","72","0","15","0","15","61","50","28","28","39","35","242","71","0","15","16","22","97","33","80","60","49","27",
"1400000US48201340701","Census Tract 3407.01; Harris County; Texas","1448","158","33","37","561","171","631","191","130","87","93","51","277","116","0","15","241","125","22","25","0","15","14","22","471","148","33","37","199","117","211","103","14","21","14","22","319","167","0","15","33","36","252","169","34","29","0","15","381","138","0","15","88","126","146","74","82","75","65","41",
"1400000US48201340702","Census Tract 3407.02; Harris County; Texas","1407","301","136","151","421","234","517","153","249","206","84","52","303","218","0","15","284","218","19","33","0","15","0","15","413","175","7","13","106","124","286","122","3","12","11","19","318","188","0","15","31","46","50","55","204","196","33","46","373","172","129","152","0","15","162","87","42","42","40","37",
"1400000US48201340800","Census Tract 3408; Harris County; Texas","2025","186","103","91","251","120","1218","205","354","168","99","78","268","122","36","44","178","113","54","53","0","21","0","21","810","216","67","83","73","63","542","202","118","83","10","15","262","153","0","21","0","21","113","96","149","133","0","21","685","174","0","21","0","21","509","127","87","66","89","74",
"1400000US48201340900","Census Tract 3409; Harris County; Texas","2303","235","82","125","1584","345","626","242","6","15","5","24","1016","275","82","125","866","259","68","63","0","15","0","15","842","300","0","15","431","268","411","207","0","15","0","15","130","95","0","15","60","64","67","63","3","11","0","15","315","139","0","15","227","115","80","73","3","10","5","24",
"1400000US48201341001","Census Tract 3410.01; Harris County; Texas","2277","432","350","138","1145","409","488","203","273","252","21","32","1121","409","219","136","902","418","0","15","0","15","0","15","767","262","84","87","224","102","369","181","90","145","0","15","334","177","47","71","19","31","77","78","170","149","21","32","55","57","0","15","0","15","42","54","13","26","0","15",
"1400000US48201341002","Census Tract 3410.02; Harris County; Texas","1597","263","27","29","912","184","472","291","87","67","99","74","731","171","27","29","686","168","18","28","0","15","0","15","248","100","0","15","128","83","110","61","10","17","0","15","264","126","0","15","91","78","117","89","56","58","0","15","354","268","0","15","7","21","227","266","21","26","99","74",
"1400000US48201341101","Census Tract 3411.01; Harris County; Texas","695","137","47","67","348","126","181","93","59","36","60","71","173","90","0","15","167","89","6","9","0","15","0","15","262","148","0","15","100","103","142","100","11","15","9","13","146","84","47","67","79","81","20","29","0","15","0","15","114","83","0","15","2","10","13","17","48","35","51","71",
"1400000US48201341102","Census Tract 3411.02; Harris County; Texas","1347","351","35","39","975","365","301","151","36","57","0","15","897","369","35","39","826","369","36","59","0","15","0","15","347","141","0","15","141","84","206","135","0","15","0","15","41","55","0","15","8","12","33","54","0","15","0","15","62","61","0","15","0","15","26","25","36","57","0","15",
"1400000US48201341201","Census Tract 3412.01; Harris County; Texas","2330","294","203","223","1140","334","757","238","180","151","50","60","873","340","48","54","767","318","58","66","0","21","0","21","538","239","121","190","136","134","230","155","51","83","0","21","704","260","0","21","225","216","380","181","99","106","0","21","215","115","34","54","12","32","89","81","30","63","50","60",
"1400000US48201341203","Census Tract 3412.03; Harris County; Texas","1218","338","37","34","647","354","396","120","138","97","0","15","431","330","7","13","424","330","0","15","0","15","0","15","410","149","16","26","167","131","227","74","0","15","0","15","234","139","0","15","56","81","61","90","117","97","0","15","143","63","14","21","0","15","108","65","21","31","0","15",
"1400000US48201341204","Census Tract 3412.04; Harris County; Texas","1843","276","146","191","632","210","906","195","135","64","24","25","830","290","146","191","544","195","140","109","0","15","0","15","624","205","0","15","75","90","461","188","80","54","8","14","175","93","0","15","0","15","141","86","34","30","0","15","214","106","0","15","13","23","164","102","21","31","16","23",
"1400000US48201341302","Census Tract 3413.02; Harris County; Texas","2016","318","62","54","1145","341","770","286","25","37","14","15","1096","344","62","54","917","337","100","132","17","26","0","15","625","276","0","15","179","129","439","261","0","15","7","11","164","113","0","15","49","52","115","106","0","15","0","15","131","105","0","15","0","15","116","102","8","29","7","10",
"1400000US48201341303","Census Tract 3413.03; Harris County; Texas","1835","339","75","58","1264","370","428","140","26","25","42","66","1214","359","29","33","1055","362","88","88","0","15","42","66","375","112","12","19","156","82","207","95","0","15","0","15","82","61","0","15","0","15","82","61","0","15","0","15","164","83","34","41","53","52","51","56","26","25","0","15",
"1400000US48201341304","Census Tract 3413.04; Harris County; Texas","732","121","116","105","329","107","210","116","77","94","0","15","427","145","116","105","295","106","16","26","0","15","0","15","88","74","0","15","5","9","83","72","0","15","0","15","62","90","0","15","0","15","0","15","62","90","0","15","155","90","0","15","29","25","111","97","15","24","0","15",
"1400000US48201341400","Census Tract 3414; Harris County; Texas","2179","247","0","21","505","154","1071","250","343","145","260","131","509","188","0","21","378","136","109","101","22","35","0","21","760","188","0","21","99","69","481","169","162","105","18","31","316","155","0","21","14","24","185","127","26","30","91","92","594","138","0","21","14","24","296","158","133","84","151","101",
"1400000US48201341501","Census Tract 3415.01; Harris County; Texas","2624","264","39","43","968","230","962","218","442","212","213","139","922","258","39","43","691","208","99","81","4","8","89","125","766","197","0","21","257","131","398","146","111","89","0","21","336","158","0","21","20","18","149","104","137","121","30","31","600","134","0","21","0","21","316","109","190","141","94","86",
"1400000US48201341502","Census Tract 3415.02; Harris County; Texas","2364","281","18","22","1075","242","819","191","347","229","105","112","802","231","10","18","749","217","6","10","37","47","0","21","903","233","0","21","316","216","547","167","0","21","40","56","260","143","8","15","10","16","165","124","77","74","0","21","399","237","0","21","0","21","101","98","233","213","65","100",
"1400000US48201341600","Census Tract 3416; Harris County; Texas","2781","302","34","39","569","250","1535","340","588","200","55","53","719","273","0","21","522","244","175","156","22","34","0","21","1089","276","16","26","7","11","860","266","191","153","15","24","366","155","18","29","21","36","157","89","170","107","0","21","607","241","0","21","19","31","343","202","205","130","40","46",
"1400000US48201341700","Census Tract 3417; Harris County; Texas","1319","151","112","81","498","151","492","95","166","70","51","34","492","153","112","81","291","148","71","53","18","21","0","15","378","108","0","15","58","46","215","55","83","67","22","24","288","140","0","15","149","125","98","56","36","22","5","7","161","50","0","15","0","15","108","42","29","23","24","23",
"1400000US48201341800","Census Tract 3418; Harris County; Texas","989","138","84","61","282","89","424","121","140","65","59","26","307","97","23","28","203","79","60","40","21","36","0","15","187","59","0","15","63","42","104","33","20","17","0","15","228","129","0","15","6","10","196","124","24","17","2","4","267","66","61","54","10","15","64","42","75","55","57","26",
"1400000US48201342001","Census Tract 3420.01; Harris County; Texas","2158","237","0","21","423","166","954","196","650","270","131","94","360","148","0","21","324","144","36","41","0","21","0","21","778","196","0","21","56","53","591","195","131","98","0","21","460","168","0","21","0","21","237","108","190","136","33","41","560","216","0","21","43","55","90","75","329","200","98","85",
"1400000US48201342002","Census Tract 3420.02; Harris County; Texas","1693","234","57","69","496","141","864","287","226","91","50","38","388","128","43","62","338","120","0","15","7","14","0","15","715","276","0","15","96","92","588","269","31","28","0","15","317","117","0","15","46","70","153","94","112","64","6","9","273","80","14","22","16","23","123","77","76","60","44","36",
"1400000US48201342100","Census Tract 3421; Harris County; Texas","1400","151","0","15","388","158","623","135","223","85","166","112","304","112","0","15","254","105","38","44","12","20","0","15","418","112","0","15","51","63","293","96","50","40","24","26","251","81","0","15","0","15","147","69","104","57","0","15","427","166","0","15","83","92","145","90","57","50","142","109",
"1400000US48201342200","Census Tract 3422; Harris County; Texas","1363","211","107","80","499","199","349","126","149","80","259","146","405","182","55","48","298","165","44","48","8","12","0","15","274","118","52","71","51","43","141","91","9","15","21","31","312","133","0","15","108","90","80","54","124","75","0","15","372","172","0","15","42","63","84","69","8","16","238","139",
"1400000US48201342300","Census Tract 3423; Harris County; Texas","2571","346","131","85","886","320","951","259","505","195","98","71","603","286","66","65","463","276","60","63","14","24","0","21","778","288","51","44","182","162","350","184","195","197","0","21","625","279","14","23","95","89","280","216","218","131","18","31","565","157","0","21","146","85","261","141","78","62","80","71",
"1400000US48201342400","Census Tract 3424; Harris County; Texas","1335","286","11","18","606","114","583","305","71","51","64","52","389","132","11","18","378","132","0","15","0","15","0","15","371","290","0","15","116","67","230","281","19","31","6","10","232","104","0","15","76","77","106","71","14","19","36","51","343","99","0","15","36","40","247","91","38","40","22","27",
"1400000US48201342500","Census Tract 3425; Harris County; Texas","2293","347","223","236","472","192","884","268","399","135","315","148","621","279","206","234","296","153","89","75","30","52","0","21","704","193","0","21","83","87","514","175","107","91","0","21","136","93","0","21","58","67","48","48","30","40","0","21","832","219","17","29","35","42","233","195","232","93","315","148",
"1400000US48201342700","Census Tract 3427; Harris County; Texas","1723","209","9","14","556","144","649","142","302","176","207","136","378","105","9","14","322","105","47","46","0","15","0","15","638","172","0","15","102","76","389","109","88","77","59","81","300","150","0","15","80","59","73","57","115","131","32","35","407","144","0","15","52","71","140","102","99","71","116","109",
"1400000US48201342801","Census Tract 3428.01; Harris County; Texas","1972","419","0","21","289","119","1249","421","263","133","171","94","409","360","0","21","163","95","246","352","0","21","0","21","615","354","0","21","81","52","502","341","32","33","0","21","455","133","0","21","18","23","174","113","172","86","91","83","493","164","0","21","27","35","327","135","59","93","80","58",
"1400000US48201342802","Census Tract 3428.02; Harris County; Texas","1106","88","17","25","153","86","599","142","100","55","237","94","116","74","0","15","63","44","53","62","0","15","0","15","418","115","17","25","64","74","316","97","0","15","21","33","119","74","0","15","26","33","32","37","17","19","44","54","453","92","0","15","0","15","198","92","83","49","172","90",
"1400000US48201342900","Census Tract 3429; Harris County; Texas","2403","302","73","88","436","169","1000","235","495","251","399","208","441","171","17","27","276","145","106","80","42","66","0","21","863","298","33","63","94","64","456","146","280","249","0","21","343","156","0","21","66","75","123","87","84","59","70","99","756","182","23","37","0","21","315","136","89","84","329","196",
"1400000US48201343000","Census Tract 3430; Harris County; Texas","3050","390","319","249","865","286","1155","349","484","238","227","116","695","356","183","231","375","214","137","170","0","21","0","21","923","330","119","98","199","159","450","228","155","181","0","21","644","253","17","29","146","153","367","221","114","111","0","21","788","202","0","21","145","110","201","159","215","140","227","116",
"1400000US48201343100","Census Tract 3431; Harris County; Texas","1391","117","43","46","368","171","558","142","245","115","177","115","279","105","27","36","180","93","72","42","0","15","0","15","490","157","8","13","133","135","244","97","105","85","0","15","252","107","8","13","55","59","132","83","49","45","8","14","370","153","0","15","0","15","110","87","91","81","169","114",
"1400000US48201343200","Census Tract 3432; Harris County; Texas","1821","141","56","73","343","135","842","186","325","118","255","137","240","114","0","21","190","117","50","40","0","21","0","21","628","168","0","21","127","89","432","155","63","46","6","9","359","149","0","21","11","21","137","88","162","91","49","59","594","175","56","73","15","23","223","117","100","62","200","126",
"1400000US48201343301","Census Tract 3433.01; Harris County; Texas","1528","186","22","37","254","104","750","162","314","130","188","142","217","101","22","37","126","77","61","51","8","14","0","15","584","191","0","15","73","69","377","125","37","25","97","134","288","141","0","15","24","28","140","111","118","83","6","10","439","132","0","15","31","46","172","74","151","113","85","64",
"1400000US48201343302","Census Tract 3433.02; Harris County; Texas","1910","316","87","64","343","304","784","226","473","171","223","132","462","327","15","21","313","301","74","79","49","76","11","18","652","185","54","53","3","11","369","115","173","117","53","87","350","217","18","29","14","17","116","182","139","123","63","74","446","90","0","15","13","32","225","87","112","80","96","79",
"1400000US48201343601","Census Tract 3436.01; Harris County; Texas","0","15","0","15","0","15","0","15","0","15","0","15","0","15","0","15","0","15","0","15","0","15","0","15","0","15","0","15","0","15","0","15","0","15","0","15","0","15","0","15","0","15","0","15","0","15","0","15","0","15","0","15","0","15","0","15","0","15","0","15",
"1400000US48201343602","Census Tract 3436.02; Harris County; Texas","1162","137","85","60","497","127","199","73","276","121","105","55","456","99","71","58","265","102","74","42","46","38","0","15","261","82","14","18","99","49","102","56","39","36","7","8","210","118","0","15","69","89","17","23","75","62","49","47","235","110","0","15","64","48","6","22","116","91","49","40",
"1400000US48201343700","Census Tract 3437; Harris County; Texas","1447","235","67","46","434","133","597","215","165","108","184","96","377","118","49","38","271","105","44","29","0","15","13","22","412","160","18","31","75","60","291","165","10","15","18","25","282","149","0","15","37","36","126","83","119","104","0","15","376","151","0","15","51","48","136","131","36","35","153","106",
"1400000US48201350101","Census Tract 3501.01; Harris County; Texas","1286","359","0","15","432","356","448","145","194","103","212","123","88","28","0","15","88","28","0","15","0","15","0","15","541","371","0","15","344","360","148","88","49","51","0","15","92","90","0","15","0","15","92","90","0","15","0","15","565","134","0","15","0","15","208","96","145","92","212","123",
"1400000US48201350102","Census Tract 3501.02; Harris County; Texas","1904","258","61","61","502","187","931","264","281","128","129","78","426","165","46","55","369","153","11","19","0","21","0","21","777","228","15","23","127","125","525","211","110","86","0","21","180","84","0","21","0","21","93","66","51","48","36","40","521","264","0","21","6","11","302","284","120","81","93","67",
"1400000US48201350103","Census Tract 3501.03; Harris County; Texas","2816","520","39","53","360","227","1343","318","852","539","222","147","432","255","0","21","307","219","87","68","0","21","38","61","707","182","0","21","30","42","485","183","167","157","25","45","363","202","0","21","0","21","256","185","83","73","24","38","1314","466","39","53","23","43","515","234","602","478","135","117",
"1400000US48201350104","Census Tract 3501.04; Harris County; Texas","1925","328","54","88","519","210","981","347","213","106","158","110","250","155","54","88","166","122","0","21","22","35","8","13","820","353","0","21","100","92","692","332","14","23","14","23","306","191","0","21","130","145","111","83","14","24","51","72","549","231","0","21","123","141","178","149","163","93","85","86",
"1400000US48201350201","Census Tract 3502.01; Harris County; Texas","1137","240","56","48","218","105","523","261","340","177","0","15","188","97","44","43","111","84","33","41","0","15","0","15","213","93","0","15","11","23","133","106","69","71","0","15","201","113","0","15","96","85","15","27","90","72","0","15","535","228","12","20","0","15","342","207","181","142","0","15",
"1400000US48201350202","Census Tract 3502.02; Harris County; Texas","1481","174","68","78","304","95","723","212","263","150","123","108","220","89","68","78","138","78","14","22","0","15","0","15","512","130","0","15","96","61","331","138","85","71","0","15","238","105","0","15","0","15","166","88","72","64","0","15","511","200","0","15","70","47","212","132","106","97","123","108",
"1400000US48201350300","Census Tract 3503; Harris County; Texas","1972","270","14","23","387","114","946","187","348","130","277","257","134","73","0","21","129","75","5","10","0","21","0","21","711","175","0","21","222","114","452","157","37","30","0","21","371","139","0","21","36","43","275","119","60","58","0","21","756","260","14","23","0","21","214","99","251","122","277","257",
"1400000US48201350400","Census Tract 3504; Harris County; Texas","2010","383","171","148","598","248","513","189","487","357","241","145","430","199","98","144","308","152","0","21","24","43","0","21","421","198","55","65","212","147","132","98","6","13","16","27","395","169","18","31","33","54","197","98","114","126","33","39","764","355","0","21","45","61","184","120","343","352","192","135",
"1400000US48201350500","Census Tract 3505; Harris County; Texas","2230","291","0","21","730","211","951","329","379","181","170","94","313","163","0","21","313","163","0","21","0","21","0","21","609","294","0","21","195","123","302","230","112","108","0","21","573","214","0","21","190","116","185","126","135","94","63","81","735","252","0","21","32","41","464","216","132","134","107","73",
"1400000US48201350601","Census Tract 3506.01; Harris County; Texas","1638","171","78","51","659","166","682","215","160","67","59","51","495","114","44","43","394","108","57","63","0","15","0","15","666","203","34","37","95","68","483","188","49","37","5","8","166","82","0","15","33","35","44","45","61","47","28","40","311","75","0","15","137","83","98","74","50","41","26","32",
"1400000US48201350603","Census Tract 3506.03; Harris County; Texas","1353","140","8","16","207","89","682","136","405","157","51","45","136","89","7","16","36","30","32","33","61","81","0","15","424","107","1","10","144","86","268","106","11","18","0","15","286","94","0","15","0","15","210","90","76","65","0","15","507","186","0","15","27","38","172","83","257","151","51","45",
"1400000US48201350604","Census Tract 3506.04; Harris County; Texas","1381","392","33","36","324","118","495","112","464","385","65","60","225","103","14","23","201","99","10","20","0","15","0","15","676","385","19","23","94","77","224","85","333","382","6","34","152","76","0","15","28","38","57","49","53","35","14","22","328","89","0","15","1","11","204","83","78","55","45","41",
"1400000US48201350700","Census Tract 3507; Harris County; Texas","870","185","9","10","176","78","411","161","185","86","89","54","151","75","4","6","106","64","41","43","0","15","0","15","309","146","0","15","32","25","228","132","39","32","10","18","217","84","0","15","31","39","68","43","108","72","10","16","193","83","5","7","7","11","74","44","38","34","69","51",
"1400000US48201350801","Census Tract 3508.01; Harris County; Texas","2267","439","136","110","976","399","774","230","344","129","37","41","976","408","24","27","844","393","108","125","0","15","0","15","660","198","47","74","69","61","382","166","162","115","0","15","255","101","65","83","9","14","117","72","64","46","0","15","376","160","0","15","54","49","167","111","118","73","37","41",
"1400000US48201350803","Census Tract 3508.03; Harris County; Texas","1421","254","65","56","547","190","585","245","181","83","43","66","603","232","44","51","394","188","122","162","0","15","43","66","455","155","21","24","95","72","293","151","46","51","0","15","150","89","0","15","0","15","105","81","45","49","0","15","213","102","0","15","58","60","65","68","90","55","0","15",
"1400000US48201350804","Census Tract 3508.04; Harris County; Texas","2077","285","67","66","441","152","1148","349","217","95","204","97","406","146","21","36","385","143","0","21","0","21","0","21","537","179","0","21","18","35","473","156","46","43","0","21","204","138","0","21","35","43","118","97","36","57","15","25","930","348","46","60","3","15","557","357","135","113","189","94",
"1400000US48201410101","Census Tract 4101.01; Harris County; Texas","1103","129","0","15","630","137","267","127","206","115","0","15","504","135","0","15","488","133","0","15","16","26","0","15","332","123","0","15","130","74","202","115","0","15","0","15","117","99","0","15","12","21","31","35","74","87","0","15","150","73","0","15","0","15","34","47","116","90","0","15",
"1400000US48201410102","Census Tract 4101.02; Harris County; Texas","2577","307","513","337","1305","322","694","236","38","52","27","42","1620","386","368","304","1093","314","159","197","0","15","0","15","780","274","145","162","145","104","490","204","0","15","0","15","72","53","0","15","0","15","45","46","15","28","12","19","105","40","0","15","67","43","0","15","23","45","15","37",
"1400000US48201410201","Census Tract 4102.01; Harris County; Texas","1285","131","92","122","884","186","260","93","16","24","33","50","954","150","92","122","822","183","25","27","15","24","0","15","255","89","0","15","62","43","192","85","1","5","0","15","76","66","0","15","0","15","43","48","0","15","33","50","0","15","0","15","0","15","0","15","0","15","0","15",
"1400000US48201410202","Census Tract 4102.02; Harris County; Texas","2025","284","79","79","876","237","975","270","95","105","0","15","786","206","79","79","628","196","79","101","0","15","0","15","865","297","0","15","176","147","689","249","0","15","0","15","308","117","0","15","72","71","153","68","83","92","0","15","66","48","0","15","0","15","54","49","12","21","0","15",
"1400000US48201410300","Census Tract 4103; Harris County; Texas","2645","296","86","62","1579","310","876","241","97","74","7","18","1804","352","86","62","1419","317","299","207","0","15","0","15","683","203","0","15","107","67","541","189","35","43","0","15","96","81","0","15","34","41","0","15","62","62","0","15","62","57","0","15","19","31","36","44","0","15","7","18",
"1400000US48201410401","Census Tract 4104.01; Harris County; Texas","2117","365","80","62","965","207","909","263","128","166","35","55","978","210","66","58","797","196","93","91","0","15","22","37","676","229","0","15","91","66","466","154","119","165","0","15","373","258","14","23","62","68","288","261","9","15","0","15","90","53","0","15","15","26","62","34","0","15","13","25",
"1400000US48201410402","Census Tract 4104.02; Harris County; Texas","1404","100","84","79","605","151","606","134","101","68","8","13","462","122","73","71","378","115","11","16","0","15","0","15","518","98","11","16","142","64","344","100","21","25","0","15","240","112","0","15","69","77","118","76","53","52","0","15","184","86","0","15","16","21","133","86","27","42","8","13",
"1400000US48201410501","Census Tract 4105.01; Harris County; Texas","1007","222","17","16","410","113","502","212","78","71","0","15","479","186","10","12","345","113","117","145","7","11","0","15","315","66","7","15","53","38","246","59","9","14","0","15","186","156","0","15","12","19","112","133","62","71","0","15","27","25","0","15","0","15","27","25","0","15","0","15",
"1400000US48201410502","Census Tract 4105.02; Harris County; Texas","1655","174","23","26","805","184","757","184","63","71","7","11","596","147","23","26","514","147","59","64","0","15","0","15","899","169","0","15","265","131","583","156","44","68","7","11","89","63","0","15","13","21","57","52","19","28","0","15","71","75","0","15","13","21","58","72","0","15","0","15",
"1400000US48201410601","Census Tract 4106.01; Harris County; Texas","2844","395","170","133","1857","418","788","331","29","48","0","15","2050","435","170","133","1638","433","242","225","0","15","0","15","794","280","0","15","219","134","546","247","29","48","0","15","0","15","0","15","0","15","0","15","0","15","0","15","0","15","0","15","0","15","0","15","0","15","0","15",
"1400000US48201410602","Census Tract 4106.02; Harris County; Texas","1780","197","19","21","1138","206","568","160","55","81","0","15","1072","209","19","21","985","217","68","52","0","15","0","15","598","213","0","15","151","120","396","156","51","80","0","15","99","40","0","15","2","7","93","37","4","11","0","15","11","17","0","15","0","15","11","17","0","15","0","15",
"1400000US48201410703","Census Tract 4107.03; Harris County; Texas","1379","238","164","106","782","193","416","240","3","13","14","21","790","196","156","106","608","184","26","31","0","15","0","15","514","222","8","13","174","66","318","226","0","15","14","21","29","34","0","15","0","15","29","34","0","15","0","15","46","30","0","15","0","15","43","29","3","13","0","15",
"1400000US48201410704","Census Tract 4107.04; Harris County; Texas","1524","423","361","340","850","324","237","91","76","47","0","15","1115","420","355","340","729","328","0","15","31","32","0","15","278","101","6","11","110","85","162","70","0","15","0","15","116","62","0","15","11","17","74","64","31","34","0","15","15","26","0","15","0","15","1","13","14","23","0","15",
"1400000US48201410705","Census Tract 4107.05; Harris County; Texas","399","215","11","12","272","216","85","44","10","12","21","33","278","216","6","10","260","216","12","15","0","15","0","15","79","45","5","8","12","13","52","37","10","12","0","15","14","20","0","15","0","15","14","20","0","15","0","15","28","35","0","15","0","15","7","11","0","15","21","33",
"1400000US48201410706","Census Tract 4107.06; Harris County; Texas","1140","116","234","108","645","142","261","93","0","15","0","15","704","131","234","108","457","139","13","21","0","15","0","15","355","108","0","15","128","74","227","98","0","15","0","15","81","28","0","15","60","4","21","27","0","15","0","15","0","15","0","15","0","15","0","15","0","15","0","15",
"1400000US48201410801","Census Tract 4108.01; Harris County; Texas","1552","146","285","186","628","182","630","165","9","17","0","15","826","228","273","185","506","171","47","41","0","15","0","15","539","183","12","19","122","85","405","176","0","15","0","15","76","68","0","15","0","15","76","68","0","15","0","15","111","87","0","15","0","15","102","92","9","17","0","15",
"1400000US48201410802","Census Tract 4108.02; Harris County; Texas","800","109","65","53","448","109","230","83","41","30","16","21","387","103","22","29","360","94","0","15","5","8","0","15","229","75","43","50","84","55","83","39","3","10","16","21","134","80","0","15","3","6","107","82","24","24","0","15","50","27","0","15","1","5","40","28","9","14","0","15",
"1400000US48201410900","Census Tract 4109; Harris County; Texas","2100","308","0","15","1179","282","809","247","47","71","65","84","1084","263","0","15","1010","268","74","60","0","15","0","15","750","210","0","15","169","102","488","183","28","69","65","84","70","71","0","15","0","15","70","71","0","15","0","15","196","175","0","15","0","15","177","171","19","31","0","15",
"1400000US48201411001","Census Tract 4110.01; Harris County; Texas","1760","295","20","23","1188","271","379","188","164","211","9","15","981","247","20","23","931","248","30","27","0","15","0","15","704","281","0","15","248","159","325","185","131","206","0","15","57","60","0","15","0","15","24","30","33","51","0","15","18","16","0","15","9","15","0","15","0","15","9","15",
"1400000US48201411002","Census Tract 4110.02; Harris County; Texas","1307","152","29","26","819","169","383","127","51","54","25","40","632","173","13","21","608","173","11","18","0","15","0","15","535","147","16","26","168","114","300","126","51","54","0","15","102","65","0","15","15","24","62","47","0","15","25","40","38","31","0","15","28","33","10","15","0","15","0","15",
"1400000US48201411003","Census Tract 4110.03; Harris County; Texas","899","145","194","115","388","146","206","73","106","87","5","7","460","171","159","112","263","141","29","23","4","7","5","7","191","90","35","53","52","41","94","54","10","12","0","15","204","119","0","15","73","87","72","50","59","77","0","15","44","34","0","15","0","15","11","19","33","35","0","15",
"1400000US48201411100","Census Tract 4111; Harris County; Texas","1569","172","37","34","509","171","661","153","284","96","78","60","491","166","10","18","418","164","63","48","0","15","0","15","644","109","13","21","36","48","394","100","185","80","16","25","99","61","0","15","0","15","23","26","52","45","24","26","335","95","14","17","55","37","181","95","47","46","38","59",
"1400000US48201411200","Census Tract 4112; Harris County; Texas","819","120","25","42","345","110","231","71","93","40","125","49","333","99","25","42","267","95","36","45","5","7","0","15","298","87","0","15","63","67","117","51","52","36","66","38","91","39","0","15","15","17","35","22","12","12","29","29","97","46","0","15","0","15","43","32","24","17","30","27",
"1400000US48201411301","Census Tract 4113.01; Harris County; Texas","1289","217","44","55","821","216","356","147","57","62","11","17","804","200","44","55","741","198","19","21","0","15","0","15","406","157","0","15","80","69","312","142","14","24","0","15","55","60","0","15","0","15","12","20","43","56","0","15","24","26","0","15","0","15","13","19","0","15","11","17",
"1400000US48201411302","Census Tract 4113.02; Harris County; Texas","2235","308","0","15","1717","338","485","221","33","52","0","15","1480","336","0","15","1480","336","0","15","0","15","0","15","691","228","0","15","237","139","454","213","0","15","0","15","64","72","0","15","0","15","31","49","33","52","0","15","0","15","0","15","0","15","0","15","0","15","0","15",
"1400000US48201411400","Census Tract 4114; Harris County; Texas","1214","129","0","15","461","108","546","137","118","59","89","49","391","110","0","15","343","106","48","31","0","15","0","15","382","99","0","15","118","88","228","74","36","28","0","15","210","86","0","15","0","15","107","73","46","44","57","51","231","111","0","15","0","15","163","105","36","26","32","44",
"1400000US48201411503","Census Tract 4115.03; Harris County; Texas","1993","247","103","91","1213","222","572","201","96","97","9","16","1025","226","72","82","849","210","89","92","15","23","0","15","646","228","31","42","242","133","323","136","50","85","0","15","121","99","0","15","109","94","12","25","0","15","0","15","201","157","0","15","13","21","148","153","31","41","9","16",
"1400000US48201411504","Census Tract 4115.04; Harris County; Texas","1728","347","89","73","885","235","690","323","50","50","14","22","1038","344","53","61","810","237","175","268","0","15","0","15","562","225","36","56","43","43","452","200","17","25","14","22","65","65","0","15","32","50","0","15","33","45","0","15","63","64","0","15","0","15","63","64","0","15","0","15",
"1400000US48201411505","Census Tract 4115.05; Harris County; Texas","1714","267","204","152","825","191","621","193","41","48","23","27","683","207","51","70","577","173","55","54","0","15","0","15","748","237","140","140","147","100","438","168","12","20","11","20","147","134","0","15","25","34","93","113","29","43","0","15","136","73","13","16","76","82","35","30","0","15","12","18",
"1400000US48201411506","Census Tract 4115.06; Harris County; Texas","1918","316","170","163","1121","336","473","165","154","129","0","15","1027","249","146","162","870","217","11","17","0","15","0","15","716","280","0","15","203","236","415","145","98","118","0","15","175","126","24","34","48","75","47","62","56","69","0","15","0","15","0","15","0","15","0","15","0","15","0","15",
"1400000US48201411507","Census Tract 4115.07; Harris County; Texas","1325","482","38","52","830","468","383","155","74","68","0","15","761","463","0","15","710","455","51","84","0","15","0","15","389","156","38","52","87","60","264","135","0","15","0","15","149","76","0","15","33","49","42","64","74","68","0","15","26","26","0","15","0","15","26","26","0","15","0","15",
"1400000US48201411600","Census Tract 4116; Harris County; Texas","1469","248","25","31","535","162","819","286","74","66","16","25","538","164","25","31","496","164","17","19","0","15","0","15","781","287","0","15","39","51","704","279","38","41","0","15","35","39","0","15","0","15","35","39","0","15","0","15","115","64","0","15","0","15","63","56","36","46","16","25",
"1400000US48201411700","Census Tract 4117; Harris County; Texas","2252","186","141","142","1503","293","592","247","16","26","0","15","1500","286","141","142","1307","310","36","45","16","26","0","15","385","188","0","15","54","59","331","168","0","15","0","15","248","202","0","15","132","145","116","132","0","15","0","15","119","141","0","15","10","16","109","141","0","15","0","15",
"1400000US48201411801","Census Tract 4118.01; Harris County; Texas","1806","360","94","85","933","183","706","365","73","54","0","15","702","160","59","64","591","162","52","58","0","15","0","15","636","149","35","52","253","121","309","119","39","49","0","15","272","343","0","15","32","38","230","345","10","16","0","15","196","71","0","15","57","55","115","63","24","29","0","15",
"1400000US48201411802","Census Tract 4118.02; Harris County; Texas","1305","184","334","122","517","163","358","152","91","110","5","9","725","176","303","112","396","151","26","33","0","15","0","15","450","212","31","49","77","64","264","143","78","108","0","15","40","38","0","15","8","15","14","24","13","24","5","9","90","32","0","15","36","32","54","41","0","15","0","15",
"1400000US48201411901","Census Tract 4119.01; Harris County; Texas","893","216","0","15","281","139","347","90","172","145","93","59","247","137","0","15","237","138","10","15","0","15","0","15","313","100","0","15","32","31","255","89","12","19","14","21","114","68","0","15","12","20","58","52","31","39","13","19","219","143","0","15","0","15","24","32","129","141","66","56",
"1400000US48201411902","Census Tract 4119.02; Harris County; Texas","1215","117","132","86","679","160","295","128","63","49","46","41","738","141","21","24","610","150","96","107","0","15","11","19","345","113","64","61","58","40","199","80","14","16","10","19","25","33","0","15","11","18","0","15","0","15","14","27","107","88","47","73","0","15","0","15","49","46","11","21",
"1400000US48201412000","Census Tract 4120; Harris County; Texas","1810","200","125","63","575","150","840","148","191","97","79","50","545","154","116","60","387","127","24","37","11","19","7","12","859","152","0","15","188","96","559","127","86","54","26","30","133","78","9","15","0","15","89","68","0","15","35","34","273","99","0","15","0","15","168","92","94","87","11","16",
"1400000US48201412201","Census Tract 4122.01; Harris County; Texas","1163","134","190","103","565","151","363","122","45","41","0","15","564","141","190","103","363","130","11","17","0","15","0","15","312","73","0","15","111","67","169","66","32","32","0","15","154","95","0","15","50","44","104","89","0","15","0","15","133","57","0","15","41","43","79","40","13","24","0","15",
"1400000US48201412202","Census Tract 4122.02; Harris County; Texas","1365","239","164","80","387","136","527","124","211","189","76","46","412","141","93","65","293","130","26","29","0","15","0","15","449","131","71","72","68","47","263","107","25","25","22","23","113","94","0","15","0","15","82","79","23","27","8","13","391","178","0","15","26","27","156","61","163","185","46","42",
"1400000US48201412300","Census Tract 4123; Harris County; Texas","2422","197","0","21","360","150","1334","213","615","253","113","72","341","142","0","21","218","102","99","81","0","21","24","39","962","221","0","21","132","103","699","199","114","68","17","31","385","133","0","21","10","18","172","113","203","111","0","21","734","213","0","21","0","21","364","129","298","204","72","45",
"1400000US48201412400","Census Tract 4124; Harris County; Texas","1481","138","8","13","142","81","1005","151","170","71","156","74","72","41","8","13","20","24","44","32","0","15","0","15","698","126","0","15","111","74","516","115","41","29","30","45","150","70","0","15","11","17","61","50","36","28","42","49","561","94","0","15","0","15","384","83","93","54","84","44",
"1400000US48201412500","Census Tract 4125; Harris County; Texas","690","71","33","39","219","53","318","52","80","43","40","22","218","66","27","38","156","50","35","35","0","15","0","15","240","47","3","5","38","22","187","48","6","6","6","8","83","39","3","5","25","18","15","11","30","32","10","10","149","32","0","15","0","15","81","20","44","29","24","21",
"1400000US48201412600","Census Tract 4126; Harris County; Texas","1361","219","68","54","125","68","897","212","221","88","50","31","224","187","12","18","100","61","112","179","0","15","0","15","425","92","50","48","25","28","299","79","34","33","17","21","174","72","0","15","0","15","47","33","105","67","22","21","538","128","6","9","0","15","439","128","82","51","11","17",
"1400000US48201412700","Census Tract 4127; Harris County; Texas","1227","137","93","49","401","115","477","106","204","70","52","32","365","104","93","49","224","91","35","27","13","20","0","15","316","93","0","15","107","73","139","43","60","37","10","16","215","76","0","15","70","56","73","42","57","51","15","22","331","94","0","15","0","15","230","94","74","44","27","31",
"1400000US48201412800","Census Tract 4128; Harris County; Texas","1555","182","23","24","221","103","716","155","366","130","229","157","129","84","0","21","108","80","10","16","11","17","0","21","460","155","0","21","56","49","328","123","25","31","51","80","239","86","9","13","51","42","53","37","114","64","12","18","727","141","14","21","6","10","325","79","216","110","166","132",
"1400000US48201412901","Census Tract 4129.01; Harris County; Texas","1031","126","63","55","518","161","362","158","88","108","0","15","494","170","8","13","371","146","115","100","0","15","0","15","351","154","55","52","71","63","152","121","73","103","0","15","101","97","0","15","46","66","55","74","0","15","0","15","85","79","0","15","30","44","40","59","15","24","0","15",
"1400000US48201412902","Census Tract 4129.02; Harris County; Texas","1125","154","156","117","538","127","245","113","126","64","60","41","361","120","45","39","308","110","8","13","0","15","0","15","291","127","48","74","104","63","98","70","27","33","14","18","137","81","0","15","81","63","30","35","26","34","0","15","336","146","63","90","45","70","109","82","73","65","46","39",
"1400000US48201413000","Census Tract 4130; Harris County; Texas","1410","264","58","78","534","253","502","152","281","105","35","32","529","181","58","78","410","176","43","40","18","31","0","15","472","240","0","15","122","180","228","110","122","84","0","15","160","99","0","15","2","7","79","77","54","65","25","28","249","79","0","15","0","15","152","75","87","51","10","16",
"1400000US48201413100","Census Tract 4131; Harris County; Texas","1160","130","0","15","353","98","472","110","309","91","26","31","236","99","0","15","221","99","15","22","0","15","0","15","383","114","0","15","79","67","257","88","47","28","0","15","165","64","0","15","25","27","50","35","81","44","9","15","376","95","0","15","28","27","150","79","181","82","17","28",
"1400000US48201413203","Census Tract 4132.03; Harris County; Texas","1203","330","284","258","733","228","159","58","19","29","8","13","803","343","264","259","510","227","21","26","0","15","8","13","301","88","20","23","182","73","99","46","0","15","0","15","75","69","0","15","41","57","15","20","19","29","0","15","24","13","0","15","0","15","24","13","0","15","0","15",
"1400000US48201413204","Census Tract 4132.04; Harris County; Texas","713","79","195","97","341","138","162","116","15","24","0","15","502","105","145","86","260","130","97","113","0","15","0","15","114","70","7","11","62","59","45","46","0","15","0","15","87","59","43","48","9","14","20","20","15","24","0","15","10","16","0","15","10","16","0","15","0","15","0","15",
"1400000US48201413205","Census Tract 4132.05; Harris County; Texas","884","101","70","37","503","100","311","101","0","15","0","15","429","77","70","37","333","79","26","22","0","15","0","15","344","89","0","15","107","52","237","96","0","15","0","15","86","56","0","15","53","44","33","33","0","15","0","15","25","27","0","15","10","15","15","23","0","15","0","15",
"1400000US48201413206","Census Tract 4132.06; Harris County; Texas","1430","241","69","66","897","237","449","170","0","15","15","27","683","201","48","62","635","214","0","15","0","15","0","15","507","166","11","20","181","96","315","146","0","15","0","15","90","51","10","17","22","26","43","37","0","15","15","27","150","97","0","15","59","44","91","83","0","15","0","15",
"1400000US48201413301","Census Tract 4133.01; Harris County; Texas","2955","403","705","445","1687","422","374","115","189","140","0","21","1747","498","431","338","1285","385","31","55","0","21","0","21","587","268","185","215","288","243","114","84","0","21","0","21","362","162","89","138","66","63","85","70","122","108","0","21","259","98","0","21","48","72","144","74","67","76","0","21",
"1400000US48201413302","Census Tract 4133.02; Harris County; Texas","1734","452","0","15","705","492","831","223","132","84","66","77","607","478","0","15","577","477","30","36","0","15","0","15","580","240","0","15","128","70","385","247","33","34","34","50","278","113","0","15","0","15","264","115","14","19","0","15","269","110","0","15","0","15","152","67","85","74","32","53",
"1400000US48201420100","Census Tract 4201; Harris County; Texas","1637","289","296","132","931","245","361","141","49","59","0","15","1120","298","296","132","764","254","60","55","0","15","0","15","209","101","0","15","82","65","109","73","18","30","0","15","158","105","0","15","44","70","114","112","0","15","0","15","150","73","0","15","41","40","78","35","31","50","0","15",
"1400000US48201420200","Census Tract 4202; Harris County; Texas","1038","218","180","184","269","109","451","127","100","56","38","36","326","206","137","173","154","85","35","27","0","15","0","15","430","115","43","52","47","39","276","117","58","46","6","12","67","34","0","15","13","15","32","22","22","18","0","15","215","120","0","15","55","58","108","90","20","27","32","36",
"1400000US48201420300","Census Tract 4203; Harris County; Texas","1609","159","9","13","629","205","687","235","215","75","69","38","496","174","0","15","417","178","48","42","31","48","0","15","485","139","9","13","116","67","292","127","65","36","3","7","257","106","0","15","0","15","155","103","71","49","31","30","371","183","0","15","96","95","192","160","48","37","35","32",
"1400000US48201420400","Census Tract 4204; Harris County; Texas","1691","211","153","198","621","153","757","149","137","69","23","26","472","129","19","19","307","111","146","99","0","15","0","15","764","162","0","15","267","141","399","119","75","58","23","26","179","91","0","15","33","34","101","74","45","37","0","15","276","213","134","197","14","22","111","52","17","23","0","15",
"1400000US48201420500","Census Tract 4205; Harris County; Texas","1313","162","130","98","613","183","529","212","41","38","0","15","409","179","97","90","293","162","19","30","0","15","0","15","304","140","33","38","81","73","182","120","8","13","0","15","347","142","0","15","132","107","215","114","0","15","0","15","253","149","0","15","107","89","113","117","33","36","0","15",
"1400000US48201420600","Census Tract 4206; Harris County; Texas","915","105","32","29","333","97","338","77","150","73","62","62","233","84","32","29","179","79","22","17","0","15","0","15","288","71","0","15","82","41","160","62","46","39","0","15","215","97","0","15","72","78","53","34","68","58","22","19","179","83","0","15","0","15","103","35","36","39","40","59",
"1400000US48201420700","Census Tract 4207; Harris County; Texas","984","100","43","65","220","97","546","111","121","68","54","54","181","95","0","15","154","92","27","24","0","15","0","15","309","104","43","65","47","35","208","86","11","17","0","15","168","80","0","15","5","8","61","41","48","48","54","54","326","73","0","15","14","17","250","75","62","42","0","15",
"1400000US48201420800","Census Tract 4208; Harris County; Texas","920","109","0","15","152","63","441","108","235","87","92","57","129","57","0","15","94","51","16","14","0","15","19","22","203","58","0","15","46","28","150","53","7","10","0","15","265","91","0","15","7","10","76","45","136","81","46","51","323","91","0","15","5","8","199","84","92","48","27","19",
"1400000US48201420900","Census Tract 4209; Harris County; Texas","2262","285","33","38","459","192","1413","297","232","143","125","78","197","121","0","21","197","121","0","21","0","21","0","21","1077","305","15","25","87","58","857","290","78","97","40","47","492","188","18","29","153","132","155","144","98","69","68","53","496","108","0","21","22","34","401","105","56","47","17","27",
"1400000US48201421000","Census Tract 4210; Harris County; Texas","1045","177","5","7","121","44","639","179","234","68","46","36","218","152","5","7","96","40","112","147","5","8","0","15","337","74","0","15","25","18","267","66","40","28","5","7","92","44","0","15","0","15","24","20","68","41","0","15","398","101","0","15","0","15","236","91","121","63","41","38",
"1400000US48201421101","Census Tract 4211.01; Harris County; Texas","1520","115","218","113","945","179","332","110","25","36","0","15","878","182","107","104","686","164","85","96","0","15","0","15","405","117","35","42","199","115","171","75","0","15","0","15","57","43","14","25","14","23","29","33","0","15","0","15","180","113","62","74","46","58","47","45","25","36","0","15",
"1400000US48201421103","Census Tract 4211.03; Harris County; Texas","603","52","99","63","404","72","92","52","8","12","0","15","209","73","28","36","181","67","0","15","0","15","0","15","104","55","13","19","59","38","32","27","0","15","0","15","167","80","31","33","105","62","31","35","0","15","0","15","123","62","27","28","59","44","29","33","8","12","0","15",
"1400000US48201421104","Census Tract 4211.04; Harris County; Texas","1623","300","341","147","940","264","164","104","69","71","109","168","296","133","65","71","231","111","0","15","0","15","0","15","467","267","49","44","338","247","49","54","31","51","0","15","279","122","131","83","92","68","18","28","38","42","0","15","581","232","96","88","279","128","97","82","0","15","109","168",
"1400000US48201421203","Census Tract 4212.03; Harris County; Texas","975","196","163","72","592","114","193","174","27","42","0","15","321","108","27","32","294","103","0","15","0","15","0","15","284","101","26","41","163","87","68","53","27","42","0","15","141","60","79","48","62","50","0","15","0","15","0","15","229","171","31","35","73","57","125","158","0","15","0","15",
"1400000US48201421204","Census Tract 4212.04; Harris County; Texas","1324","278","255","82","804","247","158","69","107","159","0","15","461","241","60","52","401","232","0","15","0","15","0","15","293","163","47","54","72","51","72","52","102","161","0","15","295","126","134","73","137","106","24","33","0","15","0","15","275","107","14","23","194","101","62","50","5","20","0","15",
"1400000US48201421205","Census Tract 4212.05; Harris County; Texas","852","87","295","89","425","118","110","83","22","36","0","15","184","84","17","30","109","56","58","72","0","15","0","15","230","85","71","49","110","61","27","2","22","36","0","15","216","84","111","49","105","76","0","15","0","15","0","15","222","92","96","66","101","69","25","38","0","15","0","15",
"1400000US48201421206","Census Tract 4212.06; Harris County; Texas","767","265","222","83","444","253","91","109","10","14","0","15","144","114","21","25","55","51","68","105","0","15","0","15","184","80","116","69","68","51","0","15","0","15","0","15","327","245","63","51","241","244","23","35","0","15","0","15","112","64","22","35","80","56","0","15","10","14","0","15",
"1400000US48201421301","Census Tract 4213.01; Harris County; Texas","1160","195","386","146","377","149","345","186","52","57","0","15","219","99","19","31","123","79","59","68","18","30","0","15","324","203","94","77","98","99","132","161","0","15","0","15","189","127","151","122","38","60","0","15","0","15","0","15","428","130","122","94","118","84","154","95","34","51","0","15",
"1400000US48201421302","Census Tract 4213.02; Harris County; Texas","1768","572","338","185","635","224","795","531","0","21","0","21","336","179","183","158","153","95","0","21","0","21","0","21","384","146","54","57","133","104","197","102","0","21","0","21","174","110","67","71","18","27","89","82","0","21","0","21","874","565","34","50","331","235","509","515","0","21","0","21",
"1400000US48201421401","Census Tract 4214.01; Harris County; Texas","1326","135","373","139","728","136","181","118","19","27","25","37","341","110","42","46","230","97","50","44","19","27","0","15","390","169","110","75","173","120","82","99","0","15","25","37","374","154","178","114","186","97","10","16","0","15","0","15","221","89","43","38","139","78","39","40","0","15","0","15",
"1400000US48201421402","Census Tract 4214.02; Harris County; Texas","1262","203","184","109","777","213","245","156","21","35","35","45","242","123","25","39","165","111","27","42","0","15","25","41","150","79","39","69","75","63","36","45","0","15","0","15","511","233","120","77","292","205","99","128","0","15","0","15","359","135","0","15","245","122","83","62","21","35","10","16",
"1400000US48201421403","Census Tract 4214.03; Harris County; Texas","1478","150","345","167","754","202","194","76","185","118","0","15","321","161","152","127","138","99","31","43","0","15","0","15","325","157","0","15","226","138","99","65","0","15","0","15","361","151","151","88","130","82","25","41","55","80","0","15","471","157","42","47","260","127","39","55","130","94","0","15",
"1400000US48201421501","Census Tract 4215.01; Harris County; Texas","1405","255","302","180","687","223","296","168","120","118","0","15","289","155","41","44","150","122","98","94","0","15","0","15","378","224","28","44","159","180","137","115","54","86","0","15","490","239","233","179","173","158","47","72","37","61","0","15","248","117","0","15","205","113","14","31","29","48","0","15",
"1400000US48201421502","Census Tract 4215.02; Harris County; Texas","1063","134","230","142","539","150","259","115","22","28","13","20","315","136","23","26","292","136","0","15","0","15","0","15","117","77","69","66","17","19","31","38","0","15","0","15","256","144","91","96","41","67","111","83","0","15","13","20","375","152","47","73","189","122","117","97","22","28","0","15",
"1400000US48201421601","Census Tract 4216.01; Harris County; Texas","983","138","287","131","447","148","232","123","17","29","0","15","150","96","25","30","125","92","0","15","0","15","0","15","181","104","43","59","138","94","0","15","0","15","0","15","336","128","159","100","68","43","109","89","0","15","0","15","316","130","60","64","116","70","123","87","17","29","0","15",
"1400000US48201421602","Census Tract 4216.02; Harris County; Texas","1084","125","301","138","363","120","290","126","85","73","45","55","164","114","121","109","43","36","0","15","0","15","0","15","415","129","70","74","109","75","175","115","31","52","30","48","230","104","91","72","68","64","53","49","18","24","0","15","275","114","19","30","143","95","62","53","36","41","15","26",
"1400000US48201421700","Census Tract 4217; Harris County; Texas","1765","165","197","103","648","163","690","145","181","100","49","35","537","150","71","63","445","150","21","25","0","15","0","15","466","142","15","23","144","74","218","98","72","86","17","26","423","145","53","64","34","34","264","131","60","43","12","17","339","121","58","66","25","30","187","96","49","79","20","24",
"1400000US48201421801","Census Tract 4218.01; Harris County; Texas","1053","216","113","123","808","259","75","65","0","15","57","93","470","266","96","118","367","266","7","13","0","15","0","15","282","177","0","15","259","173","23","39","0","15","0","15","143","111","0","15","101","102","42","48","0","15","0","15","158","151","17","28","81","121","3","13","0","15","57","93",
"1400000US48201421802","Census Tract 4218.02; Harris County; Texas","948","141","166","107","268","122","470","104","40","31","4","8","231","105","34","41","170","98","27","33","0","15","0","15","289","110","132","102","24","31","126","65","7","11","0","15","190","102","0","15","61","81","108","68","17","19","4","8","238","97","0","15","13","21","209","94","16","24","0","15",
"1400000US48201421900","Census Tract 4219; Harris County; Texas","1009","110","0","15","168","65","714","98","76","42","51","78","119","61","0","15","106","58","13","18","0","15","0","15","436","92","0","15","32","29","363","90","41","33","0","15","147","85","0","15","11","18","122","81","14","24","0","15","307","90","0","15","19","26","216","52","21","25","51","78",
"1400000US48201422000","Census Tract 4220; Harris County; Texas","913","89","7","11","193","91","585","95","98","59","30","32","133","68","7","11","95","62","31","26","0","15","0","15","464","96","0","15","71","57","341","74","34","44","18","24","175","67","0","15","27","42","116","55","32","33","0","15","141","74","0","15","0","15","97","60","32","34","12","20",
"1400000US48201422100","Census Tract 4221; Harris County; Texas","2233","490","111","91","530","178","1219","499","320","134","53","44","731","421","74","73","357","147","300","398","0","21","0","21","849","317","37","58","81","51","613","298","118","76","0","21","324","169","0","21","21","33","218","151","85","91","0","21","329","142","0","21","71","82","88","72","117","87","53","44",
"1400000US48201422200","Census Tract 4222; Harris County; Texas","2619","288","842","262","1138","249","479","266","72","69","88","116","1115","296","529","228","526","216","60","79","0","21","0","21","919","329","217","149","421","164","281","241","0","21","0","21","236","167","66","106","170","130","0","21","0","21","0","21","349","151","30","50","21","38","138","129","72","69","88","116",
"1400000US48201422302","Census Tract 4223.02; Harris County; Texas","988","271","67","41","376","72","468","290","28","22","49","33","442","272","27","28","179","61","236","280","0","15","0","15","278","66","19","32","144","54","94","43","5","8","16","21","133","66","13","15","21","30","77","55","13","15","9","13","135","43","8","12","32","32","61","36","10","13","24","27",
"1400000US48201422303","Census Tract 4223.03; Harris County; Texas","1392","250","298","261","779","258","155","130","160","183","0","15","467","218","60","97","333","197","74","90","0","15","0","15","731","318","238","246","286","204","47","54","160","183","0","15","47","57","0","15","47","57","0","15","0","15","0","15","147","112","0","15","113","114","34","68","0","15","0","15",
"1400000US48201422304","Census Tract 4223.04; Harris County; Texas","1040","117","132","110","383","140","419","148","74","85","32","38","157","86","6","12","94","66","17","32","40","68","0","15","233","119","32","51","46","56","155","93","0","15","0","15","154","79","43","65","29","37","71","70","0","15","11","18","496","179","51","85","214","138","176","136","34","54","21","33",
"1400000US48201422403","Census Tract 4224.03; Harris County; Texas","985","86","33","43","459","105","312","84","90","39","91","76","268","116","8","12","249","116","11","15","0","15","0","15","336","112","25","42","34","31","209","85","23","21","45","67","130","79","0","15","70","69","16","17","34","24","10","16","251","69","0","15","106","79","76","36","33","25","36","21",
"1400000US48201422404","Census Tract 4224.04; Harris County; Texas","905","108","194","99","406","167","211","99","94","77","0","15","262","111","173","98","89","61","0","15","0","15","0","15","201","109","0","15","87","83","96","68","18","20","0","15","117","70","0","15","59","55","37","42","21","30","0","15","325","118","21","34","171","106","78","82","55","68","0","15",
"1400000US48201422405","Census Tract 4224.05; Harris County; Texas","956","236","313","108","567","272","33","49","43","53","0","15","593","267","229","107","364","259","0","15","0","15","0","15","238","92","57","38","142","81","33","49","6","10","0","15","13","17","13","17","0","15","0","15","0","15","0","15","112","75","14","23","61","60","0","15","37","52","0","15",
"1400000US48201422406","Census Tract 4224.06; Harris County; Texas","1101","208","156","105","451","126","251","109","229","187","14","21","349","126","104","98","213","102","32","37","0","15","0","15","175","91","24","30","5","9","130","78","16","25","0","15","404","230","0","15","152","113","75","60","163","171","14","21","173","108","28","45","81","62","14","26","50","77","0","15",
"1400000US48201422501","Census Tract 4225.01; Harris County; Texas","1431","250","124","99","725","184","554","304","25","29","3","22","389","159","26","34","352","159","11","18","0","15","0","15","537","262","11","17","146","96","368","250","12","17","0","15","258","109","87","92","146","63","25","48","0","15","0","15","247","96","0","15","81","74","150","103","13","21","3","22",
"1400000US48201422502","Census Tract 4225.02; Harris County; Texas","1437","358","36","50","997","381","257","107","116","97","31","53","583","341","0","15","573","341","2","6","8","14","0","15","501","204","36","50","294","187","114","69","57","61","0","15","182","143","0","15","94","100","61","78","27","44","0","15","171","91","0","15","36","60","80","68","24","48","31","53",
"1400000US48201422601","Census Tract 4226.01; Harris County; Texas","1299","134","430","174","333","142","280","123","226","98","30","39","489","182","226","132","114","73","44","45","105","71","0","15","308","154","59","95","69","68","180","109","0","15","0","15","260","160","135","139","41","64","20","35","34","40","30","39","242","159","10","16","109","100","36","48","87","95","0","15",
"1400000US48201422602","Census Tract 4226.02; Harris County; Texas","983","237","46","35","435","245","421","101","61","41","20","24","284","101","46","35","207","97","18","29","13","20","0","15","243","90","0","15","44","38","188","76","10","15","1","13","343","244","0","15","169","226","141","99","33","28","0","15","113","43","0","15","15","20","74","47","5","10","19","22",
"1400000US48201422701","Census Tract 4227.01; Harris County; Texas","1673","357","46","39","695","329","658","214","203","110","71","52","368","327","11","16","328","324","29","34","0","15","0","15","349","134","12","19","153","107","142","78","26","38","16","19","412","143","23","30","141","110","202","111","31","32","15","23","544","233","0","15","73","67","285","201","146","107","40","39",
"1400000US48201422702","Census Tract 4227.02; Harris County; Texas","1112","195","49","48","329","195","420","145","175","107","139","87","138","88","11","19","116","79","4","7","7","11","0","15","254","100","38","44","38","30","141","84","37","45","0","15","251","127","0","15","10","18","158","112","70","66","13","24","469","197","0","15","165","172","117","96","61","64","126","90",
"1400000US48201422800","Census Tract 4228; Harris County; Texas","1545","244","261","135","791","226","308","136","90","66","95","75","452","157","156","121","279","109","17","18","0","15","0","15","319","121","74","59","113","80","132","83","0","15","0","15","536","244","0","15","334","225","116","105","86","64","0","15","238","102","31","49","65","63","43","51","4","9","95","75",
"1400000US48201422900","Census Tract 4229; Harris County; Texas","1389","128","336","116","493","136","385","142","84","67","91","91","358","122","163","87","155","71","0","15","1","3","39","61","483","133","91","68","205","97","175","94","12","20","0","15","125","68","21","34","47","46","39","43","18","16","0","15","423","126","61","59","86","85","171","100","53","63","52","62",
"1400000US48201423001","Census Tract 4230.01; Harris County; Texas","1072","191","201","133","628","149","127","82","116","140","0","15","202","122","98","112","104","59","0","15","0","15","0","15","249","116","39","28","157","111","53","43","0","15","0","15","283","185","55","63","132","100","0","15","96","137","0","15","338","139","9","16","235","119","74","55","20","21","0","15",
"1400000US48201423002","Census Tract 4230.02; Harris County; Texas","1211","159","292","170","571","153","311","142","26","43","11","29","258","125","62","66","173","117","23","39","0","15","0","15","425","174","110","129","173","100","142","103","0","15","0","15","244","114","73","76","85","85","86","70","0","15","0","15","284","100","47","54","140","94","60","54","26","43","11","29",
"1400000US48201423100","Census Tract 4231; Harris County; Texas","947","127","153","64","683","150","89","52","22","27","0","15","259","123","15","17","244","121","0","15","0","15","0","15","211","78","35","37","150","68","26","30","0","15","0","15","216","73","44","34","150","67","7","12","15","24","0","15","261","80","59","48","139","72","56","42","7","13","0","15",
"1400000US48201423201","Census Tract 4232.01; Harris County; Texas","911","58","38","47","342","97","264","97","243","82","24","30","273","94","38","47","219","77","16","25","0","15","0","15","191","82","0","15","52","54","120","75","12","19","7","13","179","81","0","15","54","58","58","56","67","48","0","15","268","80","0","15","17","27","70","57","164","77","17","28",
"1400000US48201423203","Census Tract 4232.03; Harris County; Texas","835","134","70","65","309","121","375","130","7","12","74","59","259","116","39","58","173","80","47","68","0","15","0","15","119","97","13","23","45","55","61","87","0","15","0","15","287","171","18","28","85","90","177","169","7","12","0","15","170","82","0","15","6","17","90","83","0","15","74","59",
"1400000US48201423204","Census Tract 4232.04; Harris County; Texas","1677","257","472","196","816","300","389","212","0","15","0","15","683","274","189","147","421","256","73","107","0","15","0","15","213","149","77","109","96","105","40","46","0","15","0","15","373","225","133","159","188","148","52","74","0","15","0","15","408","234","73","118","111","123","224","188","0","15","0","15",
"1400000US48201423301","Census Tract 4233.01; Harris County; Texas","2095","275","290","201","704","210","902","219","140","77","59","54","716","257","253","201","404","196","59","58","0","15","0","15","789","218","37","32","174","148","553","166","25","23","0","15","297","130","0","15","105","93","89","63","103","74","0","15","293","163","0","15","21","22","201","160","12","23","59","54",
"1400000US48201423303","Census Tract 4233.03; Harris County; Texas","783","160","301","126","331","139","147","97","0","15","4","22","544","126","298","126","246","108","0","15","0","15","0","15","107","83","3","7","0","15","100","80","0","15","4","22","17","26","0","15","0","15","17","26","0","15","0","15","115","72","0","15","85","49","30","47","0","15","0","15",
"1400000US48201423304","Census Tract 4233.04; Harris County; Texas","1372","246","201","91","484","267","471","143","147","71","69","61","373","193","64","52","201","176","90","73","18","27","0","15","547","206","120","64","193","191","196","110","15","23","23","34","268","119","0","15","84","84","54","47","97","61","33","54","184","71","17","29","6","14","131","55","17","19","13","24",
"1400000US48201423401","Census Tract 4234.01; Harris County; Texas","1754","339","229","123","514","161","709","336","247","104","55","60","583","352","47","47","299","129","237","321","0","15","0","15","498","164","19","29","71","53","316","137","92","68","0","15","220","139","22","35","112","97","20","25","57","67","9","14","453","104","141","102","32","32","136","60","98","52","46","53",
"1400000US48201423402","Census Tract 4234.02; Harris County; Texas","1433","332","12","19","597","307","421","162","253","133","150","84","512","312","12","19","414","304","86","114","0","15","0","15","233","139","0","15","111","121","122","66","0","15","0","15","294","129","0","15","15","25","48","41","205","129","26","29","394","95","0","15","57","64","165","91","48","48","124","84",
"1400000US48201423500","Census Tract 4235; Harris County; Texas","762","97","0","15","234","95","336","88","122","53","70","55","106","52","0","15","76","47","30","24","0","15","0","15","243","66","0","15","37","41","201","55","5","8","0","15","236","95","0","15","76","64","74","67","49","39","37","47","177","60","0","15","45","44","31","30","68","47","33","24",
"1400000US48201423600","Census Tract 4236; Harris County; Texas","2479","372","33","43","866","313","709","273","420","258","451","220","517","266","23","37","441","246","53","67","0","21","0","21","762","323","0","21","204","159","304","166","149","141","105","160","637","321","10","23","154","172","96","105","224","226","153","139","563","227","0","21","67","81","256","207","47","54","193","114",
"1400000US48201430101","Census Tract 4301.01; Harris County; Texas","1460","284","101","95","751","226","397","123","48","46","163","213","727","220","89","94","616","203","14","23","0","15","8","13","395","119","12","19","105","82","255","117","15","23","8","13","111","44","0","15","0","15","94","61","17","28","0","15","227","218","0","15","30","50","34","34","16","27","147","213",
"1400000US48201430102","Census Tract 4301.02; Harris County; Texas","1393","416","16","26","595","417","572","176","129","103","81","58","542","411","0","15","503","409","39","31","0","15","0","15","367","119","16","26","64","54","250","111","37","30","0","15","348","173","0","15","16","23","205","143","92","110","35","43","136","69","0","15","12","21","78","56","0","15","46","44",
"1400000US48201430200","Census Tract 4302; Harris County; Texas","757","96","27","19","407","84","266","65","43","23","14","15","307","71","21","16","260","70","26","28","0","15","0","15","229","72","6","9","88","53","122","42","13","13","0","15","135","65","0","15","44","41","69","42","22","15","0","15","86","32","0","15","15","18","49","27","8","11","14","15",
"1400000US48201430300","Census Tract 4303; Harris County; Texas","1559","160","6","9","156","86","815","206","438","125","144","62","235","146","6","9","122","76","107","126","0","15","0","15","566","187","0","15","34","42","428","182","82","42","22","26","330","92","0","15","0","15","52","44","211","89","67","44","428","90","0","15","0","15","228","74","145","108","55","41",
"1400000US48201430400","Census Tract 4304; Harris County; Texas","1069","86","0","15","94","36","459","102","290","83","226","90","140","77","0","15","61","34","23","23","10","12","46","60","433","96","0","15","21","18","233","63","123","48","56","34","141","58","0","15","12","13","54","33","59","35","16","13","355","75","0","15","0","15","149","88","98","46","108","66",
"1400000US48201430500","Census Tract 4305; Harris County; Texas","898","114","6","10","279","85","354","86","197","81","62","36","266","86","6","10","223","83","32","28","5","8","0","15","279","79","0","15","21","17","187","67","71","42","0","15","150","56","0","15","31","22","52","37","50","35","17","19","203","72","0","15","4","7","83","42","71","58","45","31",
"1400000US48201430600","Census Tract 4306; Harris County; Texas","1169","70","0","15","133","72","622","106","178","74","236","79","60","32","0","15","51","32","9","14","0","15","0","15","442","105","0","15","29","28","322","95","76","44","15","18","209","68","0","15","14","20","72","51","51","37","72","46","458","74","0","15","39","58","219","107","51","40","149","77",
"1400000US48201430700","Census Tract 4307; Harris County; Texas","1866","270","474","212","529","177","700","211","163","75","0","15","873","179","360","153","431","171","70","92","12","22","0","15","549","227","103","126","81","67","332","190","33","32","0","15","131","80","0","15","17","21","69","58","45","45","0","15","313","90","11","17","0","15","229","81","73","57","0","15",
"1400000US48201430800","Census Tract 4308; Harris County; Texas","2629","390","60","73","1128","344","1013","234","287","138","141","87","1022","338","60","73","927","335","35","45","0","21","0","21","571","175","0","21","90","69","334","133","147","120","0","21","210","91","0","21","36","41","112","61","41","40","21","26","826","206","0","21","75","65","532","173","99","78","120","87",
"1400000US48201430900","Census Tract 4309; Harris County; Texas","2787","366","65","61","1099","296","1305","367","302","123","16","27","1083","292","18","30","891","261","109","101","65","77","0","21","1128","368","0","21","94","73","898","355","136","67","0","21","225","126","0","21","114","95","96","88","15","30","0","21","351","117","47","54","0","21","202","121","86","75","16","27",
"1400000US48201431001","Census Tract 4310.01; Harris County; Texas","1119","198","22","27","358","213","667","111","72","52","0","15","342","207","0","15","315","206","27","43","0","15","0","15","378","102","6","11","37","37","273","102","62","53","0","15","237","92","16","24","6","9","205","87","10","16","0","15","162","47","0","15","0","15","162","47","0","15","0","15",
"1400000US48201431002","Census Tract 4310.02; Harris County; Texas","1217","237","27","32","415","123","608","251","147","54","20","28","352","114","27","32","289","106","36","39","0","15","0","15","452","115","0","15","87","65","295","99","70","44","0","15","115","80","0","15","18","21","53","64","44","44","0","15","298","206","0","15","21","31","224","216","33","33","20","28",
"1400000US48201431101","Census Tract 4311.01; Harris County; Texas","2842","421","208","187","1072","314","1161","440","401","267","0","21","1220","320","139","150","867","275","214","162","0","21","0","21","1110","449","0","21","103","95","835","434","172","226","0","21","185","160","69","109","0","21","112","121","4","9","0","21","327","205","0","21","102","141","0","21","225","145","0","21",
"1400000US48201431102","Census Tract 4311.02; Harris County; Texas","2114","401","548","356","1055","323","450","252","45","64","16","25","1075","305","366","279","684","240","25","42","0","15","0","15","586","363","182","248","193","159","211","217","0","15","0","15","102","101","0","15","0","15","102","101","0","15","0","15","351","213","0","15","178","220","112","123","45","64","16","25",
"1400000US48201431203","Census Tract 4312.03; Harris County; Texas","1032","182","259","158","515","134","175","75","83","124","0","15","517","157","94","93","403","139","20","30","0","15","0","15","305","137","157","129","50","39","91","53","7","12","0","15","133","131","0","15","29","37","28","29","76","123","0","15","77","45","8","12","33","31","36","32","0","15","0","15",
"1400000US48201431204","Census Tract 4312.04; Harris County; Texas","1663","231","205","118","1000","226","454","171","0","15","4","8","805","201","186","117","563","189","56","78","0","15","0","15","420","190","0","15","165","129","255","139","0","15","0","15","274","146","0","15","171","121","103","99","0","15","0","15","164","92","19","25","101","85","40","41","0","15","4","8",
"1400000US48201431205","Census Tract 4312.05; Harris County; Texas","1879","568","312","173","1143","570","410","238","0","15","14","23","967","572","188","148","724","556","55","84","0","15","0","15","632","237","50","74","286","169","296","212","0","15","0","15","76","79","39","65","33","40","4","28","0","15","0","15","204","121","35","55","100","99","55","41","0","15","14","23",
"1400000US48201431206","Census Tract 4312.06; Harris County; Texas","1004","136","199","131","491","146","314","99","0","15","0","15","507","142","199","131","243","122","65","71","0","15","0","15","352","120","0","15","103","77","249","85","0","15","0","15","86","71","0","15","86","71","0","15","0","15","0","15","59","71","0","15","59","71","0","15","0","15","0","15",
"1400000US48201431302","Census Tract 4313.02; Harris County; Texas","1833","299","58","65","833","213","736","228","177","123","29","33","637","207","28","47","569","204","20","32","20","32","0","15","520","201","30","50","152","115","322","180","16","26","0","15","243","164","0","15","75","113","97","77","61","99","10","16","433","117","0","15","37","44","297","108","80","63","19","30",
"1400000US48201431303","Census Tract 4313.03; Harris County; Texas","1041","153","101","82","684","164","183","108","73","88","0","15","690","181","87","81","539","158","64","80","0","15","0","15","222","113","14","23","79","80","111","72","18","26","0","15","63","83","0","15","0","15","8","12","55","84","0","15","66","81","0","15","66","81","0","15","0","15","0","15",
"1400000US48201431304","Census Tract 4313.04; Harris County; Texas","1615","219","177","126","885","240","510","217","43","59","0","15","794","176","103","91","681","164","10","15","0","15","0","15","418","176","18","29","78","79","322","159","0","15","0","15","302","196","43","67","118","131","134","136","7","13","0","15","101","82","13","22","8","13","44","52","36","57","0","15",
"1400000US48201431401","Census Tract 4314.01; Harris County; Texas","1506","246","88","64","975","249","366","162","77","57","0","15","665","198","78","61","578","185","9","14","0","15","0","15","590","195","0","15","365","153","207","127","18","21","0","15","201","125","0","15","20","27","122","108","59","51","0","15","50","44","10","17","12","18","28","33","0","15","0","15",
"1400000US48201431403","Census Tract 4314.03; Harris County; Texas","968","242","14","24","415","112","528","238","0","15","11","16","357","109","0","15","357","109","0","15","0","15","0","15","505","239","0","15","42","34","463","233","0","15","0","15","58","37","0","15","11","14","47","40","0","15","0","15","48","31","14","24","5","7","18","17","0","15","11","16",
"1400000US48201431404","Census Tract 4314.04; Harris County; Texas","1405","262","0","15","1022","202","366","215","0","15","17","28","1009","187","0","15","943","196","66","62","0","15","0","15","170","81","0","15","49","43","121","66","0","15","0","15","164","206","0","15","30","41","134","202","0","15","0","15","62","42","0","15","0","15","45","30","0","15","17","28",
"1400000US48201431503","Census Tract 4315.03; Harris County; Texas","1174","290","13","16","596","155","541","259","24","20","0","15","427","138","7","11","420","139","0","15","0","15","0","15","459","209","6","11","74","99","363","193","16","17","0","15","181","205","0","15","37","49","136","205","8","12","0","15","107","106","0","15","65","68","42","49","0","15","0","15",
"1400000US48201431504","Census Tract 4315.04; Harris County; Texas","1082","170","0","15","393","117","561","157","121","92","7","13","326","109","0","15","246","104","80","57","0","15","0","15","445","160","0","15","106","53","267","132","72","85","0","15","121","63","0","15","32","51","81","64","8","15","0","15","190","54","0","15","9","16","133","38","41","43","7","13",
"1400000US48201431505","Census Tract 4315.05; Harris County; Texas","905","128","138","70","551","125","185","78","31","36","0","15","557","128","105","61","446","122","6","10","0","15","0","15","238","86","0","15","62","53","145","75","31","36","0","15","76","75","33","37","43","63","0","15","0","15","0","15","34","18","0","15","0","15","34","18","0","15","0","15",
"1400000US48201431506","Census Tract 4315.06; Harris County; Texas","1805","198","60","59","1223","212","480","159","25","40","17","29","1127","188","60","59","1058","192","9","15","0","15","0","15","470","164","0","15","73","57","397","151","0","15","0","15","105","56","0","15","35","38","53","61","0","15","17","29","103","69","0","15","57","58","21","32","25","40","0","15",
"1400000US48201431600","Census Tract 4316; Harris County; Texas","1846","178","253","110","606","163","617","184","230","74","140","109","896","172","204","96","544","158","129","100","19","22","0","15","585","173","5","8","50","32","381","137","87","47","62","101","132","73","0","15","12","18","34","36","50","45","36","38","233","87","44","68","0","15","73","45","74","49","42","37",
"1400000US48201431701","Census Tract 4317.01; Harris County; Texas","1299","142","34","37","628","165","479","150","147","106","11","20","665","185","34","37","553","160","78","82","0","15","0","15","546","158","0","15","75","57","324","135","147","106","0","15","51","54","0","15","0","15","51","54","0","15","0","15","37","33","0","15","0","15","26","28","0","15","11","20",
"1400000US48201431702","Census Tract 4317.02; Harris County; Texas","1283","165","63","48","251","128","685","137","255","107","29","31","246","141","21","25","175","135","47","38","3","7","0","15","780","148","42","43","76","64","552","144","95","59","15","24","130","78","0","15","0","15","49","42","81","71","0","15","127","53","0","15","0","15","37","35","76","55","14","22",
"1400000US48201431801","Census Tract 4318.01; Harris County; Texas","2119","233","129","69","1278","259","611","165","59","41","42","50","1111","231","117","64","966","229","28","28","0","15","0","15","614","171","0","15","170","94","380","166","30","18","34","43","326","109","12","21","142","69","149","95","23","31","0","15","68","45","0","15","0","15","54","40","6","10","8","27",
"1400000US48201431803","Census Tract 4318.03; Harris County; Texas","1555","251","145","136","931","240","409","169","70","53","0","15","939","259","124","132","729","223","68","60","18","28","0","15","523","188","21","35","120","119","341","161","41","41","0","15","27","32","0","15","16","26","0","15","11","17","0","15","66","69","0","15","66","69","0","15","0","15","0","15",
"1400000US48201431804","Census Tract 4318.04; Harris County; Texas","1426","223","45","49","796","248","525","192","60","75","0","15","557","199","18","22","438","170","101","120","0","15","0","15","655","200","27","43","221","145","372","177","35","54","0","15","169","135","0","15","92","106","52","68","25","50","0","15","45","62","0","15","45","62","0","15","0","15","0","15",
"1400000US48201431901","Census Tract 4319.01; Harris County; Texas","1535","231","68","62","900","228","317","163","250","238","0","15","866","204","47","51","651","186","56","75","112","179","0","15","429","179","21","36","157","112","238","152","13","23","0","15","230","180","0","15","92","115","13","21","125","158","0","15","10","18","0","15","0","15","10","18","0","15","0","15",
"1400000US48201431902","Census Tract 4319.02; Harris County; Texas","1580","186","167","75","1097","237","247","118","69","73","0","15","1053","232","153","72","886","241","14","22","0","15","0","15","350","130","0","15","144","94","191","117","15","22","0","15","82","77","14","22","28","46","0","15","40","57","0","15","95","62","0","15","39","41","42","35","14","32","0","15",
"1400000US48201432003","Census Tract 4320.03; Harris County; Texas","1066","139","255","137","583","193","228","136","0","15","0","15","753","183","255","137","498","196","0","15","0","15","0","15","106","86","0","15","27","46","79","83","0","15","0","15","124","118","0","15","43","66","81","103","0","15","0","15","83","66","0","15","15","33","68","68","0","15","0","15",
"1400000US48201432004","Census Tract 4320.04; Harris County; Texas","878","119","23","25","257","84","437","120","157","65","4","11","216","82","23","25","140","69","23","21","30","41","0","15","391","114","0","15","50","37","286","116","55","40","0","15","128","61","0","15","40","34","61","35","23","27","4","11","143","52","0","15","27","26","67","37","49","30","0","15",
"1400000US48201432005","Census Tract 4320.05; Harris County; Texas","1545","327","174","118","721","227","392","130","258","247","0","15","609","154","128","106","469","138","12","19","0","15","0","15","324","162","46","70","95","106","183","117","0","15","0","15","322","246","0","15","157","183","151","123","14","22","0","15","290","251","0","15","0","15","46","59","244","246","0","15",
"1400000US48201432006","Census Tract 4320.06; Harris County; Texas","1124","224","356","208","540","185","172","138","56","86","0","15","489","198","279","202","210","131","0","15","0","15","0","15","348","155","77","83","160","115","111","107","0","15","0","15","143","126","0","15","87","106","0","15","56","86","0","15","144","128","0","15","83","99","61","82","0","15","0","15",
"1400000US48201432101","Census Tract 4321.01; Harris County; Texas","1453","267","261","160","775","287","375","184","42","65","0","15","488","205","149","127","339","199","0","15","0","15","0","15","525","245","88","100","195","198","242","137","0","15","0","15","311","171","24","36","128","100","117","132","42","65","0","15","129","59","0","15","113","74","16","39","0","15","0","15",
"1400000US48201432102","Census Tract 4321.02; Harris County; Texas","1987","360","297","237","928","258","665","231","95","71","2","6","620","225","30","48","492","211","69","71","29","46","0","15","624","251","103","132","219","133","291","187","11","13","0","15","338","184","43","54","146","151","141","98","8","14","0","15","405","217","121","187","71","49","164","92","47","49","2","6",
"1400000US48201432200","Census Tract 4322; Harris County; Texas","1849","253","165","162","1001","319","612","197","71","58","0","15","747","294","142","163","605","278","0","15","0","15","0","15","516","143","14","25","139","79","329","140","34","42","0","15","446","241","9","15","224","204","187","137","26","32","0","15","140","93","0","15","33","41","96","89","11","23","0","15",
"1400000US48201432301","Census Tract 4323.01; Harris County; Texas","1808","326","243","153","1172","283","291","230","47","74","55","86","856","323","180","140","534","210","142","200","0","15","0","15","516","260","35","58","343","242","83","76","0","15","55","86","278","137","28","47","184","118","66","66","0","15","0","15","158","135","0","15","111","115","0","15","47","74","0","15",
"1400000US48201432302","Census Tract 4323.02; Harris County; Texas","949","190","90","71","482","133","377","209","0","15","0","15","333","114","69","61","264","99","0","15","0","15","0","15","401","222","0","15","163","107","238","207","0","15","0","15","73","70","0","15","0","15","73","70","0","15","0","15","142","83","21","34","55","49","66","51","0","15","0","15",
"1400000US48201432303","Census Tract 4323.03; Harris County; Texas","1332","343","69","85","684","193","537","355","42","49","0","15","424","191","16","27","367","187","41","57","0","15","0","15","652","358","0","15","154","103","470","352","28","43","0","15","94","83","47","72","18","29","15","25","14","23","0","15","162","110","6","26","145","108","11","23","0","15","0","15",
"1400000US48201432401","Census Tract 4324.01; Harris County; Texas","1642","215","56","67","1072","238","461","135","53","60","0","15","846","216","56","67","730","231","60","66","0","15","0","15","195","91","0","15","80","64","115","70","0","15","0","15","434","200","0","15","182","133","219","131","33","46","0","15","167","89","0","15","80","84","67","46","20","38","0","15",
"1400000US48201432402","Census Tract 4324.02; Harris County; Texas","1449","284","159","143","1080","361","132","91","74","93","4","13","821","329","84","87","718","331","15","21","0","15","4","13","161","118","21","30","124","103","16","25","0","15","0","15","260","167","0","15","93","104","101","87","66","90","0","15","207","115","54","85","145","106","0","15","8","16","0","15",
"1400000US48201432501","Census Tract 4325.01; Harris County; Texas","1574","211","49","87","886","229","527","196","63","53","49","40","739","208","49","87","611","199","79","74","0","15","0","15","282","120","0","15","59","54","223","118","0","15","0","15","310","137","0","15","199","118","81","68","30","32","0","15","243","134","0","15","17","25","144","134","33","40","49","40",
"1400000US48201432502","Census Tract 4325.02; Harris County; Texas","802","169","129","88","303","145","302","116","68","109","0","15","276","110","59","57","206","105","11","18","0","15","0","15","132","93","70","69","19","35","43","43","0","15","0","15","247","147","0","15","7","13","172","101","68","109","0","15","147","85","0","15","71","79","76","63","0","15","0","15",
"1400000US48201432600","Census Tract 4326; Harris County; Texas","852","191","67","66","349","101","261","75","110","88","65","93","234","108","0","15","203","91","31","44","0","15","0","15","284","85","33","53","106","64","116","47","25","24","4","8","98","65","8","12","40","55","19","17","31","29","0","15","236","135","26","40","0","15","95","30","54","82","61","93",
"1400000US48201432703","Census Tract 4327.03; Harris County; Texas","1064","149","9","16","511","150","453","152","60","62","31","40","430","139","0","15","323","139","83","68","0","15","24","38","422","151","9","16","81","73","293","131","32","50","7","11","108","74","0","15","47","61","39","30","22","34","0","15","104","100","0","15","60","94","38","31","6","12","0","15",
"1400000US48201432704","Census Tract 4327.04; Harris County; Texas","584","136","143","69","303","107","70","39","68","108","0","15","153","91","68","51","85","83","0","15","0","15","0","15","183","94","64","65","93","78","26","27","0","15","0","15","21","22","11","17","0","15","10","14","0","15","0","15","227","122","0","15","125","78","34","36","68","108","0","15",
"1400000US48201432705","Census Tract 4327.05; Harris County; Texas","1653","332","526","323","615","174","512","192","0","21","0","21","410","152","249","109","106","105","55","83","0","21","0","21","221","126","14","24","207","124","0","21","0","21","0","21","416","185","42","66","108","103","266","144","0","21","0","21","606","342","221","303","194","118","191","119","0","21","0","21",
"1400000US48201432706","Census Tract 4327.06; Harris County; Texas","730","132","223","110","329","142","170","86","8","13","0","15","219","103","71","67","148","84","0","15","0","15","0","15","179","85","68","69","81","75","22","34","8","13","0","15","71","57","0","15","8","12","63","57","0","15","0","15","261","134","84","76","92","100","85","65","0","15","0","15",
"1400000US48201432803","Census Tract 4328.03; Harris County; Texas","1149","210","115","83","886","229","148","67","0","15","0","15","544","213","35","39","484","216","25","33","0","15","0","15","239","117","0","15","233","117","6","15","0","15","0","15","193","110","80","74","106","99","7","12","0","15","0","15","173","69","0","15","63","56","110","54","0","15","0","15",
"1400000US48201432804","Census Tract 4328.04; Harris County; Texas","828","139","100","55","421","74","229","103","78","72","0","15","226","74","37","21","170","66","10","10","9","14","0","15","214","83","0","15","104","54","106","65","4","9","0","15","257","131","36","30","71","50","97","81","53","68","0","15","131","63","27","35","76","54","16","14","12","19","0","15",
"1400000US48201432805","Census Tract 4328.05; Harris County; Texas","784","156","236","112","397","177","151","93","0","15","0","15","203","101","36","48","139","89","28","32","0","15","0","15","109","79","40","38","69","63","0","15","0","15","0","15","214","110","118","90","13","21","83","80","0","15","0","15","258","160","42","47","176","164","40","38","0","15","0","15",
"1400000US48201432806","Census Tract 4328.06; Harris County; Texas","1775","180","636","168","771","214","317","156","51","73","0","15","577","151","220","113","334","114","23","27","0","15","0","15","662","235","242","138","241","188","179","128","0","15","0","15","229","125","100","81","55","62","69","66","5","10","0","15","307","149","74","60","141","101","46","50","46","70","0","15",
"1400000US48201432901","Census Tract 4329.01; Harris County; Texas","1193","153","163","73","655","172","322","132","53","48","0","15","228","100","54","47","146","80","28","45","0","15","0","15","293","119","50","48","133","89","110","80","0","15","0","15","324","130","59","56","136","92","104","73","25","29","0","15","348","163","0","15","240","152","80","78","28","43","0","15",
"1400000US48201432903","Census Tract 4329.03; Harris County; Texas","732","61","145","100","405","97","105","56","77","70","0","15","125","49","16","21","107","55","2","4","0","15","0","15","268","82","75","78","167","66","26","25","0","15","0","15","92","53","7","27","74","38","11","19","0","15","0","15","247","100","47","40","57","60","66","46","77","70","0","15",
"1400000US48201432904","Census Tract 4329.04; Harris County; Texas","1564","231","117","77","1027","263","382","142","4","11","34","39","470","189","35","41","417","190","18","26","0","15","0","15","371","114","9","14","220","107","138","72","4","11","0","15","398","213","60","65","195","194","130","102","0","15","13","20","325","103","13","18","195","80","96","87","0","15","21","33",
"1400000US48201433003","Census Tract 4330.03; Harris County; Texas","2055","271","649","215","938","270","382","269","86","85","0","21","596","204","314","153","270","160","12","18","0","21","0","21","648","245","269","168","288","160","69","85","22","34","0","21","307","138","66","78","210","142","31","39","0","21","0","21","504","282","0","21","170","121","270","258","64","76","0","21",
"1400000US48201433004","Census Tract 4330.04; Harris County; Texas","762","97","289","88","379","109","94","84","0","15","0","15","58","55","44","49","14","23","0","15","0","15","0","15","305","127","145","76","129","95","31","50","0","15","0","15","254","102","100","73","125","53","29","45","0","15","0","15","145","87","0","15","111","81","34","56","0","15","0","15",
"1400000US48201433005","Census Tract 4330.05; Harris County; Texas","809","113","249","123","462","96","64","44","34","43","0","15","171","92","17","28","154","92","0","15","0","15","0","15","328","123","159","113","141","72","28","31","0","15","0","15","177","81","35","39","103","61","5","8","34","43","0","15","133","55","38","33","64","40","31","24","0","15","0","15",
"1400000US48201433006","Census Tract 4330.06; Harris County; Texas","926","118","298","111","495","146","115","77","0","15","18","29","285","129","88","67","197","117","0","15","0","15","0","15","265","111","71","58","165","94","29","36","0","15","0","15","169","85","43","51","111","63","15","25","0","15","0","15","207","103","96","71","22","35","71","66","0","15","18","29",
"1400000US48201433007","Census Tract 4330.07; Harris County; Texas","531","105","114","61","292","108","118","90","0","15","7","11","89","42","8","13","67","39","14","23","0","15","0","15","113","64","48","48","43","46","22","26","0","15","0","15","159","82","31","33","121","82","0","15","0","15","7","11","170","98","27","30","61","72","82","82","0","15","0","15",
"1400000US48201433100","Census Tract 4331; Harris County; Texas","1100","246","299","129","568","233","130","95","83","64","20","31","226","139","42","49","151","147","33","54","0","15","0","15","202","105","110","71","85","81","7","11","0","15","0","15","243","116","89","72","102","77","52","60","0","15","0","15","429","161","58","53","230","145","38","45","83","64","20","31",
"1400000US48201433201","Census Tract 4332.01; Harris County; Texas","1643","157","103","88","829","216","562","176","81","67","68","68","416","154","59","73","312","121","45","47","0","15","0","15","688","190","38","47","359","197","240","105","9","14","42","59","250","125","6","12","101","90","143","104","0","15","0","15","289","116","0","15","57","62","134","98","72","66","26","47",
"1400000US48201433202","Census Tract 4332.02; Harris County; Texas","1263","115","73","55","539","176","348","146","264","98","39","51","298","95","24","36","218","92","56","44","0","15","0","15","407","127","12","19","244","133","104","74","47","50","0","15","114","71","13","23","23","37","12","20","66","50","0","15","444","108","24","36","54","68","176","111","151","87","39","51",
"1400000US48201433300","Census Tract 4333; Harris County; Texas","1764","265","50","50","526","142","780","246","258","140","150","118","356","134","0","15","349","134","0","15","0","15","7","12","650","228","9","16","74","51","503","223","44","38","20","19","382","144","7","12","58","56","128","80","156","125","33","33","376","171","34","48","45","57","149","91","58","50","90","112",
"1400000US48201433400","Census Tract 4334; Harris County; Texas","1728","281","417","175","757","177","351","258","166","155","37","43","434","173","203","142","231","125","0","15","0","15","0","15","524","151","44","67","301","125","179","101","0","15","0","15","363","125","104","84","163","99","17","26","79","71","0","15","407","259","66","58","62","66","155","217","87","133","37","43",
"1400000US48201433503","Census Tract 4335.03; Harris County; Texas","695","145","60","55","389","131","212","113","34","42","0","15","128","60","18","29","110","57","0","15","0","15","0","15","109","59","25","31","26","33","58","36","0","15","0","15","144","85","0","15","120","87","24","40","0","15","0","15","314","154","17","25","133","115","130","108","34","42","0","15",
"1400000US48201433504","Census Tract 4335.04; Harris County; Texas","1116","146","271","115","722","174","111","87","12","18","0","15","228","146","44","50","184","137","0","15","0","15","0","15","342","136","49","56","248","120","45","47","0","15","0","15","186","100","72","58","114","81","0","15","0","15","0","15","360","132","106","88","176","100","66","75","12","18","0","15",
"1400000US48201433505","Census Tract 4335.05; Harris County; Texas","751","59","137","87","505","120","107","64","2","10","0","15","90","71","4","10","86","71","0","15","0","15","0","15","225","74","8","16","190","77","27","29","0","15","0","15","255","96","100","80","118","71","37","44","0","15","0","15","181","88","25","34","111","73","43","37","2","10","0","15",
"1400000US48201433506","Census Tract 4335.06; Harris County; Texas","682","49","131","83","333","100","218","91","0","15","0","15","273","94","8","12","168","90","97","74","0","15","0","15","143","96","39","60","65","58","39","51","0","15","0","15","114","83","69","60","0","15","45","63","0","15","0","15","152","85","15","25","100","74","37","36","0","15","0","15",
"1400000US48201433507","Census Tract 4335.07; Harris County; Texas","1188","158","404","189","588","152","89","67","76","81","31","50","463","183","151","139","299","124","13","21","0","15","0","15","314","135","171","103","112","86","0","15","31","47","0","15","134","92","37","46","81","77","16","25","0","15","0","15","277","137","45","70","96","97","60","60","45","65","31","50",
"1400000US48201433601","Census Tract 4336.01; Harris County; Texas","1057","107","160","117","721","140","176","122","0","15","0","15","170","120","49","59","121","111","0","15","0","15","0","15","371","150","41","68","291","158","39","62","0","15","0","15","342","169","48","75","239","127","55","85","0","15","0","15","174","101","22","29","70","82","82","59","0","15","0","15",
"1400000US48201433602","Census Tract 4336.02; Harris County; Texas","1662","291","156","114","982","188","413","242","101","152","10","23","626","285","30","42","425","182","171","210","0","15","0","15","435","152","43","51","258","136","134","79","0","15","0","15","222","138","59","89","124","96","39","40","0","15","0","15","379","209","24","37","175","116","69","70","101","152","10","23",
"1400000US48201440101","Census Tract 4401.01; Harris County; Texas","818","288","187","135","333","216","251","269","47","50","0","15","250","150","114","117","136","128","0","15","0","15","0","15","366","286","73","76","47","76","229","268","17","26","0","15","78","82","0","15","50","79","22","35","6","12","0","15","124","161","0","15","100","153","0","15","24","40","0","15",
"1400000US48201440102","Census Tract 4401.02; Harris County; Texas","1953","370","22","25","799","232","615","271","448","214","69","67","658","229","11","19","541","208","49","54","57","93","0","15","775","333","11","17","114","106","451","259","199","174","0","15","213","101","0","15","68","57","20","25","110","82","15","24","307","93","0","15","76","114","95","82","82","64","54","62",
"1400000US48201450100","Census Tract 4501; Harris County; Texas","708","81","2","3","282","95","272","59","115","53","37","28","234","85","2","3","186","91","17","17","29","40","0","15","129","50","0","15","15","24","77","41","22","22","15","21","152","65","0","15","74","54","40","32","26","21","12","16","193","50","0","15","7","12","138","47","38","28","10","13",
"1400000US48201450200","Census Tract 4502; Harris County; Texas","2193","279","34","35","798","224","927","238","239","108","195","184","574","211","14","24","560","208","0","21","0","21","0","21","579","166","0","21","132","78","430","152","17","20","0","21","376","212","0","21","23","37","80","53","115","76","158","191","664","197","20","23","83","100","417","189","107","66","37","30",
"1400000US48201450301","Census Tract 4503.01; Harris County; Texas","1066","170","36","58","465","171","491","144","38","38","36","51","271","145","0","15","236","138","35","53","0","15","0","15","337","155","0","15","88","80","224","131","25","30","0","15","172","146","0","15","127","137","45","59","0","15","0","15","286","109","36","58","14","24","187","72","13","25","36","51",
"1400000US48201450302","Census Tract 4503.02; Harris County; Texas","2404","321","0","21","1417","191","829","286","116","71","42","65","783","252","0","21","744","254","39","43","0","21","0","21","872","381","0","21","374","256","472","267","26","34","0","21","265","121","0","21","49","72","126","101","90","70","0","21","484","113","0","21","250","120","192","187","0","21","42","65",
"1400000US48201450401","Census Tract 4504.01; Harris County; Texas","1073","159","43","68","610","166","390","142","30","31","0","15","580","177","43","68","512","172","25","32","0","15","0","15","299","147","0","15","84","89","215","128","0","15","0","15","76","59","0","15","0","15","68","56","8","13","0","15","118","41","0","15","14","18","82","42","22","27","0","15",
"1400000US48201450402","Census Tract 4504.02; Harris County; Texas","1172","291","46","49","544","271","443","136","104","62","35","31","561","257","39","46","472","264","50","38","0","15","0","15","315","143","0","15","14","22","271","135","30","38","0","15","195","123","0","15","37","64","82","79","57","66","19","23","101","49","7","12","21","26","40","41","17","26","16","25",
"1400000US48201450500","Census Tract 4505; Harris County; Texas","1498","131","67","45","562","150","750","118","86","65","33","32","455","132","11","18","383","121","61","58","0","15","0","15","517","105","12","14","79","53","374","88","33","51","19","23","323","115","9","13","91","92","176","79","47","37","0","15","203","76","35","33","9","14","139","64","6","13","14","22",
"1400000US48201450600","Census Tract 4506; Harris County; Texas","2601","303","198","168","1176","241","790","198","405","253","32","40","877","255","145","149","719","222","0","21","13","23","0","21","924","294","0","21","257","137","401","146","266","255","0","21","496","266","0","21","200","222","222","136","54","48","20","33","304","149","53","76","0","21","167","126","72","62","12","23",
"1400000US48201450700","Census Tract 4507; Harris County; Texas","2202","239","15","24","257","116","1581","267","225","104","124","64","217","136","0","21","163","119","54","56","0","21","0","21","799","175","15","24","71","56","656","190","46","61","11","20","179","89","0","21","23","44","74","58","54","51","28","35","1007","220","0","21","0","21","797","215","125","83","85","53",
"1400000US48201450801","Census Tract 4508.01; Harris County; Texas","1021","135","42","63","530","178","336","144","84","63","29","31","348","176","0","15","340","177","8","12","0","15","0","15","415","176","42","63","136","92","210","135","12","24","15","23","118","68","0","15","39","58","45","30","34","37","0","15","140","88","0","15","15","25","73","81","38","40","14","22",
"1400000US48201450803","Census Tract 4508.03; Harris County; Texas","1614","317","178","133","625","306","624","174","169","144","18","28","259","109","6","10","192","110","46","45","15","25","0","15","648","275","40","49","220","236","290","125","98","119","0","15","459","193","132","126","136","128","135","112","56","77","0","15","248","150","0","15","77","85","153","103","0","15","18","28",
"1400000US48201450804","Census Tract 4508.04; Harris County; Texas","1124","212","12","19","505","172","502","223","105","101","0","15","514","201","12","19","421","169","81","118","0","15","0","15","327","158","0","15","43","43","284","158","0","15","0","15","111","106","0","15","0","15","21","39","90","101","0","15","172","93","0","15","41","61","116","79","15","25","0","15",
"1400000US48201450900","Census Tract 4509; Harris County; Texas","1416","287","8","13","588","245","674","222","105","58","41","49","673","261","8","13","508","235","132","160","0","15","25","41","399","173","0","15","46","34","290","160","63","49","0","15","220","73","0","15","17","22","161","81","42","39","0","15","124","75","0","15","17","24","91","70","0","15","16","26",
"1400000US48201451003","Census Tract 4510.03; Harris County; Texas","1669","406","157","143","1209","425","201","102","86","84","16","25","735","349","86","132","633","355","0","15","0","15","16","25","340","179","38","46","235","156","67","92","0","15","0","15","364","230","0","15","209","212","98","61","57","72","0","15","230","161","33","54","132","147","36","43","29","43","0","15",
"1400000US48201451004","Census Tract 4510.04; Harris County; Texas","857","227","26","30","663","228","128","99","0","15","40","60","441","219","26","30","415","216","0","15","0","15","0","15","167","121","0","15","39","73","128","99","0","15","0","15","178","150","0","15","178","150","0","15","0","15","0","15","71","81","0","15","31","50","0","15","0","15","40","60",
"1400000US48201451005","Census Tract 4510.05; Harris County; Texas","1073","191","343","204","504","159","210","112","16","26","0","15","681","225","264","198","326","152","91","94","0","15","0","15","115","68","5","10","65","48","45","47","0","15","0","15","157","104","74","76","67","80","0","15","16","26","0","15","120","101","0","15","46","71","74","70","0","15","0","15",
"1400000US48201451006","Census Tract 4510.06; Harris County; Texas","1215","248","94","62","540","297","443","164","132","105","6","10","417","170","0","15","322","187","95","80","0","15","0","15","601","200","24","33","218","198","269","118","84","87","6","10","111","60","32","45","0","15","50","43","29","42","0","15","86","38","38","25","0","15","29","36","19","26","0","15",
"1400000US48201451100","Census Tract 4511; Harris County; Texas","1827","212","287","137","634","226","740","219","163","130","3","29","666","215","149","86","437","189","27","35","53","56","0","15","674","212","138","133","167","98","346","163","23","35","0","15","260","182","0","15","0","15","180","134","77","105","3","29","227","109","0","15","30","28","187","111","10","17","0","15",
"1400000US48201451200","Census Tract 4512; Harris County; Texas","1028","130","8","13","175","72","604","113","219","123","22","30","102","60","8","13","85","57","9","15","0","15","0","15","462","96","0","15","38","33","348","89","76","63","0","15","177","67","0","15","41","35","99","47","37","38","0","15","287","137","0","15","11","17","148","74","106","113","22","30",
"1400000US48201451301","Census Tract 4513.01; Harris County; Texas","1878","323","360","228","673","235","767","286","78","59","0","15","649","221","164","189","344","142","141","133","0","15","0","15","800","308","155","198","276","193","360","239","9","14","0","15","150","87","0","15","3","10","78","64","69","57","0","15","279","147","41","68","50","73","188","94","0","15","0","15",
"1400000US48201451302","Census Tract 4513.02; Harris County; Texas","1110","203","0","15","246","93","691","185","156","87","17","20","261","102","0","15","169","78","41","51","51","65","0","15","403","126","0","15","58","42","319","116","9","14","17","20","219","107","0","15","19","31","132","93","68","45","0","15","227","134","0","15","0","15","199","134","28","32","0","15",
"1400000US48201451401","Census Tract 4514.01; Harris County; Texas","1713","243","132","83","900","178","533","156","118","70","30","36","877","242","85","66","677","176","115","116","0","15","0","15","497","155","47","50","172","96","251","100","27","29","0","15","75","56","0","15","2","5","41","50","32","31","0","15","264","94","0","15","49","54","126","84","59","53","30","36",
"1400000US48201451404","Census Tract 4514.04; Harris County; Texas","2051","342","244","218","1148","355","493","311","124","169","42","43","1239","355","173","192","799","332","154","223","113","168","0","15","361","179","57","83","145","107","159","121","0","15","0","15","277","215","0","15","204","198","62","68","11","17","0","15","174","121","14","23","0","15","118","121","0","15","42","43",
"1400000US48201451405","Census Tract 4514.05; Harris County; Texas","1332","289","290","275","563","279","468","177","7","11","4","7","618","318","290","275","290","227","38","47","0","15","0","15","350","160","0","15","186","127","164","130","0","15","0","15","61","60","0","15","0","15","61","60","0","15","0","15","303","193","0","15","87","118","205","164","7","11","4","7",
"1400000US48201451406","Census Tract 4514.06; Harris County; Texas","1586","274","111","140","1134","293","320","127","21","31","0","15","1091","292","82","125","993","297","16","27","0","15","0","15","323","130","29","50","33","49","240","103","21","31","0","15","123","68","0","15","92","55","31","30","0","15","0","15","49","42","0","15","16","30","33","29","0","15","0","15",
"1400000US48201451407","Census Tract 4514.07; Harris County; Texas","968","314","139","93","729","306","100","83","0","15","0","15","632","225","133","95","480","238","19","30","0","15","0","15","103","80","6","13","28","30","69","73","0","15","0","15","124","179","0","15","112","177","12","19","0","15","0","15","109","44","0","15","109","44","0","15","0","15","0","15",
"1400000US48201451501","Census Tract 4515.01; Harris County; Texas","1879","471","59","54","1365","472","438","178","17","19","0","15","1105","298","59","54","955","295","91","111","0","15","0","15","594","429","0","15","324","405","259","145","11","15","0","15","152","96","0","15","58","56","88","81","6","11","0","15","28","35","0","15","28","35","0","15","0","15","0","15",
"1400000US48201451502","Census Tract 4515.02; Harris County; Texas","1506","115","154","124","857","173","396","89","38","41","61","75","748","172","103","107","581","181","17","24","0","15","47","74","469","177","51","78","141","103","256","81","7","11","14","22","198","106","0","15","110","88","64","56","24","37","0","15","91","32","0","15","25","31","59","33","7","12","0","15",
"1400000US48201451603","Census Tract 4516.03; Harris County; Texas","1460","246","117","61","664","238","512","115","129","74","38","41","470","243","106","58","295","224","36","49","0","15","33","40","471","164","11","21","249","139","185","92","26","33","0","15","295","104","0","15","67","63","184","81","39","37","5","11","224","93","0","15","53","62","107","61","64","57","0","15",
"1400000US48201451604","Census Tract 4516.04; Harris County; Texas","1680","298","140","83","697","253","639","139","197","169","7","14","570","260","133","84","417","252","20","23","0","15","0","15","704","222","7","11","215","68","338","114","139","165","5","9","251","93","0","15","65","56","170","72","16","25","0","15","155","61","0","15","0","15","111","56","42","30","2","10",
"1400000US48201451605","Census Tract 4516.05; Harris County; Texas","1480","285","0","15","998","266","384","229","98","110","0","15","645","262","0","15","645","262","0","15","0","15","0","15","436","278","0","15","179","181","257","212","0","15","0","15","149","97","0","15","62","73","55","49","32","44","0","15","250","185","0","15","112","96","72","78","66","99","0","15",
"1400000US48201451606","Census Tract 4516.06; Harris County; Texas","2070","351","40","64","409","172","1032","264","185","96","404","298","208","134","0","21","193","131","0","21","15","25","0","21","691","258","0","21","69","56","585","247","37","38","0","21","583","259","40","64","102","135","353","207","36","45","52","58","588","305","0","21","45","56","94","92","97","65","352","294",
"1400000US48201451700","Census Tract 4517; Harris County; Texas","1912","322","126","178","791","192","741","264","169","88","85","101","617","236","126","178","365","130","126","111","0","15","0","15","474","205","0","15","194","116","264","165","16","24","0","15","468","214","0","15","182","141","174","158","102","63","10","16","353","180","0","15","50","46","177","127","51","59","75","101",
"1400000US48201451800","Census Tract 4518; Harris County; Texas","1834","188","99","93","279","144","988","197","278","148","190","126","223","131","0","21","205","129","0","21","0","21","18","28","649","176","60","72","57","52","481","150","13","24","38","42","311","158","0","21","17","26","137","121","122","104","35","42","651","211","39","58","0","21","370","152","143","107","99","105",
"1400000US48201451902","Census Tract 4519.02; Harris County; Texas","893","106","12","13","231","69","421","92","126","57","103","92","168","62","5","9","153","59","4","6","6","11","0","15","384","77","7","9","75","41","280","74","22","23","0","15","111","68","0","15","0","15","82","56","29","24","0","15","230","102","0","15","3","6","55","29","69","46","103","92",
"1400000US48201451903","Census Tract 4519.03; Harris County; Texas","1747","174","460","203","1101","236","129","88","57","80","0","15","738","207","270","161","468","195","0","15","0","15","0","15","493","208","47","56","377","194","12","27","57","80","0","15","230","174","52","59","153","167","25","37","0","15","0","15","286","128","91","84","103","102","92","77","0","15","0","15",
"1400000US48201451904","Census Tract 4519.04; Harris County; Texas","1230","175","0","15","521","151","406","163","163","131","140","84","385","158","0","15","385","158","0","15","0","15","0","15","256","114","0","15","136","105","120","68","0","15","0","15","240","118","0","15","0","15","107","79","68","67","65","67","349","158","0","15","0","15","179","108","95","120","75","64",
"1400000US48201452001","Census Tract 4520.01; Harris County; Texas","2079","352","129","174","1069","430","746","295","90","114","45","71","469","266","129","174","334","244","0","21","6","10","0","21","367","168","0","21","175","135","192","110","0","21","0","21","595","362","0","21","381","319","169","140","0","21","45","71","648","276","0","21","179","133","385","294","84","114","0","21",
"1400000US48201452002","Census Tract 4520.02; Harris County; Texas","1915","255","306","211","986","240","542","221","81","90","0","15","968","325","275","207","590","254","103","103","0","15","0","15","422","200","8","14","121","126","250","160","43","64","0","15","441","192","23","39","235","201","145","144","38","46","0","15","84","111","0","15","40","79","44","66","0","15","0","15",
"1400000US48201452101","Census Tract 4521.01; Harris County; Texas","3665","447","235","225","2021","372","1155","379","95","84","159","173","1533","425","215","224","1215","380","103","91","0","21","0","21","1377","455","20","32","513","303","698","341","0","21","146","169","468","171","0","21","235","154","172","119","61","64","0","21","287","165","0","21","58","73","182","137","34","54","13","23",
"1400000US48201452102","Census Tract 4521.02; Harris County; Texas","914","169","42","57","601","149","260","170","11","16","0","15","350","141","0","15","350","141","0","15","0","15","0","15","396","100","36","55","229","86","131","93","0","15","0","15","59","50","0","15","22","24","37","44","0","15","0","15","109","127","6","11","0","15","92","127","11","16","0","15",
"1400000US48201452103","Census Tract 4521.03; Harris County; Texas","757","149","35","58","486","222","189","188","47","57","0","15","78","91","0","15","78","91","0","15","0","15","0","15","288","221","0","15","288","221","0","15","0","15","0","15","162","112","35","58","96","87","16","24","15","24","0","15","229","184","0","15","24","37","173","186","32","53","0","15",
"1400000US48201452202","Census Tract 4522.02; Harris County; Texas","1703","313","246","204","935","269","452","145","70","68","0","15","866","280","139","181","654","204","73","62","0","15","0","15","539","176","107","104","190","125","242","109","0","15","0","15","159","123","0","15","0","15","89","97","70","68","0","15","139","163","0","15","91","155","48","55","0","15","0","15",
"1400000US48201452203","Census Tract 4522.03; Harris County; Texas","1122","168","253","119","681","181","188","129","0","15","0","15","597","155","166","92","419","138","12","20","0","15","0","15","292","140","87","91","154","95","51","51","0","15","0","15","96","108","0","15","96","108","0","15","0","15","0","15","137","117","0","15","12","33","125","114","0","15","0","15",
"1400000US48201452204","Census Tract 4522.04; Harris County; Texas","1319","172","172","111","668","200","445","168","34","41","0","15","525","183","61","62","452","177","12","18","0","15","0","15","644","174","79","85","208","117","337","167","20","31","0","15","96","81","15","23","8","32","73","65","0","15","0","15","54","54","17","29","0","15","23","37","14","26","0","15",
"1400000US48201452300","Census Tract 4523; Harris County; Texas","833","154","48","32","252","129","322","104","135","61","76","54","216","90","33","25","133","89","19","27","31","40","0","15","252","96","15","23","100","81","132","61","5","9","0","15","139","63","0","15","0","15","96","68","43","31","0","15","226","81","0","15","19","26","75","50","56","45","76","54",
"1400000US48201452401","Census Tract 4524.01; Harris County; Texas","1284","195","0","15","480","150","615","233","153","94","36","53","374","176","0","15","219","107","155","113","0","15","0","15","317","135","0","15","129","85","152","106","36","46","0","15","307","183","0","15","35","49","240","178","32","33","0","15","286","166","0","15","97","133","68","81","85","66","36","53",
"1400000US48201452402","Census Tract 4524.02; Harris County; Texas","1239","257","97","72","310","131","430","242","214","118","188","137","193","92","19","31","125","87","49","57","0","15","0","15","251","110","53","59","68","67","85","59","45","49","0","15","271","133","0","15","102","95","89","80","62","68","18","27","524","247","25","35","15","24","207","209","107","103","170","138",
"1400000US48201452501","Census Tract 4525.01; Harris County; Texas","820","187","65","54","328","175","287","101","58","55","82","72","148","101","57","54","91","88","0","15","0","15","0","15","272","192","8","12","167","166","93","77","4","8","0","15","215","97","0","15","63","67","91","47","30","38","31","48","185","90","0","15","7","11","103","62","24","39","51","60",
"1400000US48201452502","Census Tract 4525.02; Harris County; Texas","1574","254","175","117","508","251","549","235","205","149","137","104","472","224","148","113","248","189","76","89","0","15","0","15","299","135","0","15","68","57","130","102","39","62","62","91","258","112","13","21","25","33","162","99","58","54","0","15","545","231","14","24","167","160","181","160","108","107","75","54",
"1400000US48201452601","Census Tract 4526.01; Harris County; Texas","1981","517","352","217","951","454","571","208","91","84","16","45","654","411","20","37","527","403","74","76","33","51","0","21","522","247","142","136","275","214","105","104","0","21","0","21","383","166","124","154","37","43","222","111","0","21","0","21","422","166","66","103","112","81","170","113","58","67","16","45",
"1400000US48201452602","Census Tract 4526.02; Harris County; Texas","924","172","135","81","234","151","239","78","199","79","117","67","183","69","78","52","82","54","8","15","15","22","0","15","325","181","17","22","148","149","147","76","13","17","0","15","114","63","0","15","0","15","10","15","104","60","0","15","302","72","40","51","4","12","74","26","67","47","117","67",
"1400000US48201452701","Census Tract 4527.01; Harris County; Texas","1262","217","35","45","189","113","474","177","258","207","306","134","224","90","35","45","140","107","49","43","0","15","0","15","323","224","0","15","0","15","154","98","169","203","0","15","322","132","0","15","32","52","188","156","63","46","39","50","393","122","0","15","17","26","83","64","26","36","267","140",
"1400000US48201452702","Census Tract 4527.02; Harris County; Texas","1506","345","452","320","275","139","400","136","122","68","257","174","399","324","335","316","57","41","7","11","0","15","0","15","481","170","117","97","179","130","185","106","0","15","0","15","197","98","0","15","22","25","109","86","31","35","35","45","429","176","0","15","17","29","99","87","91","55","222","169",
"1400000US48201452703","Census Tract 4527.03; Harris County; Texas","1297","163","85","70","397","157","467","184","199","126","149","98","248","157","0","15","169","128","65","98","0","15","14","20","301","158","38","52","79","69","136","111","48","49","0","15","347","144","32","49","82","64","116","109","88","99","29","33","401","169","15","28","67","80","150","123","63","50","106","73",
"1400000US48201452801","Census Tract 4528.01; Harris County; Texas","1825","187","146","90","455","123","767","169","323","153","134","82","484","176","98","90","261","109","92","78","33","49","0","21","422","121","26","33","149","65","219","88","28","30","0","21","323","132","12","24","24","30","207","112","48","42","32","37","596","188","10","15","21","33","249","108","214","140","102","76",
"1400000US48201452802","Census Tract 4528.02; Harris County; Texas","1757","177","175","126","587","168","651","170","206","119","138","78","369","151","80","83","246","130","43","69","0","21","0","21","475","167","29","41","220","128","176","83","50","80","0","21","418","162","66","75","86","92","102","74","142","91","22","35","495","141","0","21","35","42","330","142","14","24","116","79",
"1400000US48201452900","Census Tract 4529; Harris County; Texas","1304","298","48","40","274","126","438","146","354","275","190","124","138","76","19","30","72","47","47","49","0","15","0","15","255","111","9","15","113","89","94","73","33","51","6","10","234","124","9","14","89","88","85","69","15","26","36","58","677","290","11","18","0","15","212","123","306","279","148","110",
"1400000US48201453001","Census Tract 4530.01; Harris County; Texas","889","364","20","33","350","163","383","345","88","57","48","39","155","96","20","33","126","92","9","15","0","15","0","15","114","100","0","15","70","80","23","28","21","39","0","15","118","37","0","15","59","30","13","24","22","27","24","36","502","359","0","15","95","96","338","345","45","42","24","26",
"1400000US48201453002","Census Tract 4530.02; Harris County; Texas","1361","165","119","95","249","144","521","221","174","107","298","153","191","95","87","77","104","106","0","21","0","21","0","21","319","132","0","21","47","55","184","109","63","65","25","38","233","140","7","11","76","82","92","119","50","51","8","13","618","151","25","43","22","35","245","171","61","69","265","149",
"1400000US48201453100","Census Tract 4531; Harris County; Texas","1379","190","289","131","585","168","293","148","127","109","85","77","478","157","228","122","230","122","13","18","6","12","1","11","198","122","26","26","86","78","45","55","41","60","0","15","230","133","35","41","66","76","129","118","0","15","0","15","473","195","0","15","203","120","106","91","80","88","84","77",
"1400000US48201453201","Census Tract 4532.01; Harris County; Texas","1530","504","319","144","821","501","268","154","122","81","0","15","643","489","213","125","430","485","0","15","0","15","0","15","302","146","81","89","68","78","153","109","0","15","0","15","185","85","0","15","141","128","44","68","0","15","0","15","400","202","25","46","182","141","71","80","122","81","0","15",
"1400000US48201453202","Census Tract 4532.02; Harris County; Texas","1540","314","110","129","984","336","245","113","117","141","84","79","199","126","45","73","139","105","15","23","0","21","0","21","584","231","0","21","460","217","115","89","9","16","0","21","250","167","65","109","79","115","56","57","0","21","50","80","507","330","0","21","306","289","59","65","108","140","34","34",
"1400000US48201453300","Census Tract 4533; Harris County; Texas","1664","348","146","133","838","315","521","270","127","105","32","51","487","266","79","93","188","165","177","188","43","70","0","15","505","193","67","100","255","156","161","132","22","34","0","15","271","140","0","15","191","116","56","65","24","36","0","15","401","251","0","15","204","203","127","115","38","57","32","51",
"1400000US48201453401","Census Tract 4534.01; Harris County; Texas","997","131","27","44","243","132","353","136","287","130","87","83","75","60","0","15","48","47","27","38","0","15","0","15","232","111","27","44","101","89","104","59","0","15","0","15","278","140","0","15","33","52","164","107","81","73","0","15","412","145","0","15","61","77","58","44","206","120","87","83",
"1400000US48201453403","Census Tract 4534.03; Harris County; Texas","1461","269","128","65","630","166","515","257","132","72","56","63","425","111","69","50","335","109","0","15","21","31","0","15","283","136","45","41","96","65","96","120","46","50","0","15","339","149","0","15","75","74","154","110","65","47","45","61","414","245","14","23","124","99","265","216","0","15","11","18",
"1400000US48201453404","Census Tract 4534.04; Harris County; Texas","1342","94","144","120","371","119","423","126","273","118","131","83","260","119","49","80","176","109","35","42","0","15","0","15","356","171","23","31","158","95","162","112","13","23","0","15","249","106","55","78","0","15","18","24","176","93","0","15","477","130","17","26","37","51","208","91","84","79","131","83",
"1400000US48201453405","Census Tract 4534.05; Harris County; Texas","1519","286","46","54","714","284","685","257","74","79","0","15","308","239","0","15","308","239","0","15","0","15","0","15","465","195","25","40","184","144","256","187","0","15","0","15","325","193","21","34","48","80","203","159","53","68","0","15","421","200","0","15","174","144","226","151","21","35","0","15",
"1400000US48201453501","Census Tract 4535.01; Harris County; Texas","2053","169","191","167","684","364","791","344","290","233","97","98","421","296","64","68","337","285","20","29","0","21","0","21","718","221","44","55","222","165","450","252","2","3","0","21","344","222","83","131","11","27","183","194","67","100","0","21","570","234","0","21","114","141","138","123","221","214","97","98",
"1400000US48201453502","Census Tract 4535.02; Harris County; Texas","1053","77","17","26","343","156","422","176","166","96","105","63","64","52","17","26","47","45","0","15","0","15","0","15","323","133","0","15","111","72","197","131","0","15","15","23","301","125","0","15","130","104","50","58","83","74","38","42","365","146","0","15","55","83","175","116","83","65","52","43",
"1400000US48201453601","Census Tract 4536.01; Harris County; Texas","475","84","29","26","146","65","184","69","66","46","50","41","87","54","0","15","74","52","13","21","0","15","0","15","159","61","7","12","46","45","59","41","47","41","0","15","17","21","0","15","5","7","12","20","0","15","0","15","212","71","22","23","21","22","100","63","19","23","50","41",
"1400000US48201453603","Census Tract 4536.03; Harris County; Texas","1164","240","214","251","459","169","322","158","144","101","25","35","245","111","62","58","183","113","0","15","0","15","0","15","345","222","152","240","60","48","125","105","8","13","0","15","190","136","0","15","30","29","131","110","29","47","0","15","384","195","0","15","186","181","66","63","107","98","25","35",
"1400000US48201453604","Census Tract 4536.04; Harris County; Texas","1065","144","88","73","161","109","481","172","208","112","127","115","95","75","53","63","42","39","0","15","0","15","0","15","256","136","0","15","43","43","185","130","28","42","0","15","310","123","0","15","76","98","153","129","81","67","0","15","404","153","35","43","0","15","143","116","99","80","127","115",
"1400000US48201453701","Census Tract 4537.01; Harris County; Texas","1276","242","99","95","359","222","465","121","174","112","179","142","111","91","0","15","26","34","85","86","0","15","0","15","373","249","43","59","176","207","139","94","1","14","14","24","176","94","16","26","0","15","76","64","45","48","39","46","616","194","40","66","157","93","165","63","128","101","126","132",
"1400000US48201453702","Census Tract 4537.02; Harris County; Texas","1273","224","4","12","698","178","275","193","149","88","147","74","272","155","0","15","221","145","11","19","40","60","0","15","307","147","4","12","227","154","63","70","13","33","0","15","155","87","0","15","8","15","65","80","16","38","66","43","539","241","0","15","242","149","136","181","80","62","81","68",
"1400000US48201453800","Census Tract 4538; Harris County; Texas","1097","166","209","114","286","152","236","117","165","88","201","90","324","165","103","93","191","148","15","23","0","15","15","23","241","97","81","83","88","69","51","38","9","14","12","20","95","61","6","11","0","15","53","47","36","36","0","15","437","122","19","29","7","14","117","97","120","80","174","86",
"1400000US48201453901","Census Tract 4539.01; Harris County; Texas","1699","237","110","92","492","145","484","175","212","108","401","216","331","144","48","74","228","118","12","19","43","65","0","21","302","109","13","20","128","74","136","84","25","29","0","21","214","106","0","21","75","65","83","61","46","49","10","17","852","228","49","52","61","76","253","145","98","72","391","213",
"1400000US48201453902","Census Tract 4539.02; Harris County; Texas","1108","187","0","15","227","87","467","156","265","184","149","99","185","88","0","15","75","58","102","80","8","13","0","15","277","112","0","15","64","59","127","98","0","15","86","92","166","68","0","15","56","46","53","47","57","37","0","15","480","198","0","15","32","38","185","101","200","182","63","53",
"1400000US48201454000","Census Tract 4540; Harris County; Texas","1284","124","63","50","335","96","536","111","122","74","228","125","249","105","8","12","190","80","0","15","0","15","51","70","415","123","25","39","56","41","270","99","26","25","38","40","203","90","21","26","54","49","51","39","50","53","27","33","417","152","9","17","35","39","215","90","46","43","112","96",
"1400000US48201454100","Census Tract 4541; Harris County; Texas","1127","161","57","63","411","98","379","165","222","124","58","65","108","67","0","15","72","52","24","36","12","19","0","15","265","101","26","44","88","55","151","86","0","15","0","15","341","152","0","15","131","101","140","113","53","42","17","28","413","104","31","48","120","66","64","73","157","106","41","58",
"1400000US48201454200","Census Tract 4542; Harris County; Texas","1115","136","13","29","373","120","253","122","289","124","187","110","147","121","0","15","140","121","0","15","7","12","0","15","277","108","0","15","58","51","161","96","54","56","4","9","220","103","13","29","20","31","49","46","94","84","44","53","471","183","0","15","155","96","43","54","134","100","139","117",
"1400000US48201454302","Census Tract 4543.02; Harris County; Texas","2114","171","35","40","627","228","923","289","469","183","60","72","526","214","35","40","425","177","66","118","0","21","0","21","604","203","0","21","128","85","406","175","70","87","0","21","343","184","0","21","74","118","121","115","148","131","0","21","641","256","0","21","0","21","330","267","251","109","60","72",
"1400000US48201454303","Census Tract 4543.03; Harris County; Texas","1204","316","0","15","333","142","636","324","213","118","22","48","160","150","0","15","66","73","94","101","0","15","0","15","179","110","0","15","133","96","46","53","0","15","0","15","414","305","0","15","83","101","282","281","27","35","22","48","451","145","0","15","51","61","214","116","186","120","0","15",
"1400000US48201454304","Census Tract 4543.04; Harris County; Texas","2058","304","320","207","826","213","677","299","0","21","235","110","891","317","320","207","480","212","91","151","0","21","0","21","390","233","0","21","202","144","188","194","0","21","0","21","122","132","0","21","88","120","34","53","0","21","0","21","655","286","0","21","56","87","364","243","0","21","235","110",
"1400000US48201454305","Census Tract 4543.05; Harris County; Texas","1509","159","18","31","902","233","457","178","121","87","11","25","490","183","0","15","490","183","0","15","0","15","0","15","520","229","0","15","197","164","312","169","11","26","0","15","272","112","18","31","59","70","85","61","110","84","0","15","227","131","0","15","156","83","60","74","0","15","11","25",
"1400000US48201454400","Census Tract 4544; Harris County; Texas","654","244","0","15","564","229","90","63","0","15","0","15","410","214","0","15","410","214","0","15","0","15","0","15","172","90","0","15","102","65","70","60","0","15","0","15","53","37","0","15","33","27","20","24","0","15","0","15","19","21","0","15","19","21","0","15","0","15","0","15",
"1400000US48201454502","Census Tract 4545.02; Harris County; Texas","732","73","2","4","97","39","424","55","156","62","53","29","61","31","0","15","42","25","19","19","0","15","0","15","241","49","0","15","40","26","161","40","20","21","20","16","177","65","0","15","10","12","72","36","88","49","7","11","253","47","2","4","5","7","172","37","48","29","26","23",
"1400000US48201454503","Census Tract 4545.03; Harris County; Texas","1077","288","11","14","290","282","458","106","173","73","145","135","339","286","0","15","267","281","17","18","16","18","39","46","325","76","4","8","0","15","288","76","33","26","0","15","160","76","0","15","0","15","71","67","89","47","0","15","253","116","7","11","23","30","82","41","35","34","106","110",
"1400000US48201454504","Census Tract 4545.04; Harris County; Texas","2415","521","51","68","1037","143","1181","520","129","81","17","27","911","148","36","63","875","129","0","21","0","21","0","21","824","530","0","21","77","58","683","503","47","45","17","27","270","140","0","21","56","86","199","102","15","25","0","21","410","129","15","24","29","37","299","139","67","65","0","21",
"1400000US48201454505","Census Tract 4545.05; Harris County; Texas","898","136","7","10","91","47","658","156","123","42","19","24","95","49","7","10","58","35","30","40","0","15","0","15","307","66","0","15","33","33","212","61","62","36","0","15","293","154","0","15","0","15","244","157","34","28","15","23","203","53","0","15","0","15","172","50","27","20","4","8",
"1400000US48201454600","Census Tract 4546; Harris County; Texas","2199","383","92","143","1148","280","694","395","150","90","115","77","711","291","92","143","555","267","64","95","0","21","0","21","534","229","0","21","231","191","212","124","16","24","75","78","556","404","0","21","134","168","342","351","80","67","0","21","398","220","0","21","228","206","76","81","54","60","40","47",
"1400000US48201454700","Census Tract 4547; Harris County; Texas","2377","309","18","28","362","139","1432","299","333","117","232","106","183","107","18","28","117","74","48","71","0","21","0","21","817","192","0","21","172","109","432","149","107","78","106","88","477","164","0","21","61","57","290","126","95","78","31","48","900","267","0","21","12","26","662","258","131","80","95","69",
"1400000US48201454801","Census Tract 4548.01; Harris County; Texas","1778","367","44","45","932","353","461","174","230","94","111","131","675","186","32","38","540","144","18","32","0","15","85","126","448","166","12","21","76","54","308","144","26","35","26","42","427","315","0","15","280","313","46","48","101","81","0","15","228","83","0","15","36","46","89","67","103","54","0","15",
"1400000US48201454802","Census Tract 4548.02; Harris County; Texas","1746","413","0","15","514","139","852","375","289","118","91","68","394","126","0","15","355","117","12","18","13","21","14","21","818","386","0","15","58","51","672","376","68","74","20","29","189","72","0","15","36","38","40","40","113","64","0","15","345","129","0","15","65","61","128","80","95","61","57","56",
"1400000US48201454901","Census Tract 4549.01; Harris County; Texas","832","58","6","9","99","52","486","100","143","65","98","43","122","68","4","7","70","49","48","45","0","15","0","15","270","67","0","15","13","15","241","64","6","10","10","15","144","57","0","15","0","15","60","40","50","37","34","29","296","57","2","5","16","17","137","59","87","44","54","32",
"1400000US48201454902","Census Tract 4549.02; Harris County; Texas","2702","323","145","123","680","259","962","247","741","216","174","134","426","133","112","120","262","140","31","41","0","21","21","35","659","174","15","23","131","95","396","169","117","120","0","21","563","237","0","21","176","214","115","80","265","140","7","13","1054","214","18","29","111","110","420","159","359","167","146","131",
"1400000US48201455000","Census Tract 4550; Harris County; Texas","1129","201","0","15","306","99","516","108","216","144","91","77","146","76","0","15","97","59","42","53","7","10","0","15","426","136","0","15","140","87","247","85","28","22","11","9","124","45","0","15","8","13","67","34","44","24","5","8","433","161","0","15","61","47","160","46","137","143","75","76",
"1400000US48201455102","Census Tract 4551.02; Harris County; Texas","840","83","5","8","132","83","464","85","172","68","67","44","72","56","0","15","21","22","51","52","0","15","0","15","242","78","5","8","32","34","191","69","14","19","0","15","188","71","0","15","29","44","74","42","78","45","7","10","338","70","0","15","50","49","148","71","80","55","60","42",
"1400000US48201455103","Census Tract 4551.03; Harris County; Texas","1351","228","0","15","273","140","583","139","276","245","219","121","217","88","0","15","101","73","16","21","15","26","85","97","399","112","0","15","58","47","267","90","19","21","55","63","237","102","0","15","58","62","140","84","39","47","0","15","498","241","0","15","56","89","160","82","203","221","79","52",
"1400000US48201455104","Census Tract 4551.04; Harris County; Texas","1167","222","32","37","420","159","401","88","227","170","87","52","302","158","7","13","281","162","14","21","0","15","0","15","242","91","25","34","52","66","135","64","30","35","0","15","223","130","0","15","87","80","57","77","79","80","0","15","400","164","0","15","0","15","195","60","118","157","87","52",
"1400000US48201455200","Census Tract 4552; Harris County; Texas","1572","176","38","52","438","125","620","187","327","124","149","104","341","92","9","13","305","97","27","24","0","15","0","15","525","157","0","15","129","89","316","99","64","64","16","21","346","191","29","50","0","15","163","154","127","138","27","32","360","125","0","15","4","7","114","81","136","82","106","96",
"1400000US48201455300","Census Tract 4553; Harris County; Texas","5309","569","527","283","2529","629","1884","621","295","219","74","109","1747","505","414","251","1333","470","0","23","0","23","0","23","1498","528","0","23","705","465","793","420","0","23","0","23","652","372","0","23","270","215","259","285","123","124","0","23","1412","372","113","144","221","162","832","366","172","184","74","109",
"1400000US48201510100","Census Tract 5101; Harris County; Texas","1479","193","39","36","488","176","743","178","174","100","35","56","511","182","39","36","416","169","43","54","13","25","0","15","636","121","0","15","41","33","546","114","14","18","35","56","95","78","0","15","0","15","24","29","71","68","0","15","237","79","0","15","31","49","130","99","76","70","0","15",
"1400000US48201510201","Census Tract 5102.01; Harris County; Texas","1419","256","23","29","824","232","510","233","62","69","0","15","631","220","0","15","616","221","15","24","0","15","0","15","683","209","23","29","191","91","469","226","0","15","0","15","70","57","0","15","17","29","11","17","42","51","0","15","35","40","0","15","0","15","15","24","20","35","0","15",
"1400000US48201510202","Census Tract 5102.02; Harris County; Texas","3815","410","174","183","2014","487","1350","379","255","204","22","38","2039","471","174","183","1789","475","76","66","0","21","0","21","1315","395","0","21","94","104","1111","362","110","153","0","21","327","221","0","21","106","122","115","125","84","100","22","38","134","104","0","21","25","37","48","66","61","84","0","21",
"1400000US48201510301","Census Tract 5103.01; Harris County; Texas","1707","271","82","106","772","205","698","213","91","49","64","52","787","216","82","106","705","201","0","15","0","15","0","15","495","219","0","15","57","57","401","209","37","35","0","15","110","81","0","15","10","16","62","76","20","23","18","21","315","75","0","15","0","15","235","72","34","27","46","48",
"1400000US48201510302","Census Tract 5103.02; Harris County; Texas","1449","243","11","17","501","118","822","252","95","55","20","24","361","111","11","17","336","107","0","15","14","25","0","15","358","119","0","15","86","63","244","105","28","26","0","15","542","245","0","15","79","61","446","244","10","17","7","11","188","84","0","15","0","15","132","75","43","34","13","21",
"1400000US48201510400","Census Tract 5104; Harris County; Texas","1795","168","97","92","679","199","829","191","164","118","26","34","671","204","69","87","464","205","138","132","0","15","0","15","666","211","14","23","215","163","418","157","19","23","0","15","149","118","0","15","0","15","140","121","0","15","9","17","309","96","14","22","0","15","133","91","145","113","17","28",
"1400000US48201510500","Census Tract 5105; Harris County; Texas","2644","237","16","30","1249","287","1170","324","162","98","47","60","1181","244","16","30","987","255","159","110","19","33","0","21","903","249","0","21","207","113","680","239","16","30","0","21","331","179","0","21","13","23","238","157","80","71","0","21","229","89","0","21","42","50","93","62","47","41","47","60",
"1400000US48201510601","Census Tract 5106.01; Harris County; Texas","2062","287","62","80","908","212","1002","311","82","60","8","15","1020","263","62","80","760","204","180","174","18","29","0","15","843","262","0","15","148","86","648","278","39","45","8","15","151","105","0","15","0","15","126","104","25","31","0","15","48","46","0","15","0","15","48","46","0","15","0","15",
"1400000US48201510602","Census Tract 5106.02; Harris County; Texas","2691","356","48","55","1315","308","1127","335","201","123","0","15","1219","299","48","55","977","288","86","79","108","102","0","15","1177","345","0","15","260","146","898","319","19","30","0","15","198","108","0","15","59","57","65","55","74","63","0","15","97","70","0","15","19","35","78","70","0","15","0","15",
"1400000US48201510701","Census Tract 5107.01; Harris County; Texas","1313","214","0","15","725","184","513","167","75","120","0","15","698","170","0","15","641","173","57","73","0","15","0","15","414","144","0","15","13","18","401","148","0","15","0","15","186","115","0","15","59","71","52","33","75","120","0","15","15","29","0","15","12","21","3","16","0","15","0","15",
"1400000US48201510702","Census Tract 5107.02; Harris County; Texas","913","143","21","31","296","85","500","123","69","88","27","28","200","70","21","31","166","59","13","15","0","15","0","15","454","86","0","15","102","52","347","93","5","7","0","15","124","98","0","15","28","40","73","85","12","17","11","21","135","94","0","15","0","15","67","28","52","86","16","18",
"1400000US48201510801","Census Tract 5108.01; Harris County; Texas","2356","240","0","15","1215","268","960","219","181","129","0","15","1070","273","0","15","980","268","90","96","0","15","0","15","834","247","0","15","147","139","559","191","128","125","0","15","348","193","0","15","49","55","246","170","53","58","0","15","104","43","0","15","39","52","65","57","0","15","0","15",
"1400000US48201510802","Census Tract 5108.02; Harris County; Texas","1481","377","21","28","418","126","960","387","82","49","0","15","464","134","21","28","400","123","43","36","0","15","0","15","795","376","0","15","18","22","767","378","10","17","0","15","148","100","0","15","0","15","94","87","54","54","0","15","74","39","0","15","0","15","56","34","18","22","0","15",
"1400000US48201510803","Census Tract 5108.03; Harris County; Texas","1606","231","10","16","917","259","616","180","63","44","0","15","912","269","10","16","757","252","145","77","0","15","0","15","588","197","0","15","134","102","403","183","51","39","0","15","51","50","0","15","0","15","39","47","12","19","0","15","55","10","0","15","26","30","29","35","0","15","0","15",
"1400000US48201510901","Census Tract 5109.01; Harris County; Texas","2706","331","0","21","762","178","1530","360","414","226","0","21","708","210","0","21","564","167","144","192","0","21","0","21","1061","252","0","21","125","108","862","230","74","72","0","21","518","211","0","21","30","52","259","188","229","128","0","21","419","217","0","21","43","71","265","95","111","176","0","21",
"1400000US48201510902","Census Tract 5109.02; Harris County; Texas","2798","258","60","95","1378","325","1308","283","52","54","0","21","1187","233","60","95","1032","213","95","93","0","21","0","21","961","301","0","21","167","160","742","237","52","54","0","21","183","146","0","21","0","21","183","146","0","21","0","21","467","234","0","21","179","222","288","131","0","21","0","21",
"1400000US48201511001","Census Tract 5110.01; Harris County; Texas","1747","182","79","67","830","195","753","151","63","38","22","25","655","197","43","45","564","184","48","38","0","15","0","15","685","161","36","49","189","114","420","117","33","27","7","12","219","101","0","15","60","55","135","79","24","29","0","15","188","54","0","15","17","25","150","51","6","11","15","22",
"1400000US48201511003","Census Tract 5110.03; Harris County; Texas","1106","159","71","70","578","153","391","122","66","41","0","15","702","168","63","71","515","154","110","84","14","21","0","15","217","80","0","15","55","45","134","72","28","25","0","15","69","56","8","15","0","15","47","52","14","21","0","15","118","54","0","15","8","18","100","45","10","17","0","15",
"1400000US48201511004","Census Tract 5110.04; Harris County; Texas","966","172","21","20","562","149","287","94","74","95","22","27","510","157","6","10","499","157","5","9","0","15","0","15","276","113","0","15","63","54","191","95","0","15","22","27","17","19","0","15","0","15","17","19","0","15","0","15","163","106","15","18","0","15","74","28","74","95","0","15",
"1400000US48201511100","Census Tract 5111; Harris County; Texas","2239","228","105","157","1084","242","959","191","61","54","30","36","960","278","105","157","799","258","56","46","0","15","0","15","896","235","0","15","235","163","650","173","0","15","11","19","120","75","0","15","12","28","73","59","35","36","0","15","263","110","0","15","38","64","180","86","26","38","19","31",
"1400000US48201511201","Census Tract 5112.01; Harris County; Texas","1459","216","37","46","525","173","785","202","104","61","8","16","538","175","15","24","438","162","60","71","25","40","0","15","562","209","22","39","55","47","457","202","28","33","0","15","235","104","0","15","0","15","195","95","40","41","0","15","124","64","0","15","32","49","73","38","11","19","8","16",
"1400000US48201511202","Census Tract 5112.02; Harris County; Texas","1741","232","32","33","658","162","990","240","29","36","32","42","561","146","20","28","541","149","0","15","0","15","0","15","808","223","12","19","117","78","679","214","0","15","0","15","239","156","0","15","0","15","210","146","29","36","0","15","133","38","0","15","0","15","101","25","0","15","32","42",
"1400000US48201511301","Census Tract 5113.01; Harris County; Texas","2542","335","306","139","749","278","1049","317","382","175","56","62","1066","257","306","139","681","271","42","49","17","28","20","34","941","307","0","21","34","37","812","314","95","63","0","21","205","108","0","21","17","27","103","76","71","60","14","24","330","137","0","21","17","27","92","90","199","145","22","33",
"1400000US48201511302","Census Tract 5113.02; Harris County; Texas","2373","481","190","176","942","469","915","220","175","105","151","118","799","200","190","176","516","170","93","98","0","15","0","15","993","475","0","15","426","463","463","141","91","77","13","20","231","161","0","15","0","15","189","155","25","40","17","30","350","151","0","15","0","15","170","76","59","64","121","112",
"1400000US48201511400","Census Tract 5114; Harris County; Texas","1322","161","98","76","462","123","720","154","42","38","0","15","567","138","32","30","405","122","126","88","4","7","0","15","424","122","35","56","50","38","339","104","0","15","0","15","137","58","0","15","7","11","106","60","24","30","0","15","194","86","31","44","0","15","149","73","14","20","0","15",
"1400000US48201511501","Census Tract 5115.01; Harris County; Texas","1992","202","0","15","887","198","906","221","104","68","95","77","802","206","0","15","744","195","35","44","0","15","23","37","763","232","0","15","103","79","633","202","27","34","0","15","339","125","0","15","40","52","174","95","77","57","48","64","88","50","0","15","0","15","64","47","0","15","24","27",
"1400000US48201511502","Census Tract 5115.02; Harris County; Texas","2253","296","0","21","679","225","1081","228","274","125","219","232","637","186","0","21","545","180","70","61","22","36","0","21","832","193","0","21","115","99","592","178","125","84","0","21","400","237","0","21","19","31","178","109","65","58","138","220","384","139","0","21","0","21","241","125","62","55","81","74",
"1400000US48201511600","Census Tract 5116; Harris County; Texas","1668","191","56","56","629","157","622","145","307","137","54","63","674","160","56","56","467","128","101","81","50","51","0","15","570","152","0","15","129","83","414","128","10","15","17","28","169","96","0","15","33","55","23","29","84","56","29","44","255","145","0","15","0","15","84","71","163","124","8","14",
"1400000US48201520100","Census Tract 5201; Harris County; Texas","1419","168","10","16","295","132","889","211","193","110","32","40","410","156","10","16","268","126","132","104","0","15","0","15","544","163","0","15","27","24","484","153","33","32","0","15","294","141","0","15","0","15","174","119","120","84","0","15","171","77","0","15","0","15","99","59","40","46","32","40",
"1400000US48201520200","Census Tract 5202; Harris County; Texas","1332","130","62","66","493","126","629","168","110","58","38","33","434","136","0","15","399","134","35","52","0","15","0","15","387","111","24","38","94","76","261","85","8","12","0","15","231","95","35","50","0","15","149","81","33","37","14","20","280","114","3","17","0","15","184","102","69","46","24","27",
"1400000US48201520301","Census Tract 5203.01; Harris County; Texas","991","211","75","58","432","223","327","124","122","81","35","36","342","214","25","25","263","210","54","38","0","15","0","15","290","104","0","15","121","77","143","78","18","29","8","17","89","60","0","15","0","15","57","57","5","8","27","27","270","85","50","51","48","46","73","59","99","76","0","15",
"1400000US48201520302","Census Tract 5203.02; Harris County; Texas","992","133","44","40","490","128","400","93","44","36","14","19","303","104","29","37","219","80","55","49","0","15","0","15","352","102","7","11","155","92","190","70","0","15","0","15","102","55","0","15","41","42","54","34","0","15","7","12","235","91","8","14","75","76","101","47","44","36","7","13",
"1400000US48201520400","Census Tract 5204; Harris County; Texas","1395","203","269","148","489","130","410","164","227","184","0","15","469","163","212","122","206","90","51","59","0","15","0","15","301","145","7","11","140","117","99","77","55","60","0","15","298","129","0","15","68","66","142","86","88","98","0","15","327","166","50","64","75","76","118","84","84","121","0","15",
"1400000US48201520501","Census Tract 5205.01; Harris County; Texas","1279","416","137","101","213","138","437","165","371","430","121","90","157","86","25","41","28","35","104","79","0","15","0","15","270","135","0","15","46","74","187","113","18","31","19","29","390","424","63","57","16","26","29","49","282","417","0","15","462","93","49","74","123","101","117","92","71","81","102","85",
"1400000US48201520502","Census Tract 5205.02; Harris County; Texas","1642","407","82","68","540","322","863","375","134","100","23","40","386","283","56","51","291","281","26","29","13","20","0","15","314","164","26","43","68","58","201","150","19","31","0","15","531","296","0","15","166","133","264","287","101","97","0","15","411","157","0","15","15","23","372","161","1","13","23","40",
"1400000US48201520601","Census Tract 5206.01; Harris County; Texas","935","143","174","108","451","139","139","78","96","64","75","58","259","111","155","101","104","61","0","15","0","15","0","15","249","93","6","10","160","99","72","53","4","6","7","11","181","111","0","15","98","99","12","14","50","35","21","31","246","97","13","20","89","67","55","51","42","55","47","52",
"1400000US48201520603","Census Tract 5206.03; Harris County; Texas","747","172","206","94","309","160","160","69","0","15","72","103","96","81","0","15","91","83","5","8","0","15","0","15","307","159","85","49","75","103","78","55","0","15","69","102","208","81","115","82","31","46","62","50","0","15","0","15","136","63","6","11","112","64","15","29","0","15","3","14",
"1400000US48201520604","Census Tract 5206.04; Harris County; Texas","1165","210","52","56","327","90","545","244","135","94","106","109","202","72","18","20","156","66","20","24","8","12","0","15","409","226","34","53","78","64","272","215","25","24","0","15","252","122","0","15","19","30","194","118","39","61","0","15","302","113","0","15","74","69","59","60","63","84","106","109",
"1400000US48201520700","Census Tract 5207; Harris County; Texas","1700","344","8","13","585","361","942","157","135","66","30","29","472","347","0","15","434","347","38","36","0","15","0","15","410","87","8","13","73","54","299","74","30","28","0","15","370","128","0","15","78","66","243","136","38","36","11","17","448","109","0","15","0","15","362","101","67","48","19","24",
"1400000US48201521000","Census Tract 5210; Harris County; Texas","798","132","144","96","272","84","339","113","31","23","12","13","188","85","66","72","116","60","6","9","0","15","0","15","276","101","46","46","78","69","146","70","6","9","0","15","134","76","0","15","14","22","95","66","25","24","0","15","200","85","32","40","64","43","92","79","0","15","12","13",
"1400000US48201521100","Census Tract 5211; Harris County; Texas","741","149","36","36","383","163","222","75","79","53","21","23","152","77","36","36","108","70","8","13","0","15","0","15","151","63","0","15","71","50","49","36","24","26","7","10","155","132","0","15","92","124","41","33","22","22","0","15","283","87","0","15","112","67","124","67","33","34","14","21",
"1400000US48201521201","Census Tract 5212.01; Harris County; Texas","722","124","30","29","390","146","229","90","39","39","34","32","148","88","7","11","122","84","19","31","0","15","0","15","320","122","12","19","149","108","120","45","39","39","0","15","38","42","11","18","0","15","27","38","0","15","0","15","216","101","0","15","119","77","63","57","0","15","34","32",
"1400000US48201521202","Census Tract 5212.02; Harris County; Texas","1578","155","96","87","611","162","616","145","209","121","46","40","638","171","96","87","454","160","88","97","0","15","0","15","605","167","0","15","123","82","399","151","83","70","0","15","115","78","0","15","34","44","45","51","16","26","20","25","220","104","0","15","0","15","84","66","110","86","26","34",
"1400000US48201521300","Census Tract 5213; Harris County; Texas","2502","368","252","220","562","258","1053","293","336","226","299","265","518","280","0","21","430","259","67","78","0","21","21","53","767","326","150","189","86","73","344","223","71","84","116","188","341","185","0","21","46","56","209","121","86","126","0","21","876","247","102","156","0","21","433","265","179","136","162","173",
"1400000US48201521401","Census Tract 5214.01; Harris County; Texas","931","149","57","89","507","226","346","184","21","39","0","15","94","110","0","15","94","110","0","15","0","15","0","15","299","191","0","15","97","109","202","171","0","15","0","15","213","164","57","89","156","151","0","15","0","15","0","15","325","122","0","15","160","106","144","91","21","39","0","15",
"1400000US48201521402","Census Tract 5214.02; Harris County; Texas","994","109","62","68","458","124","314","112","102","61","58","47","178","98","27","44","116","82","35","37","0","15","0","15","137","80","0","15","38","49","99","70","0","15","0","15","198","113","0","15","60","71","98","77","13","25","27","34","481","122","35","55","244","111","82","70","89","56","31","37",
"1400000US48201521501","Census Tract 5215.01; Harris County; Texas","836","91","152","91","252","105","317","129","108","75","7","14","221","118","29","43","90","61","96","95","6","10","0","15","115","75","25","40","31","52","59","46","0","15","0","15","158","103","54","66","47","53","31","31","26","36","0","15","342","105","44","49","84","57","131","97","76","63","7","14",
"1400000US48201521502","Census Tract 5215.02; Harris County; Texas","1002","134","9","14","300","91","478","126","204","115","11","17","219","81","9","14","174","72","24","37","12","18","0","15","308","84","0","15","56","43","222","81","19","24","11","17","176","113","0","15","26","40","46","44","104","106","0","15","299","103","0","15","44","61","186","108","69","54","0","15",
"1400000US48201521600","Census Tract 5216; Harris County; Texas","968","135","15","17","114","110","415","144","244","117","180","98","149","118","0","15","56","74","73","75","0","15","20","38","250","103","0","15","58","57","113","70","40","51","39","58","238","134","15","17","0","15","141","115","82","68","0","15","331","87","0","15","0","15","88","64","122","112","121","71",
"1400000US48201521701","Census Tract 5217.01; Harris County; Texas","1801","446","85","92","864","252","691","394","18","33","143","166","602","239","0","15","450","230","152","108","0","15","0","15","520","380","28","45","123","108","369","365","0","15","0","15","219","149","57","83","59","94","103","104","0","15","0","15","460","208","0","15","232","145","67","93","18","33","143","166",
"1400000US48201521702","Census Tract 5217.02; Harris County; Texas","1418","258","217","144","835","341","245","208","121","126","0","15","632","194","140","103","428","181","64","93","0","15","0","15","335","312","0","15","272","281","63","109","0","15","0","15","153","107","48","79","50","69","22","40","33","54","0","15","298","133","29","47","85","74","96","102","88","104","0","15",
"1400000US48201521800","Census Tract 5218; Harris County; Texas","1681","187","22","31","717","177","668","145","107","81","167","108","464","130","3","9","360","116","101","59","0","15","0","15","415","150","19","30","207","118","189","83","0","15","0","15","457","143","0","15","103","102","258","95","54","72","42","56","345","140","0","15","47","56","120","83","53","53","125","100",
"1400000US48201521900","Census Tract 5219; Harris County; Texas","2644","287","97","69","1074","238","1142","254","227","114","104","79","570","228","54","52","489","216","27","45","0","21","0","21","666","149","0","21","128","95","487","130","51","64","0","21","586","197","0","21","181","154","238","128","110","80","57","62","822","384","43","58","276","234","390","238","66","66","47","55",
"1400000US48201522001","Census Tract 5220.01; Harris County; Texas","1103","110","160","110","514","126","378","102","41","42","10","19","474","136","93","77","381","132","0","15","0","15","0","15","364","126","0","15","121","82","233","89","0","15","10","19","141","136","67","94","0","15","69","73","5","14","0","15","124","84","0","15","12","19","76","61","36","36","0","15",
"1400000US48201522002","Census Tract 5220.02; Harris County; Texas","813","154","7","12","250","146","398","128","85","54","73","89","118","64","7","12","68","44","43","43","0","15","0","15","227","109","0","15","60","64","140","75","27","32","0","15","75","64","0","15","8","12","62","64","5","8","0","15","393","170","0","15","114","132","153","85","53","44","73","89",
"1400000US48201522101","Census Tract 5221.01; Harris County; Texas","1509","144","85","116","788","215","478","196","152","143","6","16","498","166","85","116","281","129","44","45","88","138","0","15","494","223","0","15","316","205","178","87","0","15","0","15","305","168","0","15","129","125","143","140","33","39","0","15","212","94","0","15","62","52","113","106","31","36","6","16",
"1400000US48201522102","Census Tract 5221.02; Harris County; Texas","1260","239","47","67","211","91","892","269","97","77","13","23","173","82","0","15","74","49","89","81","10","16","0","15","207","84","0","15","27","33","135","64","45","58","0","15","468","105","0","15","22","32","391","96","42","41","13","23","412","256","47","67","88","72","277","242","0","15","0","15",
"1400000US48201522201","Census Tract 5222.01; Harris County; Texas","1294","184","73","94","343","127","605","171","190","118","83","66","157","75","0","21","133","70","24","24","0","21","0","21","265","114","0","21","86","58","179","94","0","21","0","21","110","77","14","20","41","66","32","26","12","20","11","20","762","171","59","92","83","87","370","143","178","114","72","62",
"1400000US48201522202","Census Tract 5222.02; Harris County; Texas","1244","190","91","97","350","89","446","130","188","115","169","167","248","110","39","59","201","92","0","15","8","14","0","15","221","125","52","81","71","62","75","59","23","24","0","15","165","114","0","15","0","15","89","83","76","69","0","15","610","188","0","15","78","81","282","68","81","87","169","167",
"1400000US48201522301","Census Tract 5223.01; Harris County; Texas","1610","259","407","192","593","201","446","162","143","87","21","24","546","193","256","160","281","125","0","15","0","15","9","17","555","212","112","104","237","178","206","109","0","15","0","15","221","120","28","45","59","51","117","104","17","22","0","15","288","106","11","18","16","27","123","81","126","81","12","22",
"1400000US48201522302","Census Tract 5223.02; Harris County; Texas","1486","204","26","46","782","144","614","207","64","59","0","15","638","175","26","46","533","163","79","53","0","15","0","15","351","129","0","15","129","97","190","93","32","41","0","15","337","190","0","15","120","106","185","174","32","43","0","15","160","105","0","15","0","15","160","105","0","15","0","15",
"1400000US48201522401","Census Tract 5224.01; Harris County; Texas","2445","315","226","171","790","220","946","226","387","235","96","107","761","215","57","90","558","189","94","90","52","75","0","21","690","201","0","21","192","150","441","164","57","77","0","21","476","261","69","98","40","49","100","79","171","188","96","107","518","185","100","117","0","21","311","181","107","112","0","21",
"1400000US48201522402","Census Tract 5224.02; Harris County; Texas","1180","98","86","75","276","88","566","133","197","86","55","47","226","85","4","6","189","79","33","45","0","15","0","15","259","87","11","16","49","34","129","60","70","48","0","15","173","101","0","15","38","58","111","71","18","29","6","12","522","129","71","71","0","15","293","116","109","67","49","46",
"1400000US48201522500","Census Tract 5225; Harris County; Texas","1666","205","28","21","176","63","1009","199","281","80","172","75","167","65","19","20","115","52","33","31","0","21","0","21","507","118","7","12","28","22","394","105","75","36","3","5","331","110","2","3","33","24","166","86","102","53","28","23","661","79","0","21","0","21","416","110","104","47","141","69",
"1400000US48201530101","Census Tract 5301.01; Harris County; Texas","1561","275","212","124","606","192","673","305","46","70","24","38","516","171","104","80","386","172","26","43","0","15","0","15","577","180","108","101","154","108","315","161","0","15","0","15","294","279","0","15","40","61","230","270","0","15","24","38","174","99","0","15","26","21","102","62","46","70","0","15",
"1400000US48201530102","Census Tract 5301.02; Harris County; Texas","1108","342","46","41","409","94","623","353","13","18","17","25","261","87","42","41","170","74","49","38","0","15","0","15","373","144","4","6","161","71","178","132","13","18","17","25","63","61","0","15","8","17","55","62","0","15","0","15","411","328","0","15","70","53","341","332","0","15","0","15",
"1400000US48201530200","Census Tract 5302; Harris County; Texas","1693","253","141","110","631","147","745","267","125","79","51","51","572","140","49","41","511","136","0","15","0","15","12","20","565","145","0","15","120","92","411","134","23","31","11","19","147","67","0","15","0","15","114","59","33","32","0","15","409","213","92","106","0","15","220","189","69","63","28","43",
"1400000US48201530300","Census Tract 5303; Harris County; Texas","968","199","39","34","389","163","427","150","71","73","42","48","263","121","11","17","243","124","9","14","0","15","0","15","336","136","16","19","124","113","162","80","11","20","23","39","197","112","0","15","22","25","156","107","19","30","0","15","172","108","12","21","0","15","100","87","41","59","19","30",
"1400000US48201530400","Census Tract 5304; Harris County; Texas","1055","191","40","45","423","253","441","130","146","115","5","11","226","115","25","36","151","82","0","15","50","78","0","15","83","48","9","25","21","22","48","38","5","27","0","15","405","127","0","15","0","15","393","136","12","49","0","15","341","227","6","17","251","236","0","15","79","91","5","11",
"1400000US48201530501","Census Tract 5305.01; Harris County; Texas","727","238","73","71","362","117","250","221","10","17","32","31","287","105","56","69","224","106","7","12","0","15","0","15","171","77","17","30","75","78","69","45","10","17","0","15","196","222","0","15","22","44","174","215","0","15","0","15","73","42","0","15","41","27","0","15","0","15","32","31",
"1400000US48201530502","Census Tract 5305.02; Harris County; Texas","1114","188","225","112","500","234","226","97","78","59","85","50","293","110","156","96","110","69","20","22","7","10","0","15","545","194","28","29","273","213","172","78","71","58","1","15","119","82","41","68","49","58","0","15","0","15","29","37","157","89","0","15","68","81","34","49","0","15","55","39",
"1400000US48201530600","Census Tract 5306; Harris County; Texas","1322","158","102","91","706","181","367","145","127","79","20","32","410","130","68","73","331","121","11","17","0","15","0","15","325","137","0","15","125","86","121","65","59","63","20","32","330","127","34","55","183","85","82","66","31","28","0","15","257","133","0","15","67","75","153","107","37","43","0","15",
"1400000US48201530701","Census Tract 5307.01; Harris County; Texas","669","115","210","97","327","102","65","56","59","77","8","15","371","115","195","95","176","103","0","15","0","15","0","15","66","50","0","15","61","49","5","12","0","15","0","15","156","97","7","12","81","55","20","31","48","73","0","15","76","55","8","19","9","16","40","48","11","19","8","15",
"1400000US48201530702","Census Tract 5307.02; Harris County; Texas","1428","163","162","130","631","178","329","147","198","126","108","116","409","169","118","114","248","122","30","49","13","21","0","15","320","138","32","55","162","117","109","73","17","26","0","15","342","132","0","15","109","102","97","76","119","98","17","29","357","193","12","19","112","91","93","123","49","65","91","112",
"1400000US48201530800","Census Tract 5308; Harris County; Texas","1862","454","84","90","885","398","522","257","190","88","181","136","921","424","70","86","668","398","100","82","0","15","83","119","477","243","14","26","97","69","311","229","31","41","24","44","159","77","0","15","66","51","46","40","21","28","26","38","305","145","0","15","54","92","65","77","138","80","48","45",
"1400000US48201530900","Census Tract 5309; Harris County; Texas","1830","220","30","34","738","187","801","162","261","172","0","15","530","181","15","23","485","176","30","31","0","15","0","15","682","255","0","15","144","86","394","141","144","156","0","15","186","77","15","24","0","15","115","64","56","42","0","15","432","125","0","15","109","87","262","79","61","61","0","15",
"1400000US48201531000","Census Tract 5310; Harris County; Texas","2092","353","0","21","517","226","1257","313","231","90","87","46","624","321","0","21","347","179","277","274","0","21","0","21","735","173","0","21","128","126","492","138","83","56","32","33","239","83","0","21","14","22","118","60","84","50","23","26","494","79","0","21","28","28","370","88","64","56","32","32",
"1400000US48201531100","Census Tract 5311; Harris County; Texas","1357","317","100","78","296","100","850","346","111","49","0","15","271","95","10","17","231","86","30","40","0","15","0","15","533","316","84","79","22","25","411","323","16","14","0","15","172","81","0","15","19","21","117","73","36","31","0","15","381","57","6","12","24","39","292","72","59","44","0","15",
"1400000US48201531200","Census Tract 5312; Harris County; Texas","1607","149","82","59","592","166","727","188","169","87","37","43","572","168","36","34","430","130","106","124","0","15","0","15","441","124","27","31","92","68","235","86","79","61","8","12","255","121","0","15","19","27","225","122","11","18","0","15","339","71","19","33","51","60","161","98","79","59","29","40",
"1400000US48201531300","Census Tract 5313; Harris County; Texas","2271","335","191","144","1177","274","878","270","25","44","0","21","719","276","19","31","623","276","77","76","0","21","0","21","1084","296","172","141","448","180","439","237","25","44","0","21","227","154","0","21","106","96","121","131","0","21","0","21","241","158","0","21","0","21","241","158","0","21","0","21",
"1400000US48201531400","Census Tract 5314; Harris County; Texas","927","95","66","53","324","85","369","99","137","84","31","26","298","76","41","38","231","75","26","20","0","15","0","15","320","105","25","40","89","56","159","67","47","50","0","15","168","75","0","15","4","7","105","58","57","59","2","5","141","54","0","15","0","15","79","40","33","32","29","26",
"1400000US48201531500","Census Tract 5315; Harris County; Texas","1210","168","25","29","551","147","432","142","202","84","0","15","503","163","13","20","402","122","88","103","0","15","0","15","361","104","0","15","97","56","245","84","19","22","0","15","227","108","12","21","52","71","65","70","98","67","0","15","119","52","0","15","0","15","34","26","85","52","0","15",
"1400000US48201531600","Census Tract 5316; Harris County; Texas","1278","162","6","9","273","104","725","162","253","106","21","24","261","124","6","9","183","92","62","77","10","16","0","15","501","149","0","15","54","39","388","148","48","39","11","17","324","117","0","15","36","35","144","63","134","94","10","16","192","73","0","15","0","15","131","56","61","52","0","15",
"1400000US48201531700","Census Tract 5317; Harris County; Texas","1389","187","0","15","196","74","988","205","142","69","63","62","213","77","0","15","133","66","80","59","0","15","0","15","474","176","0","15","63","41","387","177","24","25","0","15","274","110","0","15","0","15","200","90","32","48","42","58","428","109","0","15","0","15","321","108","86","46","21","17",
"1400000US48201531800","Census Tract 5318; Harris County; Texas","1164","211","136","145","666","195","243","120","97","53","22","32","426","205","124","145","250","136","52","55","0","15","0","15","244","146","0","15","153","122","77","85","14","25","0","15","322","122","0","15","209","126","36","35","75","51","2","7","172","77","12","19","54","47","78","54","8","11","20","32",
"1400000US48201531900","Census Tract 5319; Harris County; Texas","2053","353","331","258","660","216","692","269","180","113","190","108","423","149","30","37","314","134","53","49","10","15","16","26","671","367","146","235","141","110","350","216","19","31","15","23","496","269","11","18","144","189","142","123","115","97","84","90","463","150","144","104","61","53","147","130","36","59","75","72",
"1400000US48201532003","Census Tract 5320.03; Harris County; Texas","1576","380","51","52","847","284","538","361","113","94","27","31","567","244","35","50","474","227","58","84","0","15","0","15","383","170","16","20","197","136","163","111","0","15","7","11","120","91","0","15","55","88","58","52","7","19","0","15","506","338","0","15","121","145","259","315","106","95","20","29",
"1400000US48201532004","Census Tract 5320.04; Harris County; Texas","2190","358","555","289","794","212","543","265","148","74","150","127","778","314","421","280","309","159","31","38","0","21","17","26","534","213","134","135","177","141","83","72","56","71","84","113","384","259","0","21","61","84","284","241","17","36","22","37","494","185","0","21","247","155","145","109","75","68","27","36",
"1400000US48201532101","Census Tract 5321.01; Harris County; Texas","1640","298","256","135","480","200","546","155","182","140","176","233","580","207","222","149","296","181","62","55","0","15","0","15","430","125","0","15","100","82","247","127","83","93","0","15","401","267","34","39","84","78","98","81","31","38","154","230","229","148","0","15","0","15","139","101","68","107","22","36",
"1400000US48201532102","Census Tract 5321.02; Harris County; Texas","1245","296","73","92","942","311","156","110","74","94","0","15","261","145","18","36","243","147","0","15","0","15","0","15","428","246","39","62","278","241","111","86","0","15","0","15","234","265","16","79","173","251","45","70","0","15","0","15","322","129","0","15","248","132","0","15","74","94","0","15",
"1400000US48201532200","Census Tract 5322; Harris County; Texas","1328","179","162","116","682","171","404","170","80","58","0","15","483","104","51","46","367","105","65","46","0","15","0","15","256","164","0","15","18","23","238","163","0","15","0","15","222","133","80","90","63","81","52","59","27","43","0","15","367","144","31","51","234","122","49","60","53","58","0","15",
"1400000US48201532301","Census Tract 5323.01; Harris County; Texas","1930","441","258","326","937","235","711","428","24","39","0","15","704","207","29","55","649","204","26","43","0","15","0","15","378","283","17","36","78","98","259","262","24","39","0","15","479","393","212","321","54","63","213","234","0","15","0","15","369","266","0","15","156","86","213","241","0","15","0","15",
"1400000US48201532302","Census Tract 5323.02; Harris County; Texas","1410","114","27","38","711","212","496","200","86","79","90","65","302","142","12","33","220","109","70","90","0","15","0","15","281","136","0","15","188","126","76","57","5","16","12","20","507","214","0","15","158","142","221","167","50","68","78","60","320","111","15","23","145","137","129","81","31","39","0","15",
"1400000US48201532400","Census Tract 5324; Harris County; Texas","2337","267","37","43","529","205","828","319","705","289","238","130","457","188","15","25","324","170","106","128","0","21","12","27","609","247","22","35","72","73","370","222","145","132","0","21","496","241","0","21","116","140","122","148","226","159","32","38","775","187","0","21","17","32","230","128","334","218","194","120",
"1400000US48201532502","Census Tract 5325.02; Harris County; Texas","1779","564","33","38","303","102","543","206","320","101","580","566","551","570","23","36","162","88","17","22","0","21","349","563","360","121","0","21","15","18","254","101","82","82","9","19","359","129","10","19","96","97","148","83","44","48","61","71","509","184","0","21","30","47","124","155","194","75","161","78",
"1400000US48201532503","Census Tract 5325.03; Harris County; Texas","1604","250","0","21","271","104","710","185","410","272","213","141","207","98","0","21","171","90","36","40","0","21","0","21","439","136","0","21","56","43","347","127","36","37","0","21","200","101","0","21","12","20","113","99","61","54","14","22","758","284","0","21","32","27","214","91","313","254","199","139",
"1400000US48201532504","Census Tract 5325.04; Harris County; Texas","1251","186","94","146","196","92","373","131","256","137","332","64","64","52","0","15","64","52","0","15","0","15","0","15","299","108","0","15","28","33","229","92","42","62","0","15","237","129","0","15","59","65","88","99","50","43","40","48","651","184","94","146","45","41","56","41","164","115","292","74",
"1400000US48201532600","Census Tract 5326; Harris County; Texas","2176","277","62","80","661","252","758","199","516","265","179","147","405","237","62","80","343","227","0","21","0","21","0","21","574","299","0","21","9","23","245","150","237","240","83","103","603","234","0","21","144","148","153","160","249","138","57","79","594","219","0","21","165","126","360","200","30","49","39","44",
"1400000US48201532700","Census Tract 5327; Harris County; Texas","1818","169","371","169","435","135","446","170","456","160","110","95","658","154","253","146","291","120","114","93","0","21","0","21","314","120","0","21","108","54","150","84","12","19","44","71","253","109","82","88","0","21","68","50","103","65","0","21","593","176","36","49","36","59","114","102","341","150","66","63",
"1400000US48201532800","Census Tract 5328; Harris County; Texas","626","76","26","28","170","84","212","72","148","55","70","36","73","46","0","15","44","36","29","27","0","15","0","15","143","51","0","15","19","21","109","46","15","17","0","15","116","80","0","15","72","72","0","15","39","34","5","7","294","80","26","28","35","35","74","58","94","53","65","35",
"1400000US48201532900","Census Tract 5329; Harris County; Texas","1616","194","75","67","676","215","489","150","251","124","125","66","317","183","8","13","287","181","22","36","0","21","0","21","493","203","11","16","196","144","173","87","95","67","18","21","354","169","19","32","125","121","72","68","119","92","19","21","452","143","37","55","68","109","222","105","37","40","88","58",
"1400000US48201533000","Census Tract 5330; Harris County; Texas","1020","202","197","105","579","210","200","95","39","41","5","7","408","193","130","95","266","174","7","8","0","15","5","7","246","112","12","20","121","100","113","76","0","15","0","15","229","95","55","42","115","83","47","14","12","27","0","15","137","61","0","15","77","51","33","36","27","27","0","15",
"1400000US48201533100","Census Tract 5331; Harris County; Texas","2362","209","296","223","660","210","759","204","500","226","147","118","362","173","91","103","232","130","39","54","0","21","0","21","885","286","66","77","146","144","472","182","146","121","55","74","238","132","0","21","13","23","110","95","115","84","0","21","877","278","139","180","269","153","138","145","239","216","92","104",
"1400000US48201533200","Census Tract 5332; Harris County; Texas","1485","152","355","167","465","154","516","160","125","94","24","28","577","175","214","127","319","139","24","28","20","32","0","15","491","189","128","119","90","111","273","104","0","15","0","15","144","89","0","15","16","25","101","81","27","38","0","15","273","138","13","19","40","68","118","93","78","80","24","28",
"1400000US48201533301","Census Tract 5333.01; Harris County; Texas","1123","308","204","148","380","157","159","98","335","281","45","41","435","190","184","142","209","125","6","10","36","46","0","15","172","99","0","15","67","79","30","31","54","59","21","31","179","100","0","15","104","86","70","55","0","15","5","11","337","312","20","32","0","15","53","78","245","276","19","26",
"1400000US48201533302","Census Tract 5333.02; Harris County; Texas","1151","217","139","90","301","141","349","160","243","144","119","101","322","160","130","87","163","104","29","46","0","15","0","15","323","169","0","15","94","85","162","121","28","36","39","63","145","94","9","18","0","15","96","94","40","56","0","15","361","151","0","15","44","60","62","48","175","136","80","79",
"1400000US48201533401","Census Tract 5334.01; Harris County; Texas","1415","160","153","124","295","156","470","167","252","148","245","154","256","114","39","62","139","92","78","71","0","15","0","15","414","185","0","15","38","39","239","143","126","115","11","19","359","181","59","81","118","131","40","42","55","64","87","103","386","126","55","67","0","15","113","117","71","78","147","105",
"1400000US48201533402","Census Tract 5334.02; Harris County; Texas","2044","350","272","162","248","133","829","345","445","237","250","86","456","183","138","108","107","56","42","66","169","143","0","21","385","167","35","56","94","97","119","92","137","126","0","21","358","183","99","123","0","21","180","87","79","91","0","21","845","357","0","21","47","77","488","341","60","64","250","86",
"1400000US48201533500","Census Tract 5335; Harris County; Texas","1240","145","36","45","310","146","576","136","161","105","157","81","204","88","36","45","128","72","40","32","0","15","0","15","416","108","0","15","68","69","348","121","0","15","0","15","180","159","0","15","70","105","21","38","89","88","0","15","440","143","0","15","44","51","167","105","72","64","157","81",
"1400000US48201533600","Census Tract 5336; Harris County; Texas","1637","180","151","78","647","209","570","187","209","115","60","56","404","173","82","62","222","137","100","99","0","21","0","21","285","122","47","52","67","77","171","92","0","21","0","21","305","141","22","34","223","137","30","32","30","34","0","21","643","131","0","21","135","123","269","153","179","111","60","56",
"1400000US48201533701","Census Tract 5337.01; Harris County; Texas","2008","339","108","80","810","333","675","232","356","137","59","68","427","196","75","62","203","142","108","115","41","47","0","21","250","173","0","21","59","62","169","155","22","25","0","21","417","161","33","51","180","126","126","93","78","64","0","21","914","344","0","21","368","313","272","148","215","105","59","68",
"1400000US48201533702","Census Tract 5337.02; Harris County; Texas","870","78","50","43","262","88","307","97","160","74","91","52","132","67","44","42","64","37","20","21","0","15","4","7","228","79","6","9","81","41","126","73","15","28","0","15","126","69","0","15","11","14","70","51","22","23","23","25","384","89","0","15","106","65","91","58","123","62","64","46",
"1400000US48201533802","Census Tract 5338.02; Harris County; Texas","1835","192","125","126","395","153","687","208","464","237","164","152","324","144","33","54","129","99","162","113","0","21","0","21","386","172","78","117","100","90","170","127","38","33","0","21","270","148","0","21","49","59","129","117","42","67","50","60","855","233","14","30","117","129","226","131","384","228","114","132",
"1400000US48201533803","Census Tract 5338.03; Harris County; Texas","1911","347","88","76","234","107","807","246","458","190","324","322","339","121","88","76","191","92","29","38","31","49","0","21","182","89","0","21","34","39","88","59","39","55","21","34","248","131","0","21","0","21","153","95","95","93","0","21","1142","368","0","21","9","16","537","223","293","165","303","322",
"1400000US48201533804","Census Tract 5338.04; Harris County; Texas","1423","262","70","73","245","104","472","141","217","124","419","311","147","89","0","21","82","73","65","63","0","21","0","21","150","91","46","66","16","25","64","68","0","21","24","39","281","126","24","40","70","75","103","94","42","39","42","55","845","291","0","21","77","80","240","123","175","119","353","308",
"1400000US48201533902","Census Tract 5339.02; Harris County; Texas","1967","365","350","148","974","385","500","199","86","63","57","62","744","393","182","105","562","382","0","21","0","21","0","21","372","155","64","80","169","122","126","105","13","21","0","21","304","159","104","83","48","42","132","142","20","31","0","21","547","185","0","21","195","151","242","135","53","52","57","62",
"1400000US48201533903","Census Tract 5339.03; Harris County; Texas","1167","114","78","87","188","97","416","121","346","162","139","87","54","50","0","15","32","38","22","31","0","15","0","15","216","100","5","13","145","100","33","42","33","34","0","15","279","152","41","76","0","15","26","35","165","132","47","52","618","210","32","50","11","19","335","111","148","123","92","78",
"1400000US48201533904","Census Tract 5339.04; Harris County; Texas","1525","307","153","190","509","273","507","177","325","156","31","49","425","248","117","183","206","122","102","97","0","15","0","15","457","256","4","8","144","205","223","126","86","105","0","15","210","143","0","15","33","42","47","52","130","130","0","15","433","187","32","48","126","159","135","122","109","109","31","49",
"1400000US48201534001","Census Tract 5340.01; Harris County; Texas","1064","154","29","34","343","137","255","136","349","155","88","68","228","121","14","24","162","104","31","49","0","15","21","33","263","109","15","23","110","84","43","39","95","76","0","15","259","130","0","15","66","64","123","97","49","45","21","34","314","151","0","15","5","12","58","55","205","137","46","50",
"1400000US48201534002","Census Tract 5340.02; Harris County; Texas","1481","183","8","14","488","183","417","159","336","126","232","119","237","167","0","21","237","167","0","21","0","21","0","21","323","121","0","21","153","89","97","73","53","56","20","26","253","116","0","21","27","32","123","92","103","83","0","21","668","189","8","14","71","56","197","158","180","99","212","114",
"1400000US48201534003","Census Tract 5340.03; Harris County; Texas","688","92","12","27","196","76","251","72","182","75","47","33","150","68","12","27","120","69","18","22","0","15","0","15","84","48","0","15","4","12","80","45","0","15","0","15","128","60","0","15","31","31","47","31","36","26","14","18","326","109","0","15","41","33","106","57","146","78","33","28",
"1400000US48201534101","Census Tract 5341.01; Harris County; Texas","861","157","24","39","101","66","295","101","264","158","177","90","100","76","24","39","38","31","38","51","0","15","0","15","178","127","0","15","31","40","65","45","75","111","7","11","110","91","0","15","0","15","42","57","68","77","0","15","473","123","0","15","32","49","150","67","121","98","170","89",
"1400000US48201534102","Census Tract 5341.02; Harris County; Texas","1344","191","12","18","192","92","300","119","562","250","278","151","172","88","0","21","114","66","24","27","0","21","34","55","127","90","0","21","10","17","79","69","38","60","0","21","219","84","0","21","58","66","42","53","56","51","63","94","826","247","12","18","10","16","155","93","468","249","181","103",
"1400000US48201534201","Census Tract 5342.01; Harris County; Texas","830","104","8","12","126","72","344","115","179","76","173","87","140","72","8","12","75","58","57","48","0","15","0","15","51","40","0","15","9","14","42","38","0","15","0","15","180","78","0","15","5","8","109","68","42","47","24","28","459","116","0","15","37","45","136","75","137","61","149","85",
"1400000US48201534203","Census Tract 5342.03; Harris County; Texas","654","125","99","98","197","76","240","88","118","63","0","15","135","105","73","92","62","48","0","15","0","15","0","15","62","39","0","15","20","25","42","33","0","15","0","15","169","84","21","27","48","45","73","63","27","29","0","15","288","82","5","11","67","41","125","57","91","63","0","15",
"1400000US48201534204","Census Tract 5342.04; Harris County; Texas","2042","237","0","15","984","258","707","209","294","213","57","52","903","238","0","15","845","231","58","57","0","15","0","15","296","111","0","15","49","63","247","102","0","15","0","15","349","151","0","15","46","55","220","141","66","68","17","29","494","244","0","15","44","40","182","129","228","209","40","40",
"1400000US48201534205","Census Tract 5342.05; Harris County; Texas","1562","111","50","44","522","108","673","134","200","84","117","73","519","105","32","32","430","106","40","37","17","30","0","15","411","119","0","15","48","36","332","115","31","33","0","15","298","103","0","15","44","61","91","54","85","65","78","74","334","78","18","29","0","15","210","48","67","55","39","36",
"1400000US48201540101","Census Tract 5401.01; Harris County; Texas","2350","301","0","21","244","131","1249","250","708","302","149","66","180","122","0","21","128","102","52","82","0","21","0","21","747","202","0","21","64","68","563","180","89","98","31","37","709","323","0","21","52","52","248","126","389","283","20","34","714","241","0","21","0","21","386","188","230","129","98","52",
"1400000US48201540102","Census Tract 5401.02; Harris County; Texas","1895","359","0","21","403","204","1057","362","234","125","201","167","189","96","0","21","178","94","11","20","0","21","0","21","489","211","0","21","225","200","252","140","12","24","0","21","399","140","0","21","0","21","275","132","72","74","52","60","818","344","0","21","0","21","519","332","150","121","149","167",
"1400000US48201540200","Census Tract 5402; Harris County; Texas","896","109","37","39","322","98","345","95","113","57","79","68","222","82","15","17","163","72","44","35","0","15","0","15","301","118","0","15","121","87","115","58","29","20","36","54","139","67","22","36","12","13","63","49","42","42","0","15","234","89","0","15","26","32","123","87","42","32","43","41",
"1400000US48201540502","Census Tract 5405.02; Harris County; Texas","1623","141","40","50","302","98","819","174","279","116","183","90","180","76","0","21","144","68","20","26","0","21","16","26","624","168","40","50","90","62","455","141","9","15","30","37","309","106","0","21","33","29","189","99","74","77","13","22","510","100","0","21","35","40","155","73","196","97","124","85",
"1400000US48201540503","Census Tract 5405.03; Harris County; Texas","1714","702","489","630","630","336","425","298","170","169","0","21","315","168","37","50","259","159","19","31","0","21","0","21","584","651","423","633","94","72","67","69","0","21","0","21","280","295","0","21","243","288","37","46","0","21","0","21","535","224","29","39","34","55","302","294","170","169","0","21",
"1400000US48201540504","Census Tract 5405.04; Harris County; Texas","1201","167","75","84","769","178","250","120","80","76","27","34","288","134","0","15","272","133","16","25","0","15","0","15","383","149","15","26","281","134","87","70","0","15","0","15","310","125","7","12","154","105","51","37","71","75","27","34","220","130","53","82","62","97","96","80","9","14","0","15",
"1400000US48201540601","Census Tract 5406.01; Harris County; Texas","1249","131","44","56","239","105","498","131","365","124","103","63","248","100","33","51","134","75","26","23","55","69","0","15","324","89","5","10","54","41","223","72","42","39","0","15","193","94","0","15","46","58","50","41","71","55","26","31","484","141","6","17","5","9","199","98","197","115","77","54",
"1400000US48201540602","Census Tract 5406.02; Harris County; Texas","2381","374","37","57","807","289","604","244","576","341","357","240","431","180","37","57","314","164","0","21","80","96","0","21","596","279","0","21","304","243","250","137","42","62","0","21","509","252","0","21","114","163","229","156","83","88","83","81","845","336","0","21","75","108","125","143","371","297","274","237",
"1400000US48201540700","Census Tract 5407; Harris County; Texas","1985","111","79","92","668","216","762","294","381","189","95","99","485","140","0","21","436","156","39","47","0","21","10","40","633","205","79","92","91","62","315","186","106","149","42","53","349","190","0","21","61","104","140","105","108","103","40","68","518","127","0","21","80","143","268","183","167","146","3","32",
"1400000US48201540800","Census Tract 5408; Harris County; Texas","2401","250","27","33","971","234","880","269","206","120","317","189","686","190","16","26","599","186","54","46","0","21","17","27","397","164","0","21","117","90","256","148","24","30","0","21","872","313","11","21","242","188","423","261","160","122","36","58","446","191","0","21","13","22","147","91","22","30","264","183",
"1400000US48201540901","Census Tract 5409.01; Harris County; Texas","1370","273","51","48","352","124","763","302","163","152","41","34","220","106","0","15","201","101","19","29","0","15","0","15","724","291","0","15","115","77","510","254","99","141","0","15","374","123","51","48","36","54","196","101","50","59","41","34","52","36","0","15","0","15","38","32","14","19","0","15",
"1400000US48201540903","Census Tract 5409.03; Harris County; Texas","1599","534","57","89","839","420","306","156","53","44","344","385","705","414","4","9","611","411","90","84","0","15","0","15","299","183","0","15","174","155","125","135","0","15","0","15","146","87","0","15","17","26","74","71","40","43","15","30","449","401","53","89","37","52","17","18","13","17","329","388",
"1400000US48201540904","Census Tract 5409.04; Harris County; Texas","1831","180","0","15","927","260","825","235","59","54","20","30","512","227","0","15","496","231","16","25","0","15","0","15","874","252","0","15","304","213","557","215","13","20","0","15","370","203","0","15","118","102","206","152","46","51","0","15","75","71","0","15","9","17","46","61","0","15","20","30",
"1400000US48201541004","Census Tract 5410.04; Harris County; Texas","1943","343","0","21","473","164","1001","406","362","173","107","84","335","141","0","21","284","142","51","42","0","21","0","21","623","290","0","21","130","91","473","272","20","26","0","21","404","189","0","21","48","74","141","99","215","162","0","21","581","275","0","21","11","23","336","279","127","89","107","84",
"1400000US48201541005","Census Tract 5410.05; Harris County; Texas","2623","717","25","43","1932","693","637","383","29","41","0","15","1357","662","25","43","1299","663","33","54","0","15","0","15","906","404","0","15","615","338","291","194","0","15","0","15","315","321","0","15","0","15","286","318","29","41","0","15","45","54","0","15","18","31","27","43","0","15","0","15",
"1400000US48201541006","Census Tract 5410.06; Harris County; Texas","1913","338","7","13","529","224","902","303","189","93","286","232","310","134","0","21","276","130","34","56","0","21","0","21","450","237","7","13","154","175","283","161","6","11","0","21","473","266","0","21","0","21","411","265","62","51","0","21","680","257","0","21","99","91","174","113","121","91","286","232",
"1400000US48201541007","Census Tract 5410.07; Harris County; Texas","2324","275","13","23","265","127","1344","287","444","236","258","136","196","118","13","23","163","112","6","14","0","21","14","27","798","234","0","21","102","76","542","193","104","75","50","67","619","338","0","21","0","21","417","285","167","199","35","53","711","222","0","21","0","21","379","150","173","130","159","126",
"1400000US48201541008","Census Tract 5410.08; Harris County; Texas","979","69","0","15","157","102","371","111","351","116","100","70","38","31","0","15","38","31","0","15","0","15","0","15","373","123","0","15","68","56","197","100","108","69","0","15","214","121","0","15","51","81","20","23","107","87","36","55","354","116","0","15","0","15","154","86","136","95","64","46",
"1400000US48201541009","Census Tract 5410.09; Harris County; Texas","1694","162","63","57","374","152","935","214","133","93","189","106","385","162","36","43","278","145","71","84","0","15","0","15","491","176","0","15","43","31","448","179","0","15","0","15","285","153","0","15","40","44","176","136","69","66","0","15","533","140","27","34","13","22","240","115","64","78","189","106",
"1400000US48201541100","Census Tract 5411; Harris County; Texas","2471","297","28","47","413","180","1271","404","588","251","171","101","459","212","28","47","317","174","114","147","0","21","0","21","593","198","0","21","66","50","401","153","126","128","0","21","253","121","0","21","30","47","122","90","87","82","14","23","1166","387","0","21","0","21","634","386","375","202","157","97",
"1400000US48201541203","Census Tract 5412.03; Harris County; Texas","963","67","3","5","159","54","556","99","155","63","90","49","135","50","0","15","91","37","44","35","0","15","0","15","500","92","3","5","57","35","332","92","59","26","49","43","204","76","0","15","5","8","121","55","48","33","30","26","124","50","0","15","6","11","59","37","48","46","11","14",
"1400000US48201541204","Census Tract 5412.04; Harris County; Texas","1797","227","28","34","492","255","633","306","413","211","231","98","222","110","0","21","161","98","61","59","0","21","0","21","521","237","28","34","43","48","384","267","53","47","13","21","384","234","0","21","76","63","28","34","208","200","72","79","670","158","0","21","212","155","160","98","152","88","146","102",
"1400000US48201541205","Census Tract 5412.05; Harris County; Texas","1184","356","10","19","432","342","513","159","144","83","85","67","135","75","10","19","111","67","14","23","0","15","0","15","509","344","0","15","270","342","225","83","14","21","0","15","194","90","0","15","51","52","124","80","19","21","0","15","346","136","0","15","0","15","150","117","111","76","85","67",
"1400000US48201541206","Census Tract 5412.06; Harris County; Texas","1587","220","0","15","304","114","791","204","402","235","90","59","236","109","0","15","212","107","16","21","8","13","0","15","562","175","0","15","59","43","381","157","122","127","0","15","241","97","0","15","33","41","160","93","22","36","26","28","548","210","0","15","0","15","234","99","250","186","64","52",
"1400000US48201541207","Census Tract 5412.07; Harris County; Texas","1440","145","0","15","156","89","707","159","472","145","105","103","57","67","0","15","57","67","0","15","0","15","0","15","595","153","0","15","51","48","487","149","57","47","0","15","351","151","0","15","0","15","125","80","215","129","11","17","437","151","0","15","48","55","95","92","200","78","94","101",
"1400000US48201541301","Census Tract 5413.01; Harris County; Texas","2064","216","61","76","822","255","959","205","156","124","66","55","599","247","0","21","421","201","152","151","26","41","0","21","589","228","43","69","145","92","382","173","19","40","0","21","246","168","0","21","40","60","151","142","4","26","51","51","630","181","18","32","216","130","274","173","107","110","15","30",
"1400000US48201541302","Census Tract 5413.02; Harris County; Texas","2049","394","25","42","386","142","676","371","614","216","348","271","214","97","25","42","94","62","40","50","55","76","0","21","361","141","0","21","106","83","242","129","0","21","13","20","449","192","0","21","77","95","85","90","209","164","78","79","1025","473","0","21","109","80","309","363","350","144","257","260",
"1400000US48201541401","Census Tract 5414.01; Harris County; Texas","1376","140","82","73","417","123","519","213","323","123","35","52","283","132","14","23","263","131","0","15","6","11","0","15","253","124","24","40","80","79","97","68","52","63","0","15","226","104","0","15","19","30","71","62","136","86","0","15","614","218","44","62","55","93","351","221","129","93","35","52",
"1400000US48201541402","Census Tract 5414.02; Harris County; Texas","814","47","0","15","185","79","392","128","166","119","71","44","134","57","0","15","112","57","22","20","0","15","0","15","283","111","0","15","16","24","192","99","58","47","17","24","145","113","0","15","11","13","36","47","98","110","0","15","252","111","0","15","46","46","142","126","10","17","54","37",
"1400000US48201541403","Census Tract 5414.03; Harris County; Texas","1192","415","0","15","216","114","895","436","37","44","44","52","351","166","0","15","160","104","191","142","0","15","0","15","235","160","0","15","56","62","179","154","0","15","0","15","387","417","0","15","0","15","362","417","25","36","0","15","219","114","0","15","0","15","163","101","12","34","44","52",
"1400000US48201541404","Census Tract 5414.04; Harris County; Texas","1115","154","0","15","267","119","436","155","258","134","154","150","228","120","0","15","213","116","15","22","0","15","0","15","187","106","0","15","47","62","140","96","0","15","0","15","162","120","0","15","7","21","0","15","155","118","0","15","538","140","0","15","0","15","281","120","103","82","154","150",
"1400000US48201541500","Census Tract 5415; Harris County; Texas","1677","260","37","44","309","146","988","304","212","120","131","75","207","112","0","21","119","85","88","78","0","21","0","21","476","153","17","27","97","66","272","137","81","88","9","14","447","236","20","33","81","94","290","199","56","71","0","21","547","269","0","21","12","20","338","238","75","56","122","74",
"1400000US48201541603","Census Tract 5416.03; Harris County; Texas","2190","186","21","34","736","195","704","213","378","198","351","154","263","171","21","34","200","177","42","49","0","21","0","21","724","237","0","21","268","184","320","124","120","113","16","28","485","220","0","21","102","106","191","184","101","67","91","98","718","259","0","21","166","161","151","123","157","140","244","120",
"1400000US48201541604","Census Tract 5416.04; Harris County; Texas","3439","378","72","100","528","195","1324","246","1022","359","493","213","434","190","31","52","379","155","24","37","0","23","0","23","1213","358","0","23","122","114","608","196","483","313","0","23","794","287","18","60","18","28","238","163","324","206","196","155","998","259","23","43","9","15","454","172","215","159","297","132",
"1400000US48201541701","Census Tract 5417.01; Harris County; Texas","1709","329","0","21","395","153","803","367","420","172","91","59","127","91","0","21","117","91","10","18","0","21","0","21","367","151","0","21","151","91","107","83","102","83","7","15","206","133","0","21","39","48","124","124","35","44","8","15","1009","319","0","21","88","105","562","354","283","124","76","58",
"1400000US48201541702","Census Tract 5417.02; Harris County; Texas","1193","189","125","153","461","154","402","181","102","112","103","105","421","216","125","153","290","149","6","11","0","15","0","15","421","178","0","15","73","77","278","151","70","103","0","15","207","144","0","15","19","72","118","133","32","54","38","44","144","118","0","15","79","68","0","15","0","15","65","93",
"1400000US48201541703","Census Tract 5417.03; Harris County; Texas","1820","196","121","71","794","198","718","224","167","129","20","52","615","172","90","70","464","162","16","27","45","63","0","15","760","191","31","55","296","123","433","179","0","15","0","15","296","170","0","15","34","39","140","112","122","117","0","15","149","96","0","15","0","15","129","97","0","15","20","52",
"1400000US48201541801","Census Tract 5418.01; Harris County; Texas","1707","230","47","56","822","176","578","246","123","76","137","92","615","194","32","49","569","192","0","15","14","27","0","15","550","185","0","15","158","88","370","187","22","30","0","15","103","59","0","15","0","15","64","53","39","28","0","15","439","195","15","28","95","95","144","143","48","58","137","92",
"1400000US48201541802","Census Tract 5418.02; Harris County; Texas","1932","178","131","99","1090","282","598","268","82","86","31","71","704","229","94","83","565","223","45","72","0","15","0","15","823","294","0","15","332","200","424","251","67","83","0","15","261","157","37","60","193","144","16","26","15","23","0","15","144","123","0","15","0","15","113","105","0","15","31","71",
"1400000US48201541901","Census Tract 5419.01; Harris County; Texas","883","59","33","31","313","101","311","92","142","65","84","47","109","72","25","28","84","73","0","15","0","15","0","15","309","107","8","12","102","93","169","66","30","34","0","15","215","96","0","15","53","50","92","66","70","53","0","15","250","83","0","15","74","58","50","31","42","31","84","47",
"1400000US48201541902","Census Tract 5419.02; Harris County; Texas","1507","144","23","27","353","173","646","140","378","163","107","78","187","87","0","15","113","73","74","62","0","15","0","15","459","104","11","17","40","32","335","99","73","69","0","15","252","122","9","15","0","15","86","58","121","97","36","36","609","167","3","12","200","162","151","64","184","132","71","70",
"1400000US48201542001","Census Tract 5420.01; Harris County; Texas","1320","219","49","58","358","176","469","143","150","89","294","242","272","172","49","58","223","166","0","15","0","15","0","15","436","167","0","15","87","65","308","149","41","57","0","15","94","63","0","15","14","15","20","44","51","46","9","16","518","252","0","15","34","56","141","96","58","57","285","242",
"1400000US48201542002","Census Tract 5420.02; Harris County; Texas","784","264","0","15","127","98","443","264","198","98","16","23","16","23","0","15","16","23","0","15","0","15","0","15","199","96","0","15","72","72","43","52","84","79","0","15","273","244","0","15","0","15","203","240","70","51","0","15","296","65","0","15","39","59","197","52","44","41","16","23",
"1400000US48201542003","Census Tract 5420.03; Harris County; Texas","1111","202","0","15","390","232","447","135","215","105","59","64","116","82","0","15","116","82","0","15","0","15","0","15","250","98","0","15","17","25","191","95","42","44","0","15","343","225","0","15","170","207","136","81","37","48","0","15","402","108","0","15","87","92","120","91","136","79","59","64",
"1400000US48201542004","Census Tract 5420.04; Harris County; Texas","1016","231","34","37","354","232","363","114","143","80","122","53","155","61","30","36","62","52","26","27","37","49","0","15","290","123","4","9","56","43","196","111","34","33","0","15","127","63","0","15","0","15","60","51","13","26","54","48","444","228","0","15","236","229","81","45","59","46","68","46",
"1400000US48201542103","Census Tract 5421.03; Harris County; Texas","2877","188","0","21","905","364","1295","336","532","315","145","121","409","232","0","21","269","154","121","132","0","21","19","72","571","309","0","21","386","266","139","130","46","76","0","21","788","404","0","21","99","97","398","280","196","172","95","85","1109","305","0","21","151","129","637","250","290","278","31","62",
"1400000US48201542104","Census Tract 5421.04; Harris County; Texas","2408","652","13","21","503","243","1055","682","658","299","179","136","292","178","0","21","220","174","72","79","0","21","0","21","916","704","13","21","188","154","589","669","126","114","0","21","291","228","0","21","0","21","274","227","17","28","0","21","909","289","0","21","95","75","120","97","515","280","179","136",
"1400000US48201542105","Census Tract 5421.05; Harris County; Texas","3182","366","141","171","916","471","1199","353","332","187","594","336","528","308","112","166","375","289","41","46","0","23","0","23","1057","450","0","23","467","394","499","263","66","65","25","41","469","299","29","50","23","37","92","103","56","73","269","320","1128","308","0","23","51","62","567","286","210","134","300","132",
"1400000US48201542106","Census Tract 5421.06; Harris County; Texas","2827","535","69","66","647","473","933","257","932","381","246","170","621","484","48","58","511","458","47","45","15","25","0","21","475","229","21","37","46","51","290","219","118","84","0","21","863","334","0","21","0","21","311","156","517","347","35","57","868","246","0","21","90","101","285","173","282","202","211","163",
"1400000US48201542107","Census Tract 5421.07; Harris County; Texas","1033","95","0","15","383","160","374","151","190","122","86","71","113","92","0","15","98","89","15","26","0","15","0","15","240","104","0","15","83","66","119","71","38","54","0","15","228","139","0","15","130","138","61","64","37","37","0","15","452","163","0","15","72","97","179","117","115","95","86","71",
"1400000US48201542108","Census Tract 5421.08; Harris County; Texas","1278","477","10","13","239","138","600","494","167","83","262","147","105","69","0","21","97","69","8","10","0","21","0","21","116","57","6","10","15","18","66","48","20","32","9","16","406","491","0","21","2","5","377","488","27","32","0","21","651","185","4","7","125","115","149","78","120","67","253","143",
"1400000US48201542201","Census Tract 5422.01; Harris County; Texas","1845","143","52","85","582","215","696","239","474","336","41","75","159","102","0","21","159","102","0","21","0","21","0","21","267","162","0","21","134","115","133","125","0","21","0","21","570","304","52","85","64","78","221","195","233","239","0","21","849","352","0","21","225","186","342","195","241","238","41","75",
"1400000US48201542202","Census Tract 5422.02; Harris County; Texas","3371","394","271","270","829","301","1357","408","725","304","189","126","363","212","0","23","233","151","41","69","89","129","0","23","1080","478","169","234","270","240","575","345","66","71","0","23","492","231","27","49","171","172","170","152","124","116","0","23","1436","346","75","119","155","146","571","234","446","211","189","126",
"1400000US48201542203","Census Tract 5422.03; Harris County; Texas","3703","581","97","126","850","474","1715","414","756","458","285","183","403","245","0","23","173","126","208","192","22","50","0","23","1186","507","97","126","468","453","470","219","144","140","7","14","1046","475","0","23","108","131","664","327","274","345","0","23","1068","296","0","23","101","156","373","217","316","278","278","181",
"1400000US48201542302","Census Tract 5423.02; Harris County; Texas","2485","322","228","153","516","232","876","297","708","238","157","113","422","221","43","56","297","167","36","47","46","79","0","21","600","283","64","96","92","122","380","269","64","74","0","21","591","217","0","21","82","77","260","131","249","132","0","21","872","214","121","99","45","72","200","120","349","201","157","113",
"1400000US48201542303","Census Tract 5423.03; Harris County; Texas","1289","355","0","15","168","87","494","211","585","347","42","63","212","139","0","15","129","80","76","111","7","14","0","15","441","172","0","15","39","36","274","115","128","152","0","15","183","177","0","15","0","15","42","36","141","171","0","15","453","320","0","15","0","15","102","130","309","285","42","63",
"1400000US48201542304","Census Tract 5423.04; Harris County; Texas","1604","300","0","21","425","306","746","234","326","160","107","97","116","63","0","21","86","49","30","37","0","21","0","21","479","176","0","21","137","117","275","149","67","78","0","21","312","211","0","21","0","21","155","153","112","116","45","72","697","323","0","21","202","282","286","173","147","97","62","66",
"1400000US48201542305","Census Tract 5423.05; Harris County; Texas","1459","131","0","15","443","174","654","210","185","114","177","107","151","129","0","15","97","71","54","89","0","15","0","15","319","131","0","15","26","39","230","113","17","29","46","65","495","187","0","15","102","97","260","143","133","108","0","15","494","135","0","15","218","153","110","86","35","41","131","81",
"1400000US48201542401","Census Tract 5424.01; Harris County; Texas","1665","272","209","234","751","257","428","188","182","104","95","86","386","248","202","233","184","104","0","15","0","15","0","15","285","171","7","14","188","147","85","83","5","28","0","15","539","268","0","15","225","211","240","165","74","61","0","15","455","189","0","15","154","121","103","95","103","80","95","86",
"1400000US48201542402","Census Tract 5424.02; Harris County; Texas","1994","206","41","52","762","284","665","295","339","204","187","135","402","207","22","39","236","175","103","133","41","67","0","21","708","248","0","21","225","174","353","195","64","63","66","101","388","169","19","32","131","167","131","84","90","97","17","28","496","217","0","21","170","169","78","83","144","159","104","109",
"1400000US48201542500","Census Tract 5425; Harris County; Texas","1822","318","64","56","859","304","725","213","117","78","57","43","759","285","64","56","674","298","8","12","13","21","0","15","547","192","0","15","78","41","376","175","85","67","8","12","278","126","0","15","30","29","197","111","19","23","32","33","238","74","0","15","77","67","144","72","0","15","17","23",
"1400000US48201542600","Census Tract 5426; Harris County; Texas","2195","239","140","134","520","177","1234","289","252","134","49","56","440","176","116","134","315","160","9","17","0","21","0","21","821","179","24","42","112","98","685","165","0","21","0","21","254","142","0","21","35","45","182","144","37","44","0","21","680","197","0","21","58","88","358","218","215","129","49","56",
"1400000US48201542700","Census Tract 5427; Harris County; Texas","1818","273","13","20","598","196","754","202","345","160","108","63","567","192","13","20","431","179","123","75","0","15","0","15","441","180","0","15","99","105","302","141","40","34","0","15","362","192","0","15","37","62","133","93","172","153","20","29","448","118","0","15","31","50","196","112","133","84","88","57",
"1400000US48201542800","Census Tract 5428; Harris County; Texas","2721","209","12","18","473","217","1441","252","642","234","153","100","302","156","0","21","234","144","42","51","26","45","0","21","924","253","12","18","239","171","585","188","88","125","0","21","356","176","0","21","0","21","206","142","136","94","14","23","1139","212","0","21","0","21","608","195","392","184","139","97",
"1400000US48201542901","Census Tract 5429.01; Harris County; Texas","3632","304","122","127","930","325","1996","417","359","168","225","148","942","284","0","21","565","281","377","250","0","21","0","21","1054","309","122","127","365","201","457","212","45","68","65","100","778","299","0","21","0","21","585","295","115","98","78","81","858","335","0","21","0","21","577","360","199","143","82","59",
"1400000US48201542902","Census Tract 5429.02; Harris County; Texas","12699","982","492","341","3290","791","5422","992","2661","944","834","531","1703","670","0","31","1461","609","242","188","0","31","0","31","2795","734","225","244","748","439","1761","656","53","65","8","13","2998","821","142","216","291","199","1195","393","1068","661","302","379","5203","1095","125","155","790","462","2224","767","1540","731","524","312",
"1400000US48201543004","Census Tract 5430.04; Harris County; Texas","5605","489","0","23","1075","419","3331","516","1080","375","119","95","328","191","0","23","311","190","17","26","0","23","0","23","1899","529","0","23","246","191","1180","430","449","268","24","41","1221","430","0","23","279","306","770","354","172","141","0","23","2157","306","0","23","239","144","1364","254","459","257","95","90",
"1400000US48201543005","Census Tract 5430.05; Harris County; Texas","3821","329","187","170","954","356","1842","462","541","257","297","181","421","218","119","127","236","161","66","64","0","23","0","23","1247","338","0","23","359","235","721","254","167","135","0","23","934","374","0","23","120","115","612","328","125","114","77","87","1219","334","68","80","239","193","443","238","249","178","220","164",
"1400000US48201543006","Census Tract 5430.06; Harris County; Texas","5800","296","487","343","1436","505","2887","566","604","291","386","254","1134","332","324","285","810","330","0","23","0","23","0","23","1689","444","73","119","338","254","1181","392","91","81","6","34","960","408","0","23","235","264","500","307","177","110","48","58","2017","489","90","141","53","91","1206","352","336","263","332","260",
"1400000US48201543007","Census Tract 5430.07; Harris County; Texas","6862","755","117","132","1167","470","3433","727","1600","588","545","317","572","365","0","28","572","365","0","28","0","28","0","28","1861","525","75","117","301","205","1173","403","287","295","25","47","1485","529","0","28","186","158","467","250","752","437","80","101","2944","666","42","64","108","106","1793","641","561","277","440","293",
"1400000US48201543008","Census Tract 5430.08; Harris County; Texas","1528","157","105","108","267","175","883","166","145","106","128","99","136","121","0","21","103","102","16","44","3","11","14","23","547","176","62","90","56","55","299","132","48","64","82","88","141","107","0","21","4","13","118","96","5","27","14","21","704","162","43","66","104","149","450","136","89","90","18","43",
"1400000US48201543009","Census Tract 5430.09; Harris County; Texas","1135","185","31","41","325","91","499","135","270","169","10","30","155","86","0","21","115","102","40","58","0","21","0","21","182","102","0","21","53","49","77","81","52","60","0","21","274","96","31","41","0","21","187","86","56","42","0","21","524","201","0","21","157","61","195","145","162","155","10","30",
"1400000US48201543010","Census Tract 5430.10; Harris County; Texas","1455","236","0","21","188","117","744","327","297","137","226","73","190","117","0","21","145","109","45","65","0","21","0","21","226","134","0","21","13","23","186","135","0","21","27","43","82","74","0","21","0","21","30","55","31","43","21","35","957","273","0","21","30","47","483","299","266","136","178","63",
"1400000US48201543011","Census Tract 5430.11; Harris County; Texas","1201","315","0","15","125","97","647","325","332","177","97","72","105","101","0","15","65","66","38","70","0","15","2","7","303","180","0","15","27","33","215","173","57","62","4","7","188","163","0","15","0","15","141","161","12","20","35","43","605","316","0","15","33","65","253","261","263","157","56","61",
"1400000US48201543100","Census Tract 5431; Harris County; Texas","1437","146","47","70","256","110","698","159","317","121","119","63","180","91","0","15","109","72","54","60","0","15","17","18","589","178","0","15","73","66","372","148","131","100","13","19","187","66","0","15","0","15","95","54","65","36","27","40","481","145","47","70","74","64","177","70","121","79","62","50",
"1400000US48201543201","Census Tract 5432.01; Harris County; Texas","2677","287","117","183","1027","283","1227","337","222","97","84","73","969","300","117","183","679","231","173","160","0","21","0","21","557","211","0","21","136","101","368","184","34","40","19","39","586","235","0","21","18","32","449","214","101","78","18","31","565","289","0","21","194","179","237","192","87","80","47","51",
"1400000US48201543202","Census Tract 5432.02; Harris County; Texas","1770","227","119","92","644","223","858","197","149","77","0","15","707","230","119","92","549","226","39","48","0","15","0","15","611","227","0","15","95","81","436","208","80","61","0","15","170","129","0","15","0","15","131","126","39","38","0","15","282","109","0","15","0","15","252","105","30","40","0","15",
"1400000US48201550101","Census Tract 5501.01; Harris County; Texas","860","110","71","57","451","120","246","128","0","15","92","117","326","99","23","33","255","103","48","54","0","15","0","15","216","135","0","15","60","59","64","62","0","15","92","117","142","129","14","23","111","132","17","34","0","15","0","15","176","119","34","63","25","36","117","82","0","15","0","15",
"1400000US48201550102","Census Tract 5501.02; Harris County; Texas","1046","240","127","138","536","212","208","178","144","177","31","41","476","266","48","73","238","206","190","177","0","15","0","15","262","200","79","124","183","150","0","15","0","15","0","15","197","160","0","15","88","84","0","15","109","169","0","15","111","14","0","15","27","50","18","45","35","43","31","41",
"1400000US48201550201","Census Tract 5502.01; Harris County; Texas","664","154","75","53","300","172","212","99","77","53","0","15","224","143","8","13","172","141","25","40","19","29","0","15","88","76","25","41","9","14","54","62","0","15","0","15","185","120","18","31","102","107","20","31","45","50","0","15","167","84","24","28","17","20","113","78","13","21","0","15",
"1400000US48201550202","Census Tract 5502.02; Harris County; Texas","887","284","284","287","347","114","194","82","24","36","38","37","355","278","253","285","102","99","0","15","0","15","0","15","237","118","31","44","112","87","94","68","0","15","0","15","75","62","0","15","44","53","7","17","24","36","0","15","220","127","0","15","89","89","93","78","0","15","38","37",
"1400000US48201550303","Census Tract 5503.03; Harris County; Texas","1713","234","252","173","1219","234","190","111","52","65","0","15","769","281","114","93","618","251","37","44","0","15","0","15","650","231","0","15","538","215","112","95","0","15","0","15","153","152","77","125","24","51","0","15","52","65","0","15","141","113","61","91","39","60","41","45","0","15","0","15",
"1400000US48201550304","Census Tract 5503.04; Harris County; Texas","727","146","74","82","569","149","58","55","17","23","9","19","343","104","69","82","274","108","0","15","0","15","0","15","161","80","5","12","144","76","12","24","0","15","0","15","169","139","0","15","127","117","25","47","17","23","0","15","54","32","0","15","24","32","21","20","0","15","9","19",
"1400000US48201550305","Census Tract 5503.05; Harris County; Texas","1168","87","33","36","517","176","428","139","102","79","88","76","415","125","33","36","316","122","41","64","25","39","0","15","254","143","0","15","79","87","170","130","5","9","0","15","102","92","0","15","43","61","13","28","46","57","0","15","397","87","0","15","79","116","204","97","26","59","88","76",
"1400000US48201550306","Census Tract 5503.06; Harris County; Texas","1479","179","65","78","658","193","333","162","364","249","59","61","262","177","0","21","253","176","9","19","0","21","0","21","298","154","0","21","139","123","99","91","60","83","0","21","253","155","0","21","188","142","65","79","0","21","0","21","666","259","65","78","78","81","160","99","304","240","59","61",
"1400000US48201550307","Census Tract 5503.07; Harris County; Texas","1191","264","170","154","649","265","195","141","177","162","0","15","401","195","124","152","277","130","0","15","0","15","0","15","405","232","18","25","93","159","171","140","123","156","0","15","105","99","0","15","51","84","0","15","54","62","0","15","280","173","28","31","228","172","24","32","0","15","0","15",
"1400000US48201550308","Census Tract 5503.08; Harris County; Texas","1349","221","142","133","979","226","205","124","0","15","23","45","657","222","0","15","576","208","58","68","0","15","23","45","318","163","44","64","213","148","61","67","0","15","0","15","185","117","0","15","162","125","23","29","0","15","0","15","189","157","98","118","28","46","63","79","0","15","0","15",
"1400000US48201550403","Census Tract 5504.03; Harris County; Texas","1177","169","339","209","272","179","465","255","13","35","88","131","358","188","188","138","94","128","0","15","0","15","76","122","497","215","151","181","144","141","202","171","0","15","0","15","78","81","0","15","34","60","44","54","0","15","0","15","244","180","0","15","0","15","219","194","13","35","12","42",
"1400000US48201550404","Census Tract 5504.04; Harris County; Texas","2065","228","92","77","367","175","969","254","432","161","205","105","381","179","77","75","188","151","54","71","62","83","0","21","632","223","15","23","179","146","347","166","91","76","0","21","284","154","0","21","0","21","156","111","82","78","46","48","768","253","0","21","0","21","412","218","197","124","159","105",
"1400000US48201550405","Census Tract 5504.05; Harris County; Texas","2365","338","169","116","994","275","839","397","326","174","37","67","518","218","121","135","370","178","27","46","0","21","0","21","638","211","48","82","294","187","144","105","152","59","0","21","555","345","0","21","142","181","294","289","119","121","0","21","654","245","0","21","188","114","374","229","55","103","37","67",
"1400000US48201550406","Census Tract 5504.06; Harris County; Texas","1530","205","201","155","784","217","295","184","145","101","105","84","424","217","134","132","290","179","0","15","0","15","0","15","484","216","0","15","383","212","101","79","0","15","0","15","258","182","0","15","58","79","142","144","31","42","27","40","364","152","67","80","53","94","52","64","114","94","78","75",
"1400000US48201550407","Census Tract 5504.07; Harris County; Texas","1701","421","158","173","300","150","491","151","252","158","500","448","234","196","102","156","118","104","14","21","0","21","0","21","338","151","46","72","64","84","160","110","68","76","0","21","241","124","0","21","0","21","140","93","41","65","60","75","888","429","10","15","118","100","177","134","143","84","440","420",
"1400000US48201550500","Census Tract 5505; Harris County; Texas","1936","258","103","67","592","216","560","199","582","210","99","69","428","185","76","61","294","161","58","71","0","21","0","21","320","190","0","21","118","110","139","114","63","59","0","21","240","135","0","21","51","71","75","66","38","65","76","67","948","223","27","40","129","119","288","156","481","191","23","27",
"1400000US48201550601","Census Tract 5506.01; Harris County; Texas","2177","395","17","27","339","131","1053","339","544","328","224","137","135","80","0","21","81","57","54","58","0","21","0","21","739","247","17","27","86","74","337","117","226","253","73","95","638","298","0","21","56","56","417","294","86","85","79","77","665","225","0","21","116","94","245","118","232","188","72","66",
"1400000US48201550602","Census Tract 5506.02; Harris County; Texas","726","54","31","36","168","62","251","71","157","78","119","64","173","66","26","35","78","46","69","46","0","15","0","15","151","61","5","10","30","22","107","58","9","13","0","15","129","67","0","15","0","15","16","18","90","65","23","21","273","64","0","15","60","46","59","42","58","40","96","60",
"1400000US48201550603","Census Tract 5506.03; Harris County; Texas","1461","164","121","105","365","147","618","158","200","99","157","81","334","119","85","83","144","92","91","71","0","21","14","23","261","137","36","63","90","78","119","74","16","27","0","21","270","140","0","21","110","115","81","84","61","68","18","31","596","149","0","21","21","29","327","113","123","84","125","73",
"1400000US48201550700","Census Tract 5507; Harris County; Texas","1376","461","90","67","199","86","578","179","91","65","418","439","177","91","12","20","130","70","35","50","0","21","0","21","195","92","0","21","62","66","133","73","0","21","0","21","228","115","78","62","0","21","83","71","30","28","37","54","776","464","0","21","7","17","327","157","61","58","381","438",
"1400000US48201550800","Census Tract 5508; Harris County; Texas","988","114","9","14","262","84","420","137","160","73","137","83","123","65","0","15","68","50","48","39","0","15","7","15","299","105","9","14","95","57","125","94","70","52","0","15","116","59","0","15","34","34","51","43","31","31","0","15","450","134","0","15","65","66","196","99","59","54","130","83",
"1400000US48201550901","Census Tract 5509.01; Harris County; Texas","1615","368","80","110","290","143","670","379","232","116","343","128","202","107","13","23","124","84","37","46","0","21","28","35","395","169","0","21","128","121","267","131","0","21","0","21","234","115","0","21","38","41","43","40","119","99","34","48","784","355","67","108","0","21","323","334","113","63","281","113",
"1400000US48201550902","Census Tract 5509.02; Harris County; Texas","1321","140","24","40","443","175","428","170","325","135","101","67","246","137","24","40","153","113","69","68","0","15","0","15","238","131","0","15","45","52","175","143","18","27","0","15","192","119","0","15","19","27","64","72","109","89","0","15","645","135","0","15","226","127","120","86","198","103","101","67",
"1400000US48201551000","Census Tract 5510; Harris County; Texas","1097","204","0","15","488","196","320","84","172","72","117","90","164","144","0","15","164","144","0","15","0","15","0","15","342","109","0","15","206","109","114","45","22","23","0","15","181","79","0","15","27","34","61","48","79","62","14","19","410","120","0","15","91","64","145","61","71","60","103","89",
"1400000US48201551101","Census Tract 5511.01; Harris County; Texas","1696","282","241","142","864","299","484","193","93","85","14","24","794","220","153","113","577","251","0","15","64","74","0","15","450","233","72","86","103","108","252","194","23","39","0","15","178","134","16","24","107","117","55","76","0","15","0","15","274","91","0","15","77","66","177","83","6","20","14","24",
"1400000US48201551102","Census Tract 5511.02; Harris County; Texas","1807","289","199","188","268","136","670","331","406","195","264","192","109","66","0","21","83","54","26","33","0","21","0","21","285","139","0","21","36","43","206","136","43","48","0","21","526","330","118","155","44","62","267","279","75","98","22","37","887","223","81","119","105","104","171","136","288","175","242","191",
"1400000US48201551201","Census Tract 5512.01; Harris County; Texas","1567","297","259","218","328","172","476","160","260","79","244","256","226","143","16","26","139","125","60","67","11","19","0","15","555","223","243","218","55","56","213","88","39","46","5","8","327","169","0","15","109","119","108","154","74","57","36","56","459","251","0","15","25","34","95","49","136","59","203","247",
"1400000US48201551202","Census Tract 5512.02; Harris County; Texas","1260","347","104","108","378","118","387","100","274","333","117","52","316","110","95","97","191","100","30","33","0","15","0","15","323","101","0","15","109","104","208","55","6","17","0","15","150","115","0","15","78","67","72","75","0","15","0","15","471","336","9","18","0","15","77","67","268","332","117","52",
"1400000US48201551300","Census Tract 5513; Harris County; Texas","1123","217","16","25","115","83","492","106","416","234","84","70","140","82","0","15","74","77","49","40","17","26","0","15","333","96","16","25","28","35","160","74","129","105","0","15","230","101","0","15","13","20","123","81","51","38","43","57","420","212","0","15","0","15","160","77","219","224","41","44",
"1400000US48201551400","Census Tract 5514; Harris County; Texas","2380","425","18","31","867","386","913","278","300","198","282","153","734","342","18","31","662","339","54","60","0","21","0","21","577","232","0","21","198","175","379","177","0","21","0","21","452","250","0","21","0","21","226","213","111","92","115","116","617","231","0","21","7","20","254","139","189","175","167","96",
"1400000US48201551501","Census Tract 5515.01; Harris County; Texas","1581","256","46","59","934","339","244","160","341","212","16","27","472","191","27","42","312","148","111","141","22","35","0","15","401","191","0","15","283","170","25","57","93","125","0","15","343","268","0","15","188","180","42","75","113","134","0","15","365","261","19","43","151","176","66","73","113","131","16","27",
"1400000US48201551502","Census Tract 5515.02; Harris County; Texas","1387","237","81","87","524","295","405","120","263","81","114","75","176","136","0","15","126","104","50","77","0","15","0","15","392","153","18","29","213","145","117","83","44","49","0","15","303","133","63","80","47","75","99","66","70","50","24","36","516","232","0","15","138","212","139","78","149","104","90","72",
"1400000US48201551601","Census Tract 5516.01; Harris County; Texas","937","193","6","13","424","128","357","182","150","48","0","15","161","78","6","13","141","76","14","24","0","15","0","15","279","126","0","15","122","92","145","68","12","21","0","15","141","70","0","15","19","34","32","33","90","53","0","15","356","208","0","15","142","111","166","168","48","52","0","15",
"1400000US48201551602","Census Tract 5516.02; Harris County; Texas","1552","177","42","55","538","120","560","201","338","152","74","48","419","169","32","54","287","130","100","114","0","15","0","15","397","149","10","16","140","96","209","120","38","43","0","15","346","131","0","15","62","67","99","69","179","104","6","12","390","174","0","15","49","60","152","115","121","124","68","49",
"1400000US48201551702","Census Tract 5517.02; Harris County; Texas","1481","249","13","21","316","81","658","231","313","90","181","106","192","63","13","21","156","70","11","17","0","15","12","19","572","182","0","15","160","80","277","142","83","46","52","82","284","109","0","15","0","15","157","93","115","48","12","17","433","157","0","15","0","15","213","139","115","59","105","61",
"1400000US48201551703","Census Tract 5517.03; Harris County; Texas","3066","341","111","129","1165","354","1184","282","556","232","50","56","773","230","17","29","599","209","93","64","64","94","0","21","1057","314","94","128","353","302","582","214","28","38","0","21","392","163","0","21","41","46","132","96","183","142","36","51","844","214","0","21","172","136","377","161","281","155","14","22",
"1400000US48201551704","Census Tract 5517.04; Harris County; Texas","1475","242","68","62","413","135","595","151","330","227","69","55","354","123","53","59","301","128","0","15","0","15","0","15","492","165","0","15","85","67","331","134","76","58","0","15","200","89","0","15","27","34","132","68","41","36","0","15","429","223","15","23","0","15","132","110","213","215","69","55",
"1400000US48201551705","Census Tract 5517.05; Harris County; Texas","1617","191","100","116","461","188","567","171","220","132","269","124","356","163","24","42","289","157","43","47","0","15","0","15","563","178","76","112","95","85","366","149","0","15","26","43","216","126","0","15","77","85","65","61","74","78","0","15","482","167","0","15","0","15","93","111","146","106","243","140",
"1400000US48201551800","Census Tract 5518; Harris County; Texas","1446","182","0","15","328","96","733","146","192","94","193","80","297","89","0","15","209","75","47","31","27","40","14","26","504","123","0","15","104","68","345","103","16","21","39","33","338","120","0","15","0","15","158","83","104","65","76","77","307","75","0","15","15","25","183","60","45","49","64","39",
"1400000US48201551901","Census Tract 5519.01; Harris County; Texas","1099","289","28","39","514","182","547","316","10","16","0","15","299","181","6","11","269","187","24","38","0","15","0","15","596","337","22","36","167","139","407","305","0","15","0","15","68","67","0","15","0","15","58","68","10","16","0","15","136","84","0","15","78","38","58","89","0","15","0","15",
"1400000US48201551902","Census Tract 5519.02; Harris County; Texas","2140","279","105","107","1254","289","564","268","169","105","48","73","847","288","87","101","744","284","16","24","0","15","0","15","630","241","18","28","218","162","377","243","17","28","0","15","406","168","0","15","154","133","140","85","64","68","48","73","257","118","0","15","138","98","31","38","88","101","0","15",
"1400000US48201552002","Census Tract 5520.02; Harris County; Texas","733","143","18","20","416","158","180","69","76","43","43","30","375","151","0","15","360","156","15","23","0","15","0","15","176","76","18","20","17","19","129","68","5","7","7","8","73","42","0","15","0","15","32","26","21","25","20","23","109","52","0","15","39","33","4","7","50","39","16","23",
"1400000US48201552003","Census Tract 5520.03; Harris County; Texas","1763","389","275","266","341","138","816","330","282","142","49","39","380","251","200","255","170","109","10","15","0","15","0","15","743","283","54","77","62","48","550","301","62","48","15","25","340","141","21","39","20","34","178","106","107","65","14","21","300","185","0","15","89","93","78","89","113","132","20","22",
"1400000US48201552004","Census Tract 5520.04; Harris County; Texas","1633","247","171","126","800","245","556","192","64","42","42","35","714","228","171","126","494","216","49","68","0","15","0","15","541","196","0","15","136","106","346","171","59","40","0","15","210","90","0","15","87","82","114","60","0","15","9","15","168","80","0","15","83","64","47","38","5","10","33","33",
"1400000US48201552101","Census Tract 5521.01; Harris County; Texas","1755","273","0","15","1014","284","559","162","150","89","32","38","546","244","0","15","546","244","0","15","0","15","0","15","518","180","0","15","159","138","340","150","12","17","7","13","265","127","0","15","137","93","65","65","38","44","25","36","426","130","0","15","172","110","154","96","100","66","0","15",
"1400000US48201552102","Census Tract 5521.02; Harris County; Texas","2316","439","19","33","860","423","1020","270","292","132","125","85","508","292","0","21","437","280","71","82","0","21","0","21","886","382","0","21","256","302","425","166","147","124","58","65","426","201","19","33","21","33","262","190","82","60","42","53","496","189","0","21","146","102","262","184","63","63","25","33",
"1400000US48201552103","Census Tract 5521.03; Harris County; Texas","1271","134","112","89","353","105","427","119","148","111","231","127","317","81","106","87","146","70","22","22","33","46","10","15","271","67","6","10","54","39","205","65","6","13","0","15","193","131","0","15","67","50","34","26","92","88","0","15","490","167","0","15","86","69","166","89","17","21","221","126",
"1400000US48201552200","Census Tract 5522; Harris County; Texas","2973","459","19","30","1134","432","1136","324","540","261","144","87","1235","407","0","21","873","410","294","256","45","70","23","37","625","202","19","30","174","114","356","177","35","41","41","50","369","157","0","21","33","39","147","86","128","115","61","67","744","236","0","21","54","54","339","170","332","209","19","29",
"1400000US48201552301","Census Tract 5523.01; Harris County; Texas","1654","254","10","14","704","316","422","132","335","124","183","162","271","116","0","15","260","115","11","15","0","15","0","15","419","195","10","14","165","168","214","72","30","29","0","15","468","231","0","15","150","184","68","67","198","101","52","53","496","192","0","15","129","150","129","80","107","80","131","152",
"1400000US48201552303","Census Tract 5523.03; Harris County; Texas","1638","212","47","76","1145","301","418","227","28","34","0","15","783","275","0","15","783","275","0","15","0","15","0","15","330","218","47","76","201","172","82","73","0","15","0","15","426","182","0","15","96","93","322","212","8","14","0","15","99","108","0","15","65","101","14","25","20","27","0","15",
"1400000US48201552304","Census Tract 5523.04; Harris County; Texas","707","164","4","7","129","57","445","185","80","45","49","32","142","71","4","7","84","49","49","58","5","8","0","15","342","136","0","15","45","31","239","139","46","38","12","13","89","56","0","15","0","15","76","60","5","11","8","12","134","90","0","15","0","15","81","81","24","30","29","27",
"1400000US48201552401","Census Tract 5524.01; Harris County; Texas","1944","387","211","101","765","265","616","232","268","286","84","50","558","221","202","101","327","219","29","29","0","21","0","21","434","155","9","14","226","114","199","91","0","21","0","21","390","241","0","21","212","143","162","197","7","12","9","13","562","300","0","21","0","21","226","114","261","286","75","49",
"1400000US48201552402","Census Tract 5524.02; Harris County; Texas","1006","295","39","39","195","129","371","89","95","51","306","294","175","124","0","15","150","123","25","27","0","15","0","15","214","67","15","25","23","24","169","60","7","13","0","15","355","302","24","31","0","15","62","43","14","17","255","293","262","90","0","15","22","25","115","71","74","45","51","42",
"1400000US48201552501","Census Tract 5525.01; Harris County; Texas","1645","475","189","169","393","148","612","472","395","229","56","56","281","124","51","81","190","124","40","38","0","21","0","21","309","141","0","21","144","93","98","76","48","53","19","31","269","212","0","21","29","36","49","50","184","201","7","12","786","479","138","157","30","39","425","461","163","126","30","43",
"1400000US48201552502","Census Tract 5525.02; Harris County; Texas","2163","163","21","38","707","218","895","204","411","202","129","89","505","137","21","38","402","129","38","44","44","70","0","21","542","160","0","21","51","45","349","131","121","110","21","36","398","206","0","21","162","144","160","124","39","51","37","41","718","190","0","21","92","82","348","150","207","159","71","74",
"1400000US48201552602","Census Tract 5526.02; Harris County; Texas","3202","257","195","168","1237","345","1503","325","225","176","42","66","1081","422","145","150","746","315","190","173","0","21","0","21","830","367","0","21","192","162","638","301","0","21","0","21","647","222","11","19","217","187","262","159","157","153","0","21","644","347","39","62","82","138","413","308","68","90","42","66",
"1400000US48201552603","Census Tract 5526.03; Harris County; Texas","1721","290","149","91","828","193","714","295","20","33","10","18","312","135","63","51","214","108","35","46","0","21","0","21","608","261","57","69","334","205","217","163","0","21","0","21","253","161","0","21","18","30","215","165","20","33","0","21","548","301","29","47","262","160","247","252","0","21","10","18",
"1400000US48201552604","Census Tract 5526.04; Harris County; Texas","1161","430","49","37","463","392","353","98","235","233","61","45","156","64","26","29","124","62","6","11","0","15","0","15","519","399","11","19","320","392","143","69","20","23","25","34","179","74","12","18","19","20","90","58","37","38","21","31","307","211","0","15","0","15","114","67","178","228","15","20",
"1400000US48201552701","Census Tract 5527.01; Harris County; Texas","1594","313","218","165","837","256","339","139","184","146","16","18","793","231","218","165","553","217","22","26","0","15","0","15","429","194","0","15","232","188","155","95","42","41","0","15","201","167","0","15","18","29","78","85","105","142","0","15","171","84","0","15","34","51","84","83","37","31","16","18",
"1400000US48201552702","Census Tract 5527.02; Harris County; Texas","2615","406","50","80","1281","406","994","385","175","154","115","98","710","285","10","43","652","279","0","21","20","37","28","48","1019","397","0","21","351","229","666","321","2","11","0","21","311","288","0","21","168","252","23","35","84","107","36","64","575","402","40","64","110","175","305","321","69","74","51","61",
"1400000US48201552801","Census Tract 5528.01; Harris County; Texas","2553","400","59","56","1306","439","986","251","170","104","32","58","808","209","59","56","723","208","26","41","0","21","0","21","1168","367","0","21","366","360","758","245","44","51","0","21","406","184","0","21","217","147","138","116","19","39","32","58","171","111","0","21","0","21","64","75","107","89","0","21",
"1400000US48201552802","Census Tract 5528.02; Harris County; Texas","1670","235","80","109","734","262","652","177","130","83","74","96","473","181","80","109","297","114","15","20","19","33","62","94","574","227","0","15","201","156","363","135","10","14","0","15","367","187","0","15","181","171","138","114","48","46","0","15","256","89","0","15","55","96","136","82","53","53","12","18",
"1400000US48201552901","Census Tract 5529.01; Harris County; Texas","2446","266","22","34","1356","238","676","267","308","167","84","104","1205","236","22","34","1066","231","117","119","0","21","0","21","593","286","0","21","186","138","285","170","122","133","0","21","308","204","0","21","0","21","190","192","49","60","69","97","340","86","0","21","104","78","84","107","137","66","15","24",
"1400000US48201552902","Census Tract 5529.02; Harris County; Texas","1686","222","97","99","483","176","794","225","203","100","109","78","372","157","97","99","261","141","5","9","9","17","0","21","528","131","0","21","179","120","312","89","32","41","5","10","299","132","0","21","43","46","148","99","108","81","0","21","487","207","0","21","0","21","329","203","54","51","104","77",
"1400000US48201553001","Census Tract 5530.01; Harris County; Texas","2491","214","18","31","512","277","1401","325","424","212","136","105","553","270","0","21","343","260","210","204","0","21","0","21","731","277","18","31","157","168","531","210","17","27","8","13","564","278","0","21","12","24","360","236","140","131","52","64","643","152","0","21","0","21","300","113","267","179","76","77",
"1400000US48201553002","Census Tract 5530.02; Harris County; Texas","1616","174","43","68","473","139","691","205","262","158","147","92","293","137","43","68","205","117","45","40","0","15","0","15","596","156","0","15","110","77","383","123","79","79","24","26","285","130","0","15","76","71","76","66","65","76","68","68","442","172","0","15","82","73","187","159","118","111","55","54",
"1400000US48201553101","Census Tract 5531.01; Harris County; Texas","1475","249","53","87","651","245","422","235","272","230","77","121","465","191","53","87","349","205","63","74","0","15","0","15","441","226","0","15","90","70","301","216","50","59","0","15","240","229","0","15","70","94","37","46","133","209","0","15","329","136","0","15","142","114","21","29","89","79","77","121",
"1400000US48201553102","Census Tract 5531.02; Harris County; Texas","1460","253","88","104","668","241","342","132","177","112","185","130","486","197","74","101","370","188","42","38","0","21","0","21","324","120","0","21","116","82","84","57","51","60","73","72","202","170","0","21","92","144","28","36","67","81","15","26","448","154","14","18","90","76","188","136","59","63","97","109",
"1400000US48201553201","Census Tract 5532.01; Harris County; Texas","967","243","45","67","333","108","323","231","153","60","113","65","415","213","45","67","248","104","122","189","0","15","0","15","200","68","0","15","85","63","72","41","17","25","26","41","78","113","0","15","0","15","78","113","0","15","0","15","274","44","0","15","0","15","51","56","136","57","87","60",
"1400000US48201553202","Census Tract 5532.02; Harris County; Texas","1927","293","181","150","1226","307","275","149","202","125","43","67","758","340","90","91","596","309","72","61","0","15","0","15","511","219","17","30","427","211","27","49","40","63","0","15","341","211","0","15","155","146","62","103","81","115","43","67","317","159","74","119","48","76","114","91","81","68","0","15",
"1400000US48201553300","Census Tract 5533; Harris County; Texas","1946","416","199","167","1198","436","549","283","0","15","0","15","879","358","153","154","620","371","106","5","0","15","0","15","578","332","46","62","291","268","241","192","0","15","0","15","295","195","0","15","249","185","46","70","0","15","0","15","194","178","0","15","38","45","156","177","0","15","0","15",
"1400000US48201553401","Census Tract 5534.01; Harris County; Texas","1427","155","36","43","249","91","670","136","378","138","94","58","172","67","9","14","138","61","25","26","0","15","0","15","511","113","0","15","59","37","399","107","48","35","5","9","215","77","0","15","52","57","63","40","100","54","0","15","529","148","27","41","0","15","183","100","230","130","89","57",
"1400000US48201553403","Census Tract 5534.03; Harris County; Texas","2920","229","149","170","927","267","1103","263","566","223","175","127","530","209","113","162","321","143","83","74","13","22","0","21","1084","323","36","53","293","266","602","182","142","113","11","17","378","236","0","21","179","177","151","138","48","59","0","21","928","224","0","21","134","113","267","160","363","195","164","124",
"1400000US48201553404","Census Tract 5534.04; Harris County; Texas","1090","170","6","10","196","79","652","179","117","70","119","74","96","62","0","15","96","62","0","15","0","15","0","15","402","101","0","15","0","15","332","103","48","47","22","32","164","75","0","15","59","44","52","41","50","47","3","12","428","173","6","10","41","46","268","169","19","21","94","65",
"1400000US48201553405","Census Tract 5534.05; Harris County; Texas","2160","368","17","28","622","245","1050","312","321","151","150","91","346","145","17","28","247","136","82","61","0","21","0","21","564","158","0","21","141","85","306","114","77","55","40","54","485","225","0","21","210","208","159","77","83","72","33","41","765","284","0","21","24","31","503","280","161","108","77","57",
"1400000US48201553500","Census Tract 5535; Harris County; Texas","2485","302","60","95","735","226","1086","322","455","194","149","103","578","203","0","21","491","179","87","109","0","21","0","21","537","201","0","21","204","146","236","137","43","58","54","88","520","194","60","95","0","21","217","121","243","145","0","21","850","280","0","21","40","53","546","295","169","118","95","77",
"1400000US48201553601","Census Tract 5536.01; Harris County; Texas","1712","236","140","81","203","98","883","228","370","205","116","105","204","123","113","77","83","88","8","15","0","21","0","21","572","143","13","22","78","64","442","133","39","38","0","21","412","186","14","19","32","46","157","107","131","102","78","101","524","189","0","21","10","19","276","207","200","174","38","35",
"1400000US48201553602","Census Tract 5536.02; Harris County; Texas","1172","147","116","89","629","200","402","176","25","40","0","15","547","222","74","100","473","187","0","15","0","15","0","15","316","183","42","78","49","66","225","154","0","15","0","15","130","95","0","15","0","15","130","95","0","15","0","15","179","86","0","15","107","77","47","71","25","40","0","15",
"1400000US48201553700","Census Tract 5537; Harris County; Texas","1611","301","121","86","599","290","632","173","186","95","73","71","310","230","35","32","258","223","17","27","0","15","0","15","549","160","0","15","213","122","286","124","9","15","41","63","415","138","0","15","120","100","196","129","87","55","12","23","337","140","86","86","8","19","133","83","90","86","20","26",
"1400000US48201553801","Census Tract 5538.01; Harris County; Texas","905","83","9","18","208","97","449","95","183","86","56","42","155","74","0","15","126","67","9","16","20","27","0","15","340","78","0","15","35","42","238","75","54","43","13","22","88","51","0","15","9","17","65","48","0","15","14","22","322","71","9","18","38","54","137","44","109","50","29","29",
"1400000US48201553803","Census Tract 5538.03; Harris County; Texas","1492","174","12","22","375","166","648","162","321","134","136","95","291","152","12","22","252","153","27","24","0","15","0","15","322","120","0","15","16","21","247","106","59","46","0","15","313","165","0","15","39","68","249","131","25","25","0","15","566","157","0","15","68","75","125","90","237","126","136","95",
"1400000US48201553804","Census Tract 5538.04; Harris County; Texas","1963","239","126","104","647","281","959","241","207","120","24","31","361","147","43","64","210","126","79","109","29","47","0","21","471","174","52","74","162","122","205","127","52","51","0","21","621","287","0","21","214","193","407","209","0","21","0","21","510","157","31","46","61","63","268","142","126","107","24","31",
"1400000US48201553901","Census Tract 5539.01; Harris County; Texas","1970","349","69","65","501","159","744","183","224","106","432","353","401","111","50","52","277","99","67","58","7","11","0","21","523","157","0","21","134","129","350","117","39","34","0","21","357","176","0","21","74","75","214","134","69","78","0","21","689","359","19","29","16","24","113","71","109","62","432","353",
"1400000US48201554001","Census Tract 5540.01; Harris County; Texas","1294","115","139","104","432","138","455","133","197","79","71","41","364","130","87","83","215","112","62","40","0","15","0","15","401","114","52","65","38","27","263","103","29","26","19","32","111","74","0","15","13","20","46","49","52","47","0","15","418","94","0","15","166","106","84","59","116","84","52","20",
"1400000US48201554002","Census Tract 5540.02; Harris County; Texas","1533","249","34","30","253","91","628","127","463","208","155","72","177","80","0","15","168","83","9","15","0","15","0","15","452","104","17","18","20","23","333","96","71","45","11","18","493","220","0","15","18","19","145","70","282","206","48","48","411","100","17","26","47","27","141","58","110","64","96","58",
"1400000US48201554103","Census Tract 5541.03; Harris County; Texas","1847","149","77","90","363","138","1125","270","233","125","49","55","337","138","77","90","168","94","92","96","0","21","0","21","651","203","0","21","126","89","501","186","7","13","17","35","333","145","0","21","49","69","196","133","88","76","0","21","526","198","0","21","20","40","336","155","138","104","32","42",
"1400000US48201554104","Census Tract 5541.04; Harris County; Texas","1354","250","8","19","415","167","354","102","342","229","235","139","395","182","0","15","346","180","49","45","0","15","0","15","288","117","8","19","37","37","178","76","49","77","16","27","144","72","0","15","26","35","69","39","26","39","23","31","527","216","0","15","6","10","58","46","267","200","196","136",
"1400000US48201554201","Census Tract 5542.01; Harris County; Texas","2737","342","199","178","1104","334","1212","306","154","88","68","68","1059","358","64","78","865","310","115","109","15","23","0","21","714","239","135","161","82","74","419","227","44","43","34","44","328","211","0","21","49","52","248","201","31","38","0","21","636","226","0","21","108","116","430","200","64","57","34","51",
"1400000US48201554202","Census Tract 5542.02; Harris County; Texas","1242","149","136","113","375","148","523","140","203","93","5","13","420","150","136","113","224","110","24","32","36","57","0","15","318","110","0","15","51","49","252","101","15","18","0","15","276","120","0","15","56","80","180","91","40","53","0","15","228","53","0","15","44","44","67","51","112","50","5","13",
"1400000US48201554301","Census Tract 5543.01; Harris County; Texas","2814","381","0","21","649","177","1442","445","569","147","154","104","569","181","0","21","540","184","15","25","14","22","0","21","974","347","0","21","32","38","790","337","92","71","60","77","473","215","0","21","77","65","245","201","129","54","22","35","798","168","0","21","0","21","392","188","334","128","72","72",
"1400000US48201554302","Census Tract 5543.02; Harris County; Texas","1487","132","32","32","342","173","564","180","371","130","178","71","143","95","0","15","122","92","14","19","7","12","0","15","453","179","0","15","178","141","190","102","68","63","17","20","353","132","21","26","23","36","191","98","100","73","18","30","538","111","11","16","19","21","169","111","196","100","143","71",
"1400000US48201554404","Census Tract 5544.04; Harris County; Texas","1634","184","15","23","218","87","1117","214","230","96","54","45","179","98","0","15","111","57","55","69","13","21","0","15","595","148","0","15","77","52","450","138","68","58","0","15","361","135","15","23","12","20","263","123","57","54","14","22","499","150","0","15","18","31","349","161","92","62","40","42",
"1400000US48201554405","Census Tract 5544.05; Harris County; Texas","2667","566","48","55","216","126","1646","575","378","176","379","177","242","127","48","55","101","85","77","103","16","27","0","21","495","183","0","21","41","54","380","180","30","53","44","58","979","534","0","21","74","82","701","508","174","130","30","53","951","248","0","21","0","21","488","196","158","119","305","153",
"1400000US48201554406","Census Tract 5544.06; Harris County; Texas","1644","128","0","21","276","167","897","238","359","144","112","63","268","148","0","21","187","137","81","99","0","21","0","21","331","152","0","21","28","28","238","133","65","69","0","21","416","196","0","21","33","49","276","170","56","59","51","46","629","127","0","21","28","51","302","106","238","114","61","52",
"1400000US48201554407","Census Tract 5544.07; Harris County; Texas","2126","285","0","21","352","153","1278","353","270","156","226","121","189","119","0","21","165","112","24","38","0","21","0","21","805","310","0","21","100","72","653","302","0","21","52","56","524","169","0","21","0","21","307","132","163","120","54","76","608","167","0","21","87","79","294","174","107","102","120","82",
"1400000US48201554408","Census Tract 5544.08; Harris County; Texas","3041","304","21","39","783","270","1171","330","712","248","354","165","469","203","21","39","419","208","25","44","0","21","4","10","975","253","0","21","223","145","600","253","78","75","74","73","541","213","0","21","78","77","250","177","185","109","28","50","1056","267","0","21","63","84","296","151","449","231","248","152",
"1400000US48201554409","Census Tract 5544.09; Harris County; Texas","2471","479","0","21","468","510","1340","329","397","174","266","148","247","196","0","21","57","46","190","193","0","21","0","21","900","380","0","21","36","45","752","359","54","54","58","59","300","131","0","21","0","21","129","102","111","86","60","68","1024","536","0","21","375","498","269","91","232","142","148","106",
"1400000US48201554410","Census Tract 5544.10; Harris County; Texas","1578","277","25","31","340","124","903","293","221","104","89","72","341","254","0","15","126","76","215","257","0","15","0","15","454","124","17","27","52","69","368","130","17","27","0","15","292","134","8","15","55","72","141","82","88","76","0","15","491","107","0","15","107","76","179","91","116","75","89","72",
"1400000US48201554501","Census Tract 5545.01; Harris County; Texas","2305","225","15","25","264","133","1184","245","528","199","314","202","419","185","0","21","160","101","156","73","23","36","80","127","578","188","15","25","66","49","355","162","84","62","58","81","588","196","0","21","24","39","295","149","241","123","28","36","720","195","0","21","14","24","378","167","180","128","148","133",
"1400000US48201554502","Census Tract 5545.02; Harris County; Texas","2190","324","19","30","415","169","1257","332","478","156","21","29","300","150","0","21","217","131","83","87","0","21","0","21","932","342","19","30","179","136","637","312","90","81","7","13","448","143","0","21","0","21","218","137","230","113","0","21","510","138","0","21","19","33","319","102","158","102","14","25",
"1400000US48201554600","Census Tract 5546; Harris County; Texas","1471","229","7","12","128","56","929","220","279","88","128","70","179","97","7","12","51","33","94","89","27","42","0","15","607","187","0","15","64","40","490","183","44","30","9","14","223","84","0","15","13","21","103","70","94","53","13","22","462","154","0","15","0","15","242","129","114","63","106","63",
"1400000US48201554701","Census Tract 5547.01; Harris County; Texas","1235","246","0","15","812","255","289","118","81","39","53","41","450","166","0","15","440","166","10","17","0","15","0","15","245","215","0","15","161","208","75","46","0","15","9","15","236","120","0","15","58","50","169","108","9","15","0","15","304","119","0","15","153","121","35","27","72","35","44","37",
"1400000US48201554702","Census Tract 5547.02; Harris County; Texas","1610","157","0","15","366","99","632","126","450","168","162","91","299","101","0","15","244","81","18","20","37","59","0","15","540","133","0","15","89","57","333","117","72","53","46","38","319","109","0","15","23","25","110","63","150","91","36","43","452","170","0","15","10","15","171","103","191","147","80","68",
"1400000US48201554803","Census Tract 5548.03; Harris County; Texas","2890","656","0","21","941","483","920","224","461","248","568","529","927","498","0","21","747","484","10","15","170","194","0","21","543","230","0","21","77","62","393","191","61","89","12","21","394","198","0","21","60","72","275","167","44","58","15","20","1026","541","0","21","57","58","242","118","186","147","541","531",
"1400000US48201554804","Census Tract 5548.04; Harris County; Texas","1768","336","0","15","553","175","899","170","316","331","0","15","428","160","0","15","390","160","38","51","0","15","0","15","479","125","0","15","155","66","297","140","27","30","0","15","458","345","0","15","0","15","212","92","246","325","0","15","403","100","0","15","8","17","352","95","43","40","0","15",
"1400000US48201554805","Census Tract 5548.05; Harris County; Texas","2482","496","0","21","458","226","883","317","908","430","233","166","477","218","0","21","400","233","77","80","0","21","0","21","409","258","0","21","31","38","337","255","27","33","14","24","280","219","0","21","27","50","130","137","102","166","21","40","1316","308","0","21","0","21","339","133","779","381","198","153",
"1400000US48201554806","Census Tract 5548.06; Harris County; Texas","749","167","0","15","241","114","322","167","128","77","58","71","127","92","0","15","127","92","0","15","0","15","0","15","326","171","0","15","79","72","246","169","1","4","0","15","153","82","0","15","35","40","30","42","88","67","0","15","143","82","0","15","0","15","46","35","39","46","58","71",
"1400000US48201554807","Census Tract 5548.07; Harris County; Texas","2195","240","170","154","579","287","639","289","770","312","37","58","490","254","95","130","305","253","49","75","41","69","0","21","422","175","0","21","79","101","161","137","182","140","0","21","589","281","75","98","79","112","309","257","126","128","0","21","694","272","0","21","116","152","120","129","421","223","37","58",
"1400000US48201554808","Census Tract 5548.08; Harris County; Texas","1045","203","0","15","199","110","639","222","169","90","38","46","110","55","0","15","110","55","0","15","0","15","0","15","360","145","0","15","89","99","265","105","6","11","0","15","325","172","0","15","0","15","233","190","82","52","10","18","250","73","0","15","0","15","141","77","81","63","28","43",
"1400000US48201554809","Census Tract 5548.09; Harris County; Texas","3588","472","145","183","1077","329","1657","480","524","235","185","103","722","306","127","182","365","202","200","202","30","50","0","23","1099","327","18","33","556","317","404","157","85","95","36","45","708","404","0","23","15","30","556","395","116","116","21","64","1059","324","0","23","141","87","497","246","293","171","128","86",
"1400000US48201554902","Census Tract 5549.02; Harris County; Texas","4093","409","0","23","1398","395","1827","447","678","212","190","131","1157","385","0","23","854","331","167","154","111","154","25","40","1184","359","0","23","262","158","779","325","130","72","13","21","589","282","0","23","79","76","318","231","187","166","5","10","1163","254","0","23","203","190","563","271","250","138","147","120",
"1400000US48201554904","Census Tract 5549.04; Harris County; Texas","1266","207","0","15","289","123","667","238","268","120","42","64","100","59","0","15","100","59","0","15","0","15","0","15","334","228","0","15","44","44","257","219","33","51","0","15","396","202","0","15","93","104","205","129","98","74","0","15","436","145","0","15","52","60","205","121","137","117","42","64",
"1400000US48201554905","Census Tract 5549.05; Harris County; Texas","2579","343","79","120","337","162","1317","406","507","176","339","175","304","160","0","21","298","160","6","11","0","21","0","21","838","209","0","21","39","43","588","174","186","156","25","42","493","285","0","21","0","21","375","277","118","91","0","21","944","334","79","120","0","21","348","267","203","125","314","172",
"1400000US48201554906","Census Tract 5549.06; Harris County; Texas","1678","171","0","15","539","157","739","244","267","114","133","84","365","158","0","15","349","156","0","15","16","24","0","15","599","177","0","15","157","137","313","178","110","85","19","31","292","139","0","15","13","19","175","107","104","93","0","15","422","110","0","15","20","31","251","113","37","45","114","82",
"1400000US48201554907","Census Tract 5549.07; Harris County; Texas","1611","144","10","16","474","173","769","180","258","127","100","90","623","164","10","16","380","162","233","130","0","15","0","15","165","108","0","15","9","16","126","94","30","40","0","15","271","117","0","15","47","45","121","105","103","75","0","15","552","124","0","15","38","43","289","129","125","106","100","90",
"1400000US48201554908","Census Tract 5549.08; Harris County; Texas","2594","499","114","131","299","189","1554","598","197","121","430","223","188","124","40","65","43","49","105","106","0","21","0","21","946","423","0","21","207","173","709","420","30","40","0","21","765","428","74","112","6","17","628","463","57","64","0","21","695","232","0","21","43","62","112","105","110","92","430","223",
"1400000US48201555001","Census Tract 5550.01; Harris County; Texas","646","61","0","15","83","44","253","63","260","77","50","29","71","39","0","15","64","40","7","11","0","15","0","15","152","73","0","15","19","23","55","49","78","65","0","15","150","62","0","15","0","15","105","56","32","24","13","17","273","71","0","15","0","15","86","56","150","50","37","27",
"1400000US48201555002","Census Tract 5550.02; Harris County; Texas","1742","331","0","15","414","136","947","330","332","145","49","46","304","141","0","15","179","92","125","114","0","15","0","15","543","290","0","15","157","102","380","276","6","11","0","15","515","192","0","15","42","48","224","133","212","123","37","39","380","125","0","15","36","43","218","115","114","84","12","16",
"1400000US48201555101","Census Tract 5551.01; Harris County; Texas","2022","290","13","20","679","207","969","299","331","144","30","41","729","208","13","20","595","222","67","55","54","71","0","21","518","282","0","21","49","50","415","267","29","34","25","39","237","131","0","21","10","16","182","120","45","46","0","21","538","148","0","21","25","31","305","160","203","106","5","11",
"1400000US48201555102","Census Tract 5551.02; Harris County; Texas","2506","283","113","159","872","283","1059","299","317","245","145","79","780","282","113","159","625","253","42","50","0","21","0","21","660","249","0","21","93","115","495","208","72","75","0","21","383","286","0","21","19","30","286","281","78","60","0","21","683","298","0","21","135","216","236","99","167","195","145","79",
"1400000US48201555200","Census Tract 5552; Harris County; Texas","4026","417","41","54","1252","237","1821","449","671","308","241","159","999","366","13","21","755","214","214","279","17","28","0","23","922","256","28","49","179","123","599","235","116","90","0","23","866","327","0","23","199","140","508","270","159","91","0","23","1239","308","0","23","119","116","500","243","379","261","241","159",
"1400000US48201555301","Census Tract 5553.01; Harris County; Texas","1789","177","24","29","514","148","889","210","261","112","101","72","334","116","13","21","304","118","17","29","0","21","0","21","598","170","11","18","128","88","415","138","27","27","17","25","332","128","0","21","26","30","179","115","112","81","15","23","525","210","0","21","56","88","278","151","122","63","69","58",
"1400000US48201555303","Census Tract 5553.03; Harris County; Texas","5382","579","36","58","1144","425","3245","532","553","187","404","245","854","379","0","23","528","327","310","226","16","27","0","23","1802","356","0","23","470","230","1154","381","125","86","53","89","636","217","36","58","99","107","230","141","142","99","129","132","2090","392","0","23","47","61","1551","372","270","144","222","167",
"1400000US48201555304","Census Tract 5553.04; Harris County; Texas","3141","408","96","73","778","243","1332","348","550","331","385","208","596","218","96","73","313","191","187","113","0","21","0","21","806","253","0","21","235","120","461","218","91","72","19","34","590","261","0","21","175","196","218","133","197","99","0","21","1149","406","0","21","55","73","466","255","262","304","366","209",
"1400000US48201555305","Census Tract 5553.05; Harris County; Texas","3986","457","52","62","813","274","2384","599","518","215","219","164","610","255","17","26","505","234","88","145","0","23","0","23","1043","303","0","23","116","103","860","296","41","61","26","42","378","174","0","23","39","51","181","127","126","95","32","53","1955","532","35","57","153","136","1255","543","351","187","161","139",
"1400000US48201555401","Census Tract 5554.01; Harris County; Texas","1213","149","18","25","293","110","633","152","115","85","154","98","174","92","3","6","118","69","49","53","0","15","4","6","258","90","0","15","89","48","144","62","25","24","0","15","218","112","15","25","12","19","134","93","17","17","40","30","563","155","0","15","74","63","306","141","73","77","110","95",
"1400000US48201555403","Census Tract 5554.03; Harris County; Texas","1652","263","9","15","775","266","405","112","379","207","84","33","521","235","9","15","479","232","20","23","0","15","13","21","461","149","0","15","255","133","173","64","33","28","0","15","237","123","0","15","41","44","71","86","117","63","8","13","433","209","0","15","0","15","141","56","229","197","63","27",
"1400000US48201555404","Census Tract 5554.04; Harris County; Texas","1908","321","317","145","766","258","536","236","239","112","50","85","875","264","275","144","544","218","56","59","0","15","0","15","514","207","0","15","128","77","275","184","70","62","41","83","287","198","42","48","20","25","167","170","58","78","0","15","232","135","0","15","74","109","38","41","111","84","9","14",
"1400000US48201555501","Census Tract 5555.01; Harris County; Texas","2060","353","0","21","449","179","861","338","621","246","129","72","359","182","0","21","248","132","111","137","0","21","0","21","760","194","0","21","177","125","401","137","96","68","86","58","111","97","0","21","22","40","36","49","53","54","0","21","830","327","0","21","2","21","313","283","472","221","43","48",
"1400000US48201555503","Census Tract 5555.03; Harris County; Texas","4610","554","0","23","966","298","2731","655","551","267","362","217","789","319","0","23","567","270","222","145","0","23","0","23","939","332","0","23","79","94","763","336","97","96","0","23","1308","479","0","23","157","171","854","344","297","230","0","23","1574","527","0","23","163","134","892","523","157","126","362","217",
"1400000US48201555504","Census Tract 5555.04; Harris County; Texas","2822","538","5","19","908","252","1290","340","535","502","84","88","725","255","0","21","684","252","41","65","0","21","0","21","575","279","0","21","86","83","423","272","40","48","26","42","627","252","0","21","33","49","463","223","109","94","22","40","895","521","5","19","105","90","363","138","386","483","36","65",
"1400000US48201555505","Census Tract 5555.05; Harris County; Texas","3592","267","338","255","843","313","1537","390","487","235","387","235","704","263","338","255","238","195","98","135","20","37","10","17","658","249","0","23","228","147","383","236","40","56","7","61","754","297","0","23","102","115","448","246","189","154","15","31","1476","311","0","23","275","187","608","240","238","158","355","261",
"1400000US48201555600","Census Tract 5556; Harris County; Texas","2860","331","145","176","336","167","1272","254","688","292","419","145","99","103","0","21","24","31","75","103","0","21","0","21","920","178","18","31","161","113","531","158","160","86","50","54","664","241","127","172","64","64","222","145","160","112","91","72","1177","297","0","21","87","75","444","172","368","253","278","121",
"1400000US48201555701","Census Tract 5557.01; Harris County; Texas","3815","367","0","23","493","191","2263","495","743","207","316","176","447","223","0","23","196","118","251","172","0","23","0","23","1022","277","0","23","226","144","430","161","346","195","20","32","768","249","0","23","71","64","500","249","174","96","23","36","1578","466","0","23","0","23","1082","495","223","125","273","180",
"1400000US48201555703","Census Tract 5557.03; Harris County; Texas","2124","185","10","17","514","249","1073","238","362","127","165","119","196","138","0","21","165","125","20","36","11","19","0","21","855","225","10","17","204","137","542","212","99","80","0","21","326","130","0","21","12","22","119","94","175","103","20","33","747","274","0","21","133","194","392","139","77","59","145","115",
"1400000US48201555704","Census Tract 5557.04; Harris County; Texas","2388","275","0","21","368","204","1437","252","456","252","127","133","233","174","0","21","157","139","76","108","0","21","0","21","500","203","0","21","121","99","323","177","34","55","22","37","441","204","0","21","10","22","338","181","14","24","79","122","1214","268","0","21","80","90","700","261","408","255","26","34",
"1400000US48201556000","Census Tract 5560; Harris County; Texas","5280","655","151","191","1630","599","2373","494","878","271","248","146","1008","516","3","7","820","519","164","120","21","34","0","23","1607","436","37","51","361","186","1102","355","0","23","107","85","972","361","111","184","256","247","267","150","279","174","59","89","1693","424","0","23","193","167","840","366","578","221","82","79",
"1400000US48201556100","Census Tract 5561; Harris County; Texas","1233","130","0","15","263","99","635","130","240","120","95","54","224","72","0","15","159","75","65","45","0","15","0","15","435","128","0","15","79","57","282","96","74","97","0","15","201","91","0","15","0","15","138","78","48","42","15","21","373","93","0","15","25","33","150","67","118","63","80","49",
"1400000US48201980000","Census Tract 9800; Harris County; Texas","22","27","0","15","16","25","6","8","0","15","0","15","0","15","0","15","0","15","0","15","0","15","0","15","22","27","0","15","16","25","6","8","0","15","0","15","0","15","0","15","0","15","0","15","0","15","0","15","0","15","0","15","0","15","0","15","0","15","0","15",
"1400000US48201980100","Census Tract 9801; Harris County; Texas","0","15","0","15","0","15","0","15","0","15","0","15","0","15","0","15","0","15","0","15","0","15","0","15","0","15","0","15","0","15","0","15","0","15","0","15","0","15","0","15","0","15","0","15","0","15","0","15","0","15","0","15","0","15","0","15","0","15","0","15",
"1400000US48201980200","Census Tract 9802; Harris County; Texas","145","56","26","29","119","56","0","21","0","21","0","21","126","52","21","28","105","52","0","21","0","21","0","21","19","23","5","8","14","22","0","21","0","21","0","21","0","21","0","21","0","21","0","21","0","21","0","21","0","21","0","21","0","21","0","21","0","21","0","21",
"1400000US48201980300","Census Tract 9803; Harris County; Texas","5","7","0","15","0","15","5","7","0","15","0","15","0","15","0","15","0","15","0","15","0","15","0","15","0","15","0","15","0","15","0","15","0","15","0","15","0","15","0","15","0","15","0","15","0","15","0","15","5","7","0","15","0","15","5","7","0","15","0","15",
"1400000US48201980400","Census Tract 9804; Harris County; Texas","0","15","0","15","0","15","0","15","0","15","0","15","0","15","0","15","0","15","0","15","0","15","0","15","0","15","0","15","0","15","0","15","0","15","0","15","0","15","0","15","0","15","0","15","0","15","0","15","0","15","0","15","0","15","0","15","0","15","0","15",
"1400000US48201980700","Census Tract 9807; Harris County; Texas","1303","237","117","105","836","244","350","123","0","15","0","15","870","256","117","105","688","242","65","60","0","15","0","15","332","129","0","15","140","105","192","81","0","15","0","15","8","13","0","15","8","13","0","15","0","15","0","15","93","93","0","15","0","15","93","93","0","15","0","15",
